Customer_ID,Customer_Name,Customer_Type,City,State,Region,Industry
100000,Anchor Landmark Enterprises,Industrial,Denver,Colorado,West,Technology
100001,Vanguard Valley Contractors,Institutional,Albany,New York,Northeast,Education
100002,Anchor Valley Systems,Commercial,Dallas,Texas,South,Education
100003,Premier Capital Manufacturing,Institutional,Indianapolis,Indiana,Midwest,Logistics
100004,Union Summit Retail Partners,Retail Chain,Albany,New York,Northeast,Education
100005,Silverline Elite Partners,Retail Chain,Detroit,Michigan,Midwest,Technology
100006,Pioneer Prime Logistics,Commercial,Minneapolis,Minnesota,Midwest,Construction
100007,Redwood Valley Construction Group,Government,Tucson,Arizona,West,Healthcare
100008,Patriot Elite Medical Supply,Government,Chicago,Illinois,Midwest,Technology
100009,Northwest Signature Construction Group,Industrial,Chicago,Illinois,Midwest,Education
100010,Silverline Allied Medical Supply,Industrial,Newark,New Jersey,Northeast,Technology
100011,Pioneer Elite Hospitality Services,Commercial,Detroit,Michigan,Midwest,Automotive
100012,Sterling Harbor Partners,Commercial,Indianapolis,Indiana,Midwest,Retail
100013,Liberty Legacy Medical Supply,Industrial,Nashville,Tennessee,South,Manufacturing
100014,Cascade Capital Logistics,Institutional,Houston,Texas,South,Technology
100015,Union Crossroads Industries,Retail Chain,San Antonio,Texas,South,Healthcare
100016,Superior Industrial Systems,Retail Chain,Milwaukee,Wisconsin,Midwest,Retail
100017,Silverline Crossroads Supply Co.,Government,Orlando,Florida,South,Retail
100018,Union Central Industrial Systems,Retail Chain,Columbus,Ohio,Midwest,Retail
100019,Pioneer Trusted Industries,Institutional,Orlando,Florida,South,Healthcare
100020,Bluepoint Supply Co.,Retail Chain,Raleigh,North Carolina,South,Retail
100021,Sterling Crossroads Distribution,Retail Chain,Seattle,Washington,West,Logistics
100022,Heritage National Supply Co.,Retail Chain,Dallas,Texas,South,Logistics
100023,Redwood National Group,Commercial,Minneapolis,Minnesota,Midwest,Food Service
100024,Northgate Allied Corp.,Commercial,Nashville,Tennessee,South,Food Service
100025,Pioneer Allied Solutions,Commercial,Dallas,Texas,South,Manufacturing
100026,Cascade First Distribution,Commercial,Houston,Texas,South,Technology
100027,Sterling Landmark Group,Institutional,Salt Lake City,Utah,West,Healthcare
100028,Coastal National Contractors,Government,Tucson,Arizona,West,Food Service
100029,Oakridge Valley Systems,Government,Charlotte,North Carolina,South,Education
100030,Silverline Valley Distribution,Industrial,Charlotte,North Carolina,South,Healthcare
100031,Premier United Industries,Commercial,Chicago,Illinois,Midwest,Automotive
100032,Horizon Harbor Distribution,Institutional,Philadelphia,Pennsylvania,Northeast,Automotive
100033,Vanguard United Industrial Systems,Government,Baltimore,Maryland,Northeast,Logistics
100034,Northgate Regional Industrial Systems,Institutional,Cleveland,Ohio,Midwest,Technology
100035,Maple Capital Construction Group,Retail Chain,Albany,New York,Northeast,Retail
100036,Granite First Medical Supply,Commercial,Raleigh,North Carolina,South,Food Service
100037,Anchor Regional Solutions,Retail Chain,Salt Lake City,Utah,West,Hospitality
100038,Granite Metro Manufacturing,Government,Nashville,Tennessee,South,Retail
100039,Crestview Landmark Hospitality Services,Institutional,Pittsburgh,Pennsylvania,Northeast,Technology
100040,Apex United Medical Supply,Retail Chain,Seattle,Washington,West,Healthcare
100041,Redwood Legacy Industries,Government,Sacramento,California,West,Logistics
100042,Continental Central Systems,Government,Salt Lake City,Utah,West,Logistics
100043,Fairmont National Facilities Group,Retail Chain,Sacramento,California,West,Manufacturing
100044,Fairmont Crossroads Facilities Group,Commercial,Milwaukee,Wisconsin,Midwest,Healthcare
100045,Maple National Medical Supply,Government,Detroit,Michigan,Midwest,Construction
100046,Continental National Enterprises,Retail Chain,Boston,Massachusetts,Northeast,Hospitality
100047,Continental Medical Supply,Retail Chain,Milwaukee,Wisconsin,Midwest,Automotive
100048,National Capital Enterprises,Institutional,Minneapolis,Minnesota,Midwest,Education
100049,Vanguard Crossroads Construction Group,Commercial,Nashville,Tennessee,South,Healthcare
100050,Horizon Industrial Systems,Industrial,Detroit,Michigan,Midwest,Manufacturing
100051,Allied National Systems,Industrial,Phoenix,Arizona,West,Construction
100052,Crestview United Medical Supply,Institutional,Charlotte,North Carolina,South,Retail
100053,Allied Prime Solutions,Institutional,Minneapolis,Minnesota,Midwest,Automotive
100054,Oakridge Elite Construction Group,Institutional,Milwaukee,Wisconsin,Midwest,Education
100055,Lakeside Capital Industrial Systems,Retail Chain,Detroit,Michigan,Midwest,Education
100056,Evergreen Central Corp.,Industrial,San Antonio,Texas,South,Healthcare
100057,Northgate Elite Manufacturing,Government,Minneapolis,Minnesota,Midwest,Automotive
100058,Patriot Signature Corp.,Institutional,Nashville,Tennessee,South,Logistics
100059,Granite Crossroads Logistics,Institutional,Pittsburgh,Pennsylvania,Northeast,Hospitality
100060,Cascade Capital Corp.,Retail Chain,Atlanta,Georgia,South,Technology
100061,Pioneer Harbor Manufacturing,Institutional,Portland,Oregon,West,Technology
100062,Sterling Allied Hospitality Services,Commercial,Columbus,Ohio,Midwest,Healthcare
100063,National Metro Medical Supply,Commercial,Philadelphia,Pennsylvania,Northeast,Technology
100064,Northgate First Facilities Group,Institutional,Newark,New Jersey,Northeast,Education
100065,Westbrook Harbor Manufacturing,Commercial,Indianapolis,Indiana,Midwest,Manufacturing
100066,Pinnacle United Group,Retail Chain,Minneapolis,Minnesota,Midwest,Hospitality
100067,Patriot Harbor Contractors,Retail Chain,Nashville,Tennessee,South,Hospitality
100068,Summitline Reliable Partners,Government,Minneapolis,Minnesota,Midwest,Construction
100069,Pioneer Prime Solutions,Government,Albany,New York,Northeast,Logistics
100070,Horizon Regional Enterprises,Commercial,Dallas,Texas,South,Logistics
100071,Lonestar Central Enterprises,Industrial,Indianapolis,Indiana,Midwest,Education
100072,Northwest Capital Partners,Retail Chain,Baltimore,Maryland,Northeast,Hospitality
100073,Riverside Reliable Corp.,Retail Chain,Denver,Colorado,West,Education
100074,Cascade National Partners,Government,Pittsburgh,Pennsylvania,Northeast,Healthcare
100075,Northgate Reliable Retail Partners,Industrial,Boston,Massachusetts,Northeast,Manufacturing
100076,National Crossroads Services,Commercial,Baltimore,Maryland,Northeast,Healthcare
100077,Lonestar Crossroads Hospitality Services,Institutional,Denver,Colorado,West,Healthcare
100078,Pinnacle Elite Logistics,Government,Detroit,Michigan,Midwest,Retail
100079,Fairmont National Corp.,Institutional,Newark,New Jersey,Northeast,Automotive
100080,Continental Landmark Enterprises,Retail Chain,Orlando,Florida,South,Technology
100081,Pinnacle Harbor Contractors,Government,Seattle,Washington,West,Technology
100082,Bluepoint Valley Retail Partners,Government,Newark,New Jersey,Northeast,Construction
100083,Allied Harbor Hospitality Services,Institutional,Houston,Texas,South,Automotive
100084,Granite Reliable Corp.,Government,Seattle,Washington,West,Hospitality
100085,Summitline Reliable Holdings,Institutional,Seattle,Washington,West,Hospitality
100086,Horizon Prime Manufacturing,Institutional,Portland,Oregon,West,Healthcare
100087,Sterling United Construction Group,Government,Milwaukee,Wisconsin,Midwest,Food Service
100088,Silverline Prime Corp.,Retail Chain,Baltimore,Maryland,Northeast,Retail
100089,Patriot Reliable Industries,Government,Milwaukee,Wisconsin,Midwest,Construction
100090,Premier Central Hospitality Services,Institutional,Chicago,Illinois,Midwest,Education
100091,Redwood United Industrial Systems,Retail Chain,Phoenix,Arizona,West,Manufacturing
100092,Fairmont First Holdings,Institutional,Albany,New York,Northeast,Technology
100093,Bluepoint Capital Contractors,Government,Philadelphia,Pennsylvania,Northeast,Education
100094,Silverline Reliable Distribution,Industrial,Dallas,Texas,South,Manufacturing
100095,Crestview Regional Facilities Group,Retail Chain,Milwaukee,Wisconsin,Midwest,Hospitality
100096,Lakeside Legacy Distribution,Institutional,Baltimore,Maryland,Northeast,Retail
100097,Redwood Reliable Manufacturing,Government,Columbus,Ohio,Midwest,Construction
100098,Cascade United Logistics,Retail Chain,Baltimore,Maryland,Northeast,Technology
100099,Lonestar Legacy Industries,Institutional,Indianapolis,Indiana,Midwest,Logistics
100100,Keystone Capital Partners,Retail Chain,Boston,Massachusetts,Northeast,Manufacturing
100101,Riverside Landmark Medical Supply,Institutional,Tucson,Arizona,West,Automotive
100102,Lakeside Capital Facilities Group,Government,Indianapolis,Indiana,Midwest,Food Service
100103,Pioneer Harbor Facilities Group,Government,Indianapolis,Indiana,Midwest,Logistics
100104,Sterling Legacy Medical Supply,Industrial,Atlanta,Georgia,South,Food Service
100105,Maple Landmark Construction Group,Industrial,Albany,New York,Northeast,Hospitality
100106,Pioneer Allied Contractors,Industrial,Denver,Colorado,West,Manufacturing
100107,Pioneer Central Holdings,Government,Minneapolis,Minnesota,Midwest,Healthcare
100108,Pinnacle Valley Logistics,Commercial,Pittsburgh,Pennsylvania,Northeast,Manufacturing
100109,Sterling Harbor Services,Institutional,Indianapolis,Indiana,Midwest,Logistics
100110,Oakridge Signature Group,Commercial,Cleveland,Ohio,Midwest,Manufacturing
100111,Fairmont Landmark Distribution,Government,Milwaukee,Wisconsin,Midwest,Logistics
100112,Redwood Reliable Distribution,Commercial,Albany,New York,Northeast,Education
100113,Bluepoint Elite Medical Supply,Government,Minneapolis,Minnesota,Midwest,Retail
100114,Crestview Regional Logistics,Government,Cleveland,Ohio,Midwest,Manufacturing
100115,Sterling United Group,Government,Sacramento,California,West,Manufacturing
100116,Premier Allied Group,Government,Orlando,Florida,South,Logistics
100117,Keystone Legacy Industrial Systems,Government,Minneapolis,Minnesota,Midwest,Healthcare
100118,Pioneer Capital Distribution,Industrial,Portland,Oregon,West,Automotive
100119,Apex Central Distribution,Industrial,Chicago,Illinois,Midwest,Technology
100120,Continental Legacy Hospitality Services,Industrial,Charlotte,North Carolina,South,Manufacturing
100121,Summit Central Retail Partners,Government,Charlotte,North Carolina,South,Logistics
100122,Summitline Elite Medical Supply,Commercial,Baltimore,Maryland,Northeast,Logistics
100123,Maple Elite Manufacturing,Retail Chain,Minneapolis,Minnesota,Midwest,Healthcare
100124,Allied First Corp.,Government,Philadelphia,Pennsylvania,Northeast,Retail
100125,Vanguard Regional Facilities Group,Government,Pittsburgh,Pennsylvania,Northeast,Retail
100126,Evergreen Regional Industrial Systems,Industrial,Tucson,Arizona,West,Automotive
100127,Horizon Landmark Systems,Industrial,Denver,Colorado,West,Manufacturing
100128,Anchor Capital Distribution,Industrial,Dallas,Texas,South,Food Service
100129,Trailhead Harbor Medical Supply,Institutional,Sacramento,California,West,Manufacturing
100130,Trailhead National Industrial Systems,Industrial,Denver,Colorado,West,Hospitality
100131,Maple Regional Construction Group,Retail Chain,Minneapolis,Minnesota,Midwest,Hospitality
100132,Trailhead Landmark Hospitality Services,Retail Chain,Cleveland,Ohio,Midwest,Education
100133,Horizon Summit Contractors,Institutional,Phoenix,Arizona,West,Automotive
100134,Horizon Allied Construction Group,Government,Houston,Texas,South,Food Service
100135,Patriot Central Services,Retail Chain,Columbus,Ohio,Midwest,Healthcare
100136,Heritage Summit Medical Supply,Industrial,Denver,Colorado,West,Technology
100137,Northwest Trusted Partners,Government,Sacramento,California,West,Logistics
100138,Patriot Legacy Holdings,Government,Indianapolis,Indiana,Midwest,Food Service
100139,Granite United Systems,Industrial,Seattle,Washington,West,Education
100140,Lakeside Reliable Industrial Systems,Industrial,Phoenix,Arizona,West,Construction
100141,Redwood National Hospitality Services,Retail Chain,Portland,Oregon,West,Food Service
100142,Granite Regional Supply Co.,Institutional,Indianapolis,Indiana,Midwest,Logistics
100143,Redwood Trusted Medical Supply,Commercial,Minneapolis,Minnesota,Midwest,Education
100144,Northwest Harbor Retail Partners,Industrial,Orlando,Florida,South,Technology
100145,National Metro Corp.,Government,Orlando,Florida,South,Technology
100146,Superior Allied Enterprises,Commercial,Baltimore,Maryland,Northeast,Education
100147,Vanguard Metro Industrial Systems,Retail Chain,Columbus,Ohio,Midwest,Logistics
100148,Granite Valley Retail Partners,Retail Chain,Kansas City,Missouri,Midwest,Healthcare
100149,Summit Allied Supply Co.,Government,Raleigh,North Carolina,South,Healthcare
100150,Cascade United Solutions,Retail Chain,Denver,Colorado,West,Technology
100151,National Valley Solutions,Industrial,Raleigh,North Carolina,South,Retail
100152,Patriot Logistics,Government,Charlotte,North Carolina,South,Hospitality
100153,Summitline Harbor Manufacturing,Institutional,Newark,New Jersey,Northeast,Food Service
100154,Heritage First Corp.,Government,Milwaukee,Wisconsin,Midwest,Manufacturing
100155,Trailhead Valley Manufacturing,Industrial,Sacramento,California,West,Manufacturing
100156,Allied Crossroads Solutions,Institutional,San Antonio,Texas,South,Technology
100157,Allied National Enterprises,Retail Chain,Charlotte,North Carolina,South,Education
100158,Allied Valley Industrial Systems,Retail Chain,Houston,Texas,South,Retail
100159,Sterling Prime Facilities Group,Retail Chain,Denver,Colorado,West,Education
100160,Fairmont First Industrial Systems,Government,Denver,Colorado,West,Automotive
100161,Summit United Contractors,Retail Chain,Atlanta,Georgia,South,Technology
100162,Evergreen Landmark Distribution,Institutional,Sacramento,California,West,Healthcare
100163,Maple Partners,Industrial,Baltimore,Maryland,Northeast,Healthcare
100164,Bluepoint Reliable Hospitality Services,Government,Atlanta,Georgia,South,Logistics
100165,Northwest Capital Distribution,Government,Milwaukee,Wisconsin,Midwest,Technology
100166,Oakridge Reliable Retail Partners,Industrial,Detroit,Michigan,Midwest,Education
100167,Pinnacle United Industrial Systems,Institutional,Cleveland,Ohio,Midwest,Hospitality
100168,Northwest Allied Contractors,Commercial,Houston,Texas,South,Technology
100169,Allied Valley Industries,Institutional,Chicago,Illinois,Midwest,Technology
100170,Pioneer Metro Logistics,Commercial,Baltimore,Maryland,Northeast,Retail
100171,Northwest Landmark Construction Group,Institutional,Los Angeles,California,West,Food Service
100172,Premier Central Medical Supply,Commercial,Cleveland,Ohio,Midwest,Healthcare
100173,Ironclad United Industrial Systems,Commercial,Sacramento,California,West,Technology
100174,Heritage Harbor Hospitality Services,Government,Indianapolis,Indiana,Midwest,Food Service
100175,Riverside United Group,Institutional,Detroit,Michigan,Midwest,Education
100176,Crestview Legacy Manufacturing,Institutional,Phoenix,Arizona,West,Construction
100177,Fairmont Signature Facilities Group,Institutional,Kansas City,Missouri,Midwest,Manufacturing
100178,Crestview Legacy Holdings,Industrial,San Antonio,Texas,South,Manufacturing
100179,Heritage Reliable Systems,Institutional,Minneapolis,Minnesota,Midwest,Education
100180,Fairmont Central Industries,Retail Chain,Boston,Massachusetts,Northeast,Logistics
100181,Oakridge Harbor Holdings,Commercial,San Antonio,Texas,South,Automotive
100182,Silverline Prime Logistics,Industrial,Newark,New Jersey,Northeast,Construction
100183,Union Trusted Contractors,Industrial,Sacramento,California,West,Healthcare
100184,Pioneer National Industrial Systems,Government,Chicago,Illinois,Midwest,Construction
100185,Bluepoint Regional Industrial Systems,Government,Orlando,Florida,South,Food Service
100186,Cascade Capital Holdings,Retail Chain,Baltimore,Maryland,Northeast,Food Service
100187,Cascade Reliable Medical Supply,Institutional,Nashville,Tennessee,South,Education
100188,Pinnacle United Partners,Institutional,Orlando,Florida,South,Automotive
100189,Continental Valley Industries,Industrial,Phoenix,Arizona,West,Food Service
100190,Cascade Capital Group,Commercial,Chicago,Illinois,Midwest,Retail
100191,Riverside Prime Contractors,Industrial,Chicago,Illinois,Midwest,Manufacturing
100192,Apex Regional Supply Co.,Industrial,Tucson,Arizona,West,Healthcare
100193,Keystone Landmark Logistics,Retail Chain,Kansas City,Missouri,Midwest,Retail
100194,Apex Metro Enterprises,Commercial,Pittsburgh,Pennsylvania,Northeast,Technology
100195,Anchor Allied Retail Partners,Institutional,Albany,New York,Northeast,Retail
100196,Apex Landmark Supply Co.,Industrial,Kansas City,Missouri,Midwest,Logistics
100197,Premier Trusted Partners,Institutional,San Antonio,Texas,South,Manufacturing
100198,Summitline Regional Solutions,Retail Chain,Kansas City,Missouri,Midwest,Healthcare
100199,Riverside Elite Retail Partners,Industrial,Raleigh,North Carolina,South,Healthcare
100200,Meridian Landmark Industries,Retail Chain,Orlando,Florida,South,Retail
100201,Westbrook Capital Contractors,Commercial,Albany,New York,Northeast,Food Service
100202,Cascade Summit Group,Retail Chain,Tucson,Arizona,West,Healthcare
100203,Trailhead Legacy Hospitality Services,Retail Chain,Seattle,Washington,West,Food Service
100204,Ironclad Harbor Manufacturing,Industrial,Atlanta,Georgia,South,Healthcare
100205,Premier Signature Logistics,Industrial,Albany,New York,Northeast,Automotive
100206,Ironclad United Group,Institutional,Raleigh,North Carolina,South,Retail
100207,Vanguard Crossroads Services,Institutional,Baltimore,Maryland,Northeast,Construction
100208,Westbrook Signature Enterprises,Commercial,Indianapolis,Indiana,Midwest,Logistics
100209,Coastal First Solutions,Commercial,Phoenix,Arizona,West,Logistics
100210,National Crossroads Industrial Systems,Institutional,Chicago,Illinois,Midwest,Food Service
100211,Anchor Metro Retail Partners,Commercial,San Antonio,Texas,South,Automotive
100212,Trailhead United Corp.,Retail Chain,Minneapolis,Minnesota,Midwest,Construction
100213,Heritage Elite Hospitality Services,Institutional,Philadelphia,Pennsylvania,Northeast,Logistics
100214,Patriot Reliable Retail Partners,Government,Kansas City,Missouri,Midwest,Technology
100215,Vanguard First Manufacturing,Industrial,Indianapolis,Indiana,Midwest,Logistics
100216,Maple Legacy Solutions,Retail Chain,Kansas City,Missouri,Midwest,Healthcare
100217,Lonestar Trusted Partners,Commercial,Cleveland,Ohio,Midwest,Healthcare
100218,Summitline Summit Logistics,Institutional,Newark,New Jersey,Northeast,Food Service
100219,Continental Reliable Industrial Systems,Government,Boston,Massachusetts,Northeast,Retail
100220,Anchor Trusted Contractors,Commercial,Pittsburgh,Pennsylvania,Northeast,Education
100221,Silverline Harbor Partners,Institutional,Raleigh,North Carolina,South,Manufacturing
100222,Anchor Elite Systems,Institutional,Columbus,Ohio,Midwest,Logistics
100223,National Prime Holdings,Retail Chain,Atlanta,Georgia,South,Automotive
100224,Oakridge Trusted Systems,Institutional,Chicago,Illinois,Midwest,Manufacturing
100225,Superior Landmark Services,Retail Chain,Newark,New Jersey,Northeast,Hospitality
100226,Lonestar Landmark Corp.,Institutional,Raleigh,North Carolina,South,Hospitality
100227,Anchor Legacy Medical Supply,Industrial,Portland,Oregon,West,Automotive
100228,Crestview Signature Hospitality Services,Retail Chain,Detroit,Michigan,Midwest,Retail
100229,Trailhead Harbor Industries,Government,Pittsburgh,Pennsylvania,Northeast,Retail
100230,National Legacy Group,Institutional,Sacramento,California,West,Construction
100231,Bluepoint Legacy Partners,Commercial,Kansas City,Missouri,Midwest,Hospitality
100232,Fairmont Harbor Manufacturing,Institutional,Sacramento,California,West,Healthcare
100233,Oakridge Signature Manufacturing,Industrial,Boston,Massachusetts,Northeast,Construction
100234,Premier Regional Solutions,Retail Chain,Columbus,Ohio,Midwest,Manufacturing
100235,Oakridge Legacy Holdings,Institutional,Kansas City,Missouri,Midwest,Manufacturing
100236,Patriot Industrial Systems,Institutional,Los Angeles,California,West,Hospitality
100237,Liberty Crossroads Hospitality Services,Industrial,San Antonio,Texas,South,Manufacturing
100238,Patriot Landmark Partners,Industrial,Kansas City,Missouri,Midwest,Manufacturing
100239,Westbrook Summit Holdings,Institutional,Salt Lake City,Utah,West,Food Service
100240,Allied Central Corp.,Retail Chain,Baltimore,Maryland,Northeast,Hospitality
100241,Frontier Metro Supply Co.,Industrial,Detroit,Michigan,Midwest,Manufacturing
100242,Summitline United Supply Co.,Commercial,Tucson,Arizona,West,Manufacturing
100243,Meridian Construction Group,Government,Salt Lake City,Utah,West,Logistics
100244,Ironclad Legacy Partners,Institutional,Albany,New York,Northeast,Technology
100245,Summit Capital Supply Co.,Government,Houston,Texas,South,Construction
100246,Horizon Landmark Partners,Retail Chain,Charlotte,North Carolina,South,Food Service
100247,Riverside Harbor Services,Commercial,Milwaukee,Wisconsin,Midwest,Food Service
100248,Summit First Hospitality Services,Retail Chain,Portland,Oregon,West,Healthcare
100249,Northwest Prime Manufacturing,Industrial,Phoenix,Arizona,West,Logistics
100250,Cascade Crossroads Construction Group,Government,Seattle,Washington,West,Hospitality
100251,Superior Trusted Construction Group,Retail Chain,Houston,Texas,South,Hospitality
100252,Riverside Summit Group,Retail Chain,Albany,New York,Northeast,Technology
100253,Crestview Allied Construction Group,Industrial,Houston,Texas,South,Healthcare
100254,Fairmont Metro Supply Co.,Institutional,Orlando,Florida,South,Logistics
100255,Silverline First Enterprises,Retail Chain,Tucson,Arizona,West,Healthcare
100256,Vanguard Allied Hospitality Services,Commercial,Orlando,Florida,South,Technology
100257,Meridian Central Holdings,Commercial,Minneapolis,Minnesota,Midwest,Hospitality
100258,Crestview First Systems,Retail Chain,Albany,New York,Northeast,Hospitality
100259,Bluepoint Landmark Enterprises,Institutional,Philadelphia,Pennsylvania,Northeast,Retail
100260,Riverside Trusted Enterprises,Commercial,Denver,Colorado,West,Retail
100261,Sterling Landmark Enterprises,Retail Chain,Chicago,Illinois,Midwest,Construction
100262,Bluepoint United Enterprises,Government,Baltimore,Maryland,Northeast,Retail
100263,Premier Metro Corp.,Commercial,Dallas,Texas,South,Retail
100264,Silverline Legacy Industrial Systems,Commercial,Atlanta,Georgia,South,Education
100265,Union Central Services,Industrial,Nashville,Tennessee,South,Logistics
100266,Patriot Valley Group,Industrial,Baltimore,Maryland,Northeast,Automotive
100267,Frontier Crossroads Enterprises,Government,Indianapolis,Indiana,Midwest,Food Service
100268,Premier Summit Industrial Systems,Government,Milwaukee,Wisconsin,Midwest,Healthcare
100269,Silverline Crossroads Enterprises,Retail Chain,Phoenix,Arizona,West,Construction
100270,Fairmont Signature Systems,Institutional,Philadelphia,Pennsylvania,Northeast,Construction
100271,Lakeside Elite Construction Group,Commercial,Boston,Massachusetts,Northeast,Food Service
100272,Maple Regional Holdings,Commercial,Orlando,Florida,South,Hospitality
100273,Trailhead Elite Holdings,Retail Chain,Los Angeles,California,West,Retail
100274,Meridian Crossroads Supply Co.,Industrial,San Antonio,Texas,South,Hospitality
100275,Liberty Elite Holdings,Retail Chain,Phoenix,Arizona,West,Construction
100276,National Crossroads Holdings,Institutional,Indianapolis,Indiana,Midwest,Education
100277,Horizon Capital Holdings,Institutional,Raleigh,North Carolina,South,Retail
100278,Keystone Regional Retail Partners,Institutional,Nashville,Tennessee,South,Food Service
100279,Sterling Logistics,Institutional,Phoenix,Arizona,West,Retail
100280,Evergreen Prime Medical Supply,Industrial,Indianapolis,Indiana,Midwest,Retail
100281,Superior Signature Industrial Systems,Commercial,Detroit,Michigan,Midwest,Food Service
100282,Heritage First Group,Industrial,Albany,New York,Northeast,Food Service
100283,Lonestar National Industrial Systems,Institutional,Nashville,Tennessee,South,Education
100284,Apex Capital Holdings,Institutional,Cleveland,Ohio,Midwest,Logistics
100285,Fairmont Allied Medical Supply,Industrial,Boston,Massachusetts,Northeast,Construction
100286,Crestview Elite Contractors,Industrial,Boston,Massachusetts,Northeast,Technology
100287,Westbrook Central Industries,Commercial,Dallas,Texas,South,Food Service
100288,Ironclad Reliable Supply Co.,Retail Chain,Detroit,Michigan,Midwest,Retail
100289,Anchor Harbor Solutions,Commercial,Nashville,Tennessee,South,Education
100290,Northgate Elite Industrial Systems,Retail Chain,Milwaukee,Wisconsin,Midwest,Automotive
100291,Crestview National Retail Partners,Retail Chain,Charlotte,North Carolina,South,Healthcare
100292,Superior Reliable Partners,Retail Chain,Los Angeles,California,West,Logistics
100293,Keystone Valley Construction Group,Institutional,Orlando,Florida,South,Automotive
100294,Summit Reliable Construction Group,Commercial,Phoenix,Arizona,West,Food Service
100295,Frontier Trusted Enterprises,Industrial,Nashville,Tennessee,South,Automotive
100296,Patriot Retail Partners,Government,Cleveland,Ohio,Midwest,Healthcare
100297,Evergreen Metro Group,Retail Chain,Orlando,Florida,South,Food Service
100298,Bluepoint Harbor Industrial Systems,Government,Pittsburgh,Pennsylvania,Northeast,Logistics
100299,Heritage Valley Industries,Institutional,Newark,New Jersey,Northeast,Automotive
100300,National Elite Supply Co.,Industrial,Minneapolis,Minnesota,Midwest,Food Service
100301,Coastal Crossroads Enterprises,Institutional,Pittsburgh,Pennsylvania,Northeast,Technology
100302,Silverline Signature Industries,Commercial,Baltimore,Maryland,Northeast,Automotive
100303,Vanguard Regional Distribution,Retail Chain,Atlanta,Georgia,South,Automotive
100304,Patriot Elite Corp.,Commercial,Salt Lake City,Utah,West,Healthcare
100305,Liberty Harbor Group,Institutional,Charlotte,North Carolina,South,Education
100306,Trailhead National Manufacturing,Government,Tucson,Arizona,West,Automotive
100307,Crestview Signature Facilities Group,Government,Tucson,Arizona,West,Construction
100308,Meridian Valley Contractors,Industrial,Nashville,Tennessee,South,Food Service
100309,Liberty Legacy Hospitality Services,Industrial,Atlanta,Georgia,South,Retail
100310,Meridian Industries,Government,Portland,Oregon,West,Logistics
100311,Cascade Landmark Medical Supply,Industrial,Milwaukee,Wisconsin,Midwest,Automotive
100312,Patriot First Medical Supply,Government,Los Angeles,California,West,Automotive
100313,Summit Corp.,Institutional,Salt Lake City,Utah,West,Healthcare
100314,Summitline Metro Services,Commercial,Milwaukee,Wisconsin,Midwest,Technology
100315,Union Summit Group,Retail Chain,Raleigh,North Carolina,South,Logistics
100316,Meridian Reliable Retail Partners,Government,Cleveland,Ohio,Midwest,Construction
100317,Heritage Summit Group,Commercial,San Antonio,Texas,South,Education
100318,Fairmont Logistics,Retail Chain,Columbus,Ohio,Midwest,Manufacturing
100319,Cascade Metro Partners,Institutional,Seattle,Washington,West,Construction
100320,Granite Group,Institutional,Columbus,Ohio,Midwest,Education
100321,Silverline Harbor Enterprises,Commercial,Philadelphia,Pennsylvania,Northeast,Retail
100322,Northwest Prime Partners,Institutional,Dallas,Texas,South,Technology
100323,Ironclad Landmark Industries,Commercial,Indianapolis,Indiana,Midwest,Manufacturing
100324,Fairmont Harbor Construction Group,Industrial,Albany,New York,Northeast,Hospitality
100325,Trailhead Capital Logistics,Commercial,Houston,Texas,South,Technology
100326,Coastal Signature Logistics,Retail Chain,Houston,Texas,South,Healthcare
100327,Evergreen Elite Logistics,Government,Indianapolis,Indiana,Midwest,Food Service
100328,Oakridge Trusted Partners,Industrial,Seattle,Washington,West,Technology
100329,Allied Central Construction Group,Commercial,Indianapolis,Indiana,Midwest,Technology
100330,Fairmont Landmark Contractors,Government,Atlanta,Georgia,South,Hospitality
100331,Granite Elite Medical Supply,Government,Pittsburgh,Pennsylvania,Northeast,Logistics
100332,Granite Legacy Partners,Institutional,Nashville,Tennessee,South,Healthcare
100333,Northgate Metro Holdings,Retail Chain,Seattle,Washington,West,Automotive
100334,Silverline Regional Industries,Industrial,Tucson,Arizona,West,Education
100335,Vanguard First Services,Industrial,Chicago,Illinois,Midwest,Food Service
100336,Pinnacle Trusted Solutions,Commercial,Detroit,Michigan,Midwest,Technology
100337,Bluepoint Central Industrial Systems,Commercial,Portland,Oregon,West,Logistics
100338,Horizon Valley Medical Supply,Retail Chain,Cleveland,Ohio,Midwest,Construction
100339,Ironclad Regional Corp.,Retail Chain,Indianapolis,Indiana,Midwest,Technology
100340,Keystone Capital Group,Government,Raleigh,North Carolina,South,Logistics
100341,Northwest Valley Supply Co.,Commercial,Phoenix,Arizona,West,Retail
100342,Patriot Landmark Manufacturing,Retail Chain,Columbus,Ohio,Midwest,Retail
100343,Horizon Distribution,Retail Chain,Nashville,Tennessee,South,Retail
100344,Silverline Prime Industries,Commercial,Raleigh,North Carolina,South,Hospitality
100345,Anchor Valley Services,Institutional,Phoenix,Arizona,West,Automotive
100346,National Central Enterprises,Industrial,Sacramento,California,West,Manufacturing
100347,Pinnacle Reliable Partners,Commercial,Sacramento,California,West,Logistics
100348,Oakridge First Facilities Group,Institutional,Indianapolis,Indiana,Midwest,Manufacturing
100349,Vanguard Reliable Industrial Systems,Institutional,Portland,Oregon,West,Hospitality
100350,Heritage Trusted Services,Government,San Antonio,Texas,South,Technology
100351,Cascade Crossroads Retail Partners,Government,Cleveland,Ohio,Midwest,Food Service
100352,Silverline Elite Systems,Retail Chain,Phoenix,Arizona,West,Hospitality
100353,Summit Capital Contractors,Institutional,Sacramento,California,West,Food Service
100354,Ironclad Metro Solutions,Government,Cleveland,Ohio,Midwest,Manufacturing
100355,Crestview Capital Logistics,Institutional,Milwaukee,Wisconsin,Midwest,Food Service
100356,Heritage National Systems,Institutional,Charlotte,North Carolina,South,Education
100357,Lonestar Elite Industries,Industrial,Seattle,Washington,West,Retail
100358,Bluepoint Legacy Systems,Commercial,Minneapolis,Minnesota,Midwest,Hospitality
100359,Sterling Metro Manufacturing,Commercial,Orlando,Florida,South,Automotive
100360,Lonestar Metro Logistics,Retail Chain,Portland,Oregon,West,Manufacturing
100361,Patriot Allied Distribution,Industrial,Houston,Texas,South,Technology
100362,Premier Valley Construction Group,Government,Tucson,Arizona,West,Construction
100363,Sterling Allied Medical Supply,Commercial,Orlando,Florida,South,Technology
100364,Trailhead Elite Distribution,Government,Chicago,Illinois,Midwest,Hospitality
100365,Summit National Construction Group,Retail Chain,Indianapolis,Indiana,Midwest,Automotive
100366,Ironclad Valley Partners,Industrial,Charlotte,North Carolina,South,Hospitality
100367,Granite Crossroads Group,Commercial,Pittsburgh,Pennsylvania,Northeast,Manufacturing
100368,Westbrook Trusted Corp.,Commercial,Newark,New Jersey,Northeast,Healthcare
100369,Anchor United Group,Commercial,Minneapolis,Minnesota,Midwest,Automotive
100370,Westbrook Landmark Distribution,Retail Chain,Baltimore,Maryland,Northeast,Hospitality
100371,Pinnacle Reliable Logistics,Industrial,Denver,Colorado,West,Technology
100372,Coastal National Holdings,Industrial,Sacramento,California,West,Healthcare
100373,Apex Harbor Facilities Group,Industrial,Cleveland,Ohio,Midwest,Healthcare
100374,Ironclad Prime Hospitality Services,Institutional,Kansas City,Missouri,Midwest,Manufacturing
100375,Pioneer Regional Holdings,Institutional,Houston,Texas,South,Logistics
100376,Northgate Metro Logistics,Retail Chain,Dallas,Texas,South,Manufacturing
100377,Patriot United Solutions,Industrial,Minneapolis,Minnesota,Midwest,Manufacturing
100378,Northwest United Construction Group,Government,Orlando,Florida,South,Retail
100379,Pinnacle Legacy Distribution,Institutional,Atlanta,Georgia,South,Technology
100380,Pinnacle Capital Group,Commercial,Milwaukee,Wisconsin,Midwest,Manufacturing
100381,Trailhead Summit Systems,Government,Orlando,Florida,South,Manufacturing
100382,Ironclad Regional Systems,Industrial,Seattle,Washington,West,Technology
100383,Apex Reliable Manufacturing,Retail Chain,Sacramento,California,West,Retail
100384,Trailhead Trusted Medical Supply,Commercial,Charlotte,North Carolina,South,Education
100385,Premier Allied Medical Supply,Industrial,Phoenix,Arizona,West,Food Service
100386,Continental Legacy Construction Group,Institutional,Baltimore,Maryland,Northeast,Education
100387,Northgate National Systems,Industrial,Columbus,Ohio,Midwest,Construction
100388,Horizon Enterprises,Government,Raleigh,North Carolina,South,Logistics
100389,Coastal Metro Hospitality Services,Industrial,Milwaukee,Wisconsin,Midwest,Food Service
100390,Westbrook National Manufacturing,Government,Minneapolis,Minnesota,Midwest,Hospitality
100391,Pinnacle Central Construction Group,Industrial,Columbus,Ohio,Midwest,Hospitality
100392,Silverline Harbor Industrial Systems,Industrial,Philadelphia,Pennsylvania,Northeast,Construction
100393,Apex Legacy Distribution,Industrial,Boston,Massachusetts,Northeast,Retail
100394,Anchor Reliable Medical Supply,Commercial,Columbus,Ohio,Midwest,Automotive
100395,Crestview Valley Services,Retail Chain,Sacramento,California,West,Healthcare
100396,Allied Legacy Manufacturing,Industrial,Charlotte,North Carolina,South,Logistics
100397,Fairmont Crossroads Hospitality Services,Industrial,Seattle,Washington,West,Education
100398,Evergreen Prime Services,Government,Orlando,Florida,South,Food Service
100399,Silverline Facilities Group,Government,Philadelphia,Pennsylvania,Northeast,Automotive
100400,Lonestar Landmark Hospitality Services,Commercial,Houston,Texas,South,Healthcare
100401,Ironclad Metro Partners,Commercial,Salt Lake City,Utah,West,Technology
100402,National Landmark Medical Supply,Retail Chain,Denver,Colorado,West,Food Service
100403,Bluepoint Legacy Corp.,Institutional,Sacramento,California,West,Logistics
100404,Westbrook Valley Group,Institutional,Detroit,Michigan,Midwest,Logistics
100405,Meridian United Services,Commercial,Houston,Texas,South,Manufacturing
100406,Liberty Signature Facilities Group,Retail Chain,Newark,New Jersey,Northeast,Hospitality
100407,Heritage Retail Partners,Institutional,Minneapolis,Minnesota,Midwest,Construction
100408,Cascade Reliable Partners,Retail Chain,Dallas,Texas,South,Hospitality
100409,Continental Trusted Distribution,Retail Chain,Atlanta,Georgia,South,Hospitality
100410,Redwood Regional Solutions,Institutional,Milwaukee,Wisconsin,Midwest,Retail
100411,Superior Legacy Distribution,Industrial,Cleveland,Ohio,Midwest,Technology
100412,Anchor Central Group,Institutional,Los Angeles,California,West,Logistics
100413,Summitline Valley Construction Group,Industrial,Portland,Oregon,West,Construction
100414,Continental Central Industries,Government,Detroit,Michigan,Midwest,Hospitality
100415,Vanguard Prime Distribution,Commercial,Indianapolis,Indiana,Midwest,Healthcare
100416,Premier National Logistics,Retail Chain,Baltimore,Maryland,Northeast,Healthcare
100417,Lonestar Enterprises,Industrial,Chicago,Illinois,Midwest,Retail
100418,Redwood Manufacturing,Institutional,Chicago,Illinois,Midwest,Food Service
100419,Granite Legacy Holdings,Retail Chain,Baltimore,Maryland,Northeast,Education
100420,National Central Hospitality Services,Commercial,Orlando,Florida,South,Manufacturing
100421,Liberty Signature Partners,Institutional,San Antonio,Texas,South,Construction
100422,Horizon Metro Hospitality Services,Commercial,Houston,Texas,South,Manufacturing
100423,Evergreen Reliable Solutions,Industrial,Milwaukee,Wisconsin,Midwest,Retail
100424,Coastal United Logistics,Retail Chain,Tucson,Arizona,West,Automotive
100425,Continental Landmark Services,Institutional,Baltimore,Maryland,Northeast,Manufacturing
100426,Apex Legacy Group,Government,Sacramento,California,West,Hospitality
100427,Evergreen Landmark Group,Retail Chain,Detroit,Michigan,Midwest,Hospitality
100428,Granite Legacy Construction Group,Commercial,Dallas,Texas,South,Automotive
100429,Heritage Reliable Facilities Group,Industrial,Salt Lake City,Utah,West,Retail
100430,Cascade Prime Hospitality Services,Industrial,Baltimore,Maryland,Northeast,Education
100431,Ironclad National Industries,Commercial,Albany,New York,Northeast,Technology
100432,Superior National Group,Government,Pittsburgh,Pennsylvania,Northeast,Hospitality
100433,Heritage Summit Distribution,Institutional,San Antonio,Texas,South,Hospitality
100434,Summit United Logistics,Government,Pittsburgh,Pennsylvania,Northeast,Manufacturing
100435,Maple National Logistics,Industrial,Boston,Massachusetts,Northeast,Hospitality
100436,Pinnacle Prime Manufacturing,Government,Minneapolis,Minnesota,Midwest,Logistics
100437,Superior Reliable Corp.,Government,Los Angeles,California,West,Automotive
100438,Oakridge Valley Contractors,Industrial,Minneapolis,Minnesota,Midwest,Manufacturing
100439,Redwood Metro Group,Government,Columbus,Ohio,Midwest,Manufacturing
100440,Patriot United Medical Supply,Institutional,Indianapolis,Indiana,Midwest,Healthcare
100441,Sterling United Industries,Institutional,Minneapolis,Minnesota,Midwest,Hospitality
100442,Union Solutions,Commercial,Columbus,Ohio,Midwest,Food Service
100443,Heritage Crossroads Medical Supply,Government,Nashville,Tennessee,South,Technology
100444,Trailhead United Retail Partners,Government,Sacramento,California,West,Retail
100445,Crestview Prime Industrial Systems,Industrial,Tucson,Arizona,West,Technology
100446,Summit Elite Manufacturing,Commercial,Newark,New Jersey,Northeast,Healthcare
100447,Ironclad Trusted Group,Institutional,Columbus,Ohio,Midwest,Technology
100448,Frontier Metro Hospitality Services,Retail Chain,Salt Lake City,Utah,West,Construction
100449,Fairmont Allied Supply Co.,Commercial,Milwaukee,Wisconsin,Midwest,Hospitality
100450,Cascade Legacy Construction Group,Retail Chain,Dallas,Texas,South,Automotive
100451,Sterling Allied Construction Group,Retail Chain,Los Angeles,California,West,Logistics
100452,Redwood Medical Supply,Institutional,Columbus,Ohio,Midwest,Retail
100453,Union Signature Services,Commercial,Atlanta,Georgia,South,Construction
100454,Pioneer Allied Distribution,Retail Chain,Milwaukee,Wisconsin,Midwest,Construction
100455,Evergreen Crossroads Distribution,Government,Chicago,Illinois,Midwest,Food Service
100456,Apex Crossroads Systems,Retail Chain,Baltimore,Maryland,Northeast,Logistics
100457,Sterling Summit Facilities Group,Retail Chain,Newark,New Jersey,Northeast,Manufacturing
100458,Vanguard Harbor Distribution,Retail Chain,Minneapolis,Minnesota,Midwest,Retail
100459,Northgate Harbor Manufacturing,Institutional,Phoenix,Arizona,West,Construction
100460,Granite Summit Manufacturing,Retail Chain,Philadelphia,Pennsylvania,Northeast,Retail
100461,Coastal Harbor Distribution,Industrial,Los Angeles,California,West,Technology
100462,Pinnacle Landmark Medical Supply,Retail Chain,Nashville,Tennessee,South,Food Service
100463,Premier Allied Enterprises,Commercial,San Antonio,Texas,South,Healthcare
100464,Vanguard Elite Solutions,Commercial,Minneapolis,Minnesota,Midwest,Food Service
100465,Pinnacle Legacy Solutions,Government,Tucson,Arizona,West,Logistics
100466,Silverline United Facilities Group,Institutional,Atlanta,Georgia,South,Education
100467,Patriot Prime Services,Government,Portland,Oregon,West,Automotive
100468,Westbrook Harbor Services,Commercial,Cleveland,Ohio,Midwest,Healthcare
100469,Redwood Reliable Logistics,Commercial,Philadelphia,Pennsylvania,Northeast,Manufacturing
100470,Ironclad Prime Industries,Institutional,Newark,New Jersey,Northeast,Automotive
100471,Crestview First Distribution,Industrial,Columbus,Ohio,Midwest,Technology
100472,Meridian Valley Holdings,Government,Dallas,Texas,South,Logistics
100473,Frontier Legacy Distribution,Industrial,Phoenix,Arizona,West,Construction
100474,Riverside Summit Facilities Group,Government,Orlando,Florida,South,Healthcare
100475,Horizon Crossroads Partners,Industrial,Sacramento,California,West,Manufacturing
100476,Anchor Legacy Holdings,Commercial,Pittsburgh,Pennsylvania,Northeast,Construction
100477,Allied Metro Systems,Industrial,San Antonio,Texas,South,Food Service
100478,Evergreen Landmark Industries,Retail Chain,Columbus,Ohio,Midwest,Retail
100479,Riverside Retail Partners,Industrial,Newark,New Jersey,Northeast,Technology
100480,Bluepoint Reliable Industries,Institutional,Raleigh,North Carolina,South,Healthcare
100481,Liberty National Industries,Institutional,Los Angeles,California,West,Logistics
100482,Summit Landmark Solutions,Government,Houston,Texas,South,Manufacturing
100483,Ironclad Crossroads Hospitality Services,Industrial,Dallas,Texas,South,Construction
100484,Maple Allied Holdings,Government,Charlotte,North Carolina,South,Construction
100485,Granite Allied Manufacturing,Retail Chain,Phoenix,Arizona,West,Manufacturing
100486,Allied Harbor Industries,Commercial,Detroit,Michigan,Midwest,Retail
100487,Union First Hospitality Services,Institutional,Indianapolis,Indiana,Midwest,Logistics
100488,Redwood Regional Logistics,Commercial,Denver,Colorado,West,Retail
100489,Superior Metro Services,Institutional,Kansas City,Missouri,Midwest,Automotive
100490,Anchor National Construction Group,Industrial,Chicago,Illinois,Midwest,Hospitality
100491,Cascade First Retail Partners,Retail Chain,Phoenix,Arizona,West,Construction
100492,Trailhead Reliable Group,Commercial,Detroit,Michigan,Midwest,Construction
100493,Union Legacy Supply Co.,Institutional,Salt Lake City,Utah,West,Manufacturing
100494,Horizon Signature Hospitality Services,Government,Milwaukee,Wisconsin,Midwest,Education
100495,Keystone Signature Supply Co.,Commercial,Tucson,Arizona,West,Construction
100496,Meridian National Services,Industrial,Boston,Massachusetts,Northeast,Technology
100497,Premier Signature Hospitality Services,Retail Chain,Chicago,Illinois,Midwest,Healthcare
100498,Liberty Landmark Services,Commercial,Portland,Oregon,West,Education
100499,Sterling Regional Services,Retail Chain,Phoenix,Arizona,West,Construction
100500,Summit Prime Group,Institutional,Indianapolis,Indiana,Midwest,Construction
100501,Westbrook Trusted Distribution,Industrial,Columbus,Ohio,Midwest,Automotive
100502,Northgate Reliable Facilities Group,Retail Chain,Nashville,Tennessee,South,Construction
100503,Pioneer Landmark Systems,Industrial,Boston,Massachusetts,Northeast,Manufacturing
100504,Pinnacle Elite Group,Commercial,Raleigh,North Carolina,South,Manufacturing
100505,Bluepoint Allied Group,Institutional,Chicago,Illinois,Midwest,Technology
100506,Trailhead Crossroads Industries,Commercial,Dallas,Texas,South,Healthcare
100507,Bluepoint Valley Logistics,Industrial,Sacramento,California,West,Retail
100508,Vanguard Legacy Industrial Systems,Commercial,Cleveland,Ohio,Midwest,Logistics
100509,Northwest Reliable Solutions,Retail Chain,Orlando,Florida,South,Food Service
100510,Trailhead Crossroads Facilities Group,Retail Chain,Houston,Texas,South,Manufacturing
100511,Summitline Legacy Supply Co.,Retail Chain,Atlanta,Georgia,South,Automotive
100512,Granite Metro Partners,Government,Raleigh,North Carolina,South,Healthcare
100513,Fairmont National Construction Group,Commercial,Baltimore,Maryland,Northeast,Logistics
100514,Union Harbor Solutions,Commercial,Atlanta,Georgia,South,Education
100515,Meridian Logistics,Commercial,Philadelphia,Pennsylvania,Northeast,Food Service
100516,Premier Valley Holdings,Industrial,Raleigh,North Carolina,South,Construction
100517,Patriot Trusted Retail Partners,Industrial,Milwaukee,Wisconsin,Midwest,Hospitality
100518,Bluepoint Landmark Industries,Industrial,Atlanta,Georgia,South,Manufacturing
100519,Crestview Hospitality Services,Retail Chain,Baltimore,Maryland,Northeast,Automotive
100520,Apex National Enterprises,Industrial,Raleigh,North Carolina,South,Manufacturing
100521,Ironclad United Supply Co.,Commercial,Tucson,Arizona,West,Logistics
100522,Maple First Group,Government,Houston,Texas,South,Logistics
100523,Sterling Central Corp.,Government,Raleigh,North Carolina,South,Retail
100524,Frontier Harbor Medical Supply,Commercial,Atlanta,Georgia,South,Technology
100525,Cascade Facilities Group,Retail Chain,Tucson,Arizona,West,Logistics
100526,Union Valley Systems,Institutional,Portland,Oregon,West,Logistics
100527,Fairmont Metro Systems,Institutional,Seattle,Washington,West,Technology
100528,Cascade Summit Distribution,Commercial,Kansas City,Missouri,Midwest,Education
100529,Keystone First Hospitality Services,Industrial,Columbus,Ohio,Midwest,Automotive
100530,Continental Crossroads Systems,Commercial,Portland,Oregon,West,Technology
100531,Horizon Crossroads Distribution,Commercial,Houston,Texas,South,Automotive
100532,Premier Elite Retail Partners,Retail Chain,Baltimore,Maryland,Northeast,Manufacturing
100533,Bluepoint United Holdings,Government,Detroit,Michigan,Midwest,Hospitality
100534,Trailhead Prime Services,Commercial,Columbus,Ohio,Midwest,Technology
100535,Summitline National Hospitality Services,Retail Chain,Chicago,Illinois,Midwest,Retail
100536,Heritage Regional Services,Government,Phoenix,Arizona,West,Logistics
100537,Westbrook Central Construction Group,Commercial,Charlotte,North Carolina,South,Education
100538,Crestview Summit Retail Partners,Commercial,Portland,Oregon,West,Healthcare
100539,Heritage Harbor Enterprises,Retail Chain,Indianapolis,Indiana,Midwest,Healthcare
100540,Redwood Legacy Industrial Systems,Industrial,Milwaukee,Wisconsin,Midwest,Technology
100541,Oakridge Valley Industries,Industrial,Houston,Texas,South,Education
100542,Frontier Allied Industries,Government,Cleveland,Ohio,Midwest,Manufacturing
100543,Pinnacle Elite Contractors,Industrial,Los Angeles,California,West,Manufacturing
100544,Northgate Elite Logistics,Retail Chain,Columbus,Ohio,Midwest,Construction
100545,Keystone Capital Logistics,Institutional,Baltimore,Maryland,Northeast,Logistics
100546,Pinnacle First Distribution,Institutional,Philadelphia,Pennsylvania,Northeast,Healthcare
100547,Liberty Capital Contractors,Institutional,Baltimore,Maryland,Northeast,Education
100548,Redwood Trusted Contractors,Commercial,Albany,New York,Northeast,Hospitality
100549,Liberty Signature Solutions,Industrial,Milwaukee,Wisconsin,Midwest,Healthcare
100550,Keystone Regional Supply Co.,Industrial,San Antonio,Texas,South,Hospitality
100551,Lonestar Manufacturing,Institutional,Salt Lake City,Utah,West,Automotive
100552,Westbrook United Logistics,Retail Chain,Milwaukee,Wisconsin,Midwest,Construction
100553,Superior Summit Services,Government,Detroit,Michigan,Midwest,Manufacturing
100554,Pioneer Summit Enterprises,Retail Chain,Detroit,Michigan,Midwest,Manufacturing
100555,Coastal Elite Enterprises,Government,Philadelphia,Pennsylvania,Northeast,Healthcare
100556,Lakeside Prime Partners,Commercial,Indianapolis,Indiana,Midwest,Retail
100557,Horizon Signature Distribution,Industrial,Raleigh,North Carolina,South,Education
100558,Oakridge Capital Distribution,Industrial,Minneapolis,Minnesota,Midwest,Healthcare
100559,Vanguard Regional Industrial Systems,Industrial,Pittsburgh,Pennsylvania,Northeast,Education
100560,Ironclad Metro Medical Supply,Retail Chain,Cleveland,Ohio,Midwest,Technology
100561,Riverside First Corp.,Retail Chain,Phoenix,Arizona,West,Construction
100562,Premier Prime Construction Group,Government,San Antonio,Texas,South,Healthcare
100563,Patriot Trusted Supply Co.,Government,Phoenix,Arizona,West,Hospitality
100564,Oakridge Landmark Partners,Industrial,Kansas City,Missouri,Midwest,Manufacturing
100565,Vanguard Crossroads Hospitality Services,Retail Chain,Cleveland,Ohio,Midwest,Automotive
100566,Meridian Partners,Industrial,Raleigh,North Carolina,South,Healthcare
100567,Vanguard Contractors,Institutional,Milwaukee,Wisconsin,Midwest,Manufacturing
100568,Anchor Metro Industrial Systems,Retail Chain,Salt Lake City,Utah,West,Hospitality
100569,Lakeside First Construction Group,Institutional,Detroit,Michigan,Midwest,Manufacturing
100570,Summitline National Services,Commercial,Albany,New York,Northeast,Retail
100571,Oakridge National Logistics,Commercial,Minneapolis,Minnesota,Midwest,Technology
100572,Northwest Holdings,Industrial,Milwaukee,Wisconsin,Midwest,Retail
100573,Pinnacle Allied Services,Government,Denver,Colorado,West,Hospitality
100574,Continental Legacy Retail Partners,Commercial,Raleigh,North Carolina,South,Education
100575,Continental Allied Facilities Group,Retail Chain,Sacramento,California,West,Logistics
100576,Frontier Central Manufacturing,Industrial,Kansas City,Missouri,Midwest,Automotive
100577,Oakridge Regional Enterprises,Commercial,Los Angeles,California,West,Healthcare
100578,Allied Crossroads Corp.,Institutional,Cleveland,Ohio,Midwest,Technology
100579,Superior Metro Retail Partners,Institutional,Baltimore,Maryland,Northeast,Retail
100580,Trailhead United Industrial Systems,Retail Chain,San Antonio,Texas,South,Healthcare
100581,Evergreen Landmark Industrial Systems,Institutional,Albany,New York,Northeast,Construction
100582,Sterling Legacy Supply Co.,Commercial,Pittsburgh,Pennsylvania,Northeast,Hospitality
100583,Riverside Reliable Construction Group,Retail Chain,Columbus,Ohio,Midwest,Logistics
100584,Oakridge Elite Enterprises,Industrial,Cleveland,Ohio,Midwest,Education
100585,Frontier Allied Holdings,Industrial,Philadelphia,Pennsylvania,Northeast,Automotive
100586,Horizon First Corp.,Institutional,Baltimore,Maryland,Northeast,Technology
100587,Summitline Manufacturing,Institutional,Portland,Oregon,West,Logistics
100588,Apex Harbor Contractors,Retail Chain,Baltimore,Maryland,Northeast,Technology
100589,Summit Prime Industrial Systems,Institutional,Dallas,Texas,South,Manufacturing
100590,Continental Metro Industrial Systems,Commercial,Orlando,Florida,South,Healthcare
100591,Lakeside Allied Supply Co.,Government,San Antonio,Texas,South,Retail
100592,Northwest Trusted Facilities Group,Institutional,Los Angeles,California,West,Automotive
100593,National Regional Retail Partners,Industrial,Denver,Colorado,West,Technology
100594,Granite Capital Logistics,Commercial,Denver,Colorado,West,Healthcare
100595,Lonestar Central Medical Supply,Industrial,Dallas,Texas,South,Technology
100596,Lonestar Summit Construction Group,Institutional,Phoenix,Arizona,West,Retail
100597,Bluepoint Summit Enterprises,Commercial,Sacramento,California,West,Retail
100598,National Legacy Industries,Institutional,Cleveland,Ohio,Midwest,Food Service
100599,Meridian Harbor Corp.,Industrial,Charlotte,North Carolina,South,Retail
100600,Bluepoint Allied Retail Partners,Industrial,Houston,Texas,South,Automotive
100601,Silverline Prime Manufacturing,Institutional,Sacramento,California,West,Manufacturing
100602,Continental Crossroads Group,Industrial,Pittsburgh,Pennsylvania,Northeast,Construction
100603,Anchor United Facilities Group,Industrial,Atlanta,Georgia,South,Automotive
100604,Summitline Regional Enterprises,Institutional,San Antonio,Texas,South,Logistics
100605,Allied Summit Corp.,Industrial,Orlando,Florida,South,Manufacturing
100606,Union Metro Retail Partners,Retail Chain,Nashville,Tennessee,South,Retail
100607,Westbrook National Services,Institutional,Newark,New Jersey,Northeast,Technology
100608,Premier Valley Medical Supply,Commercial,Tucson,Arizona,West,Logistics
100609,Superior Allied Facilities Group,Commercial,Pittsburgh,Pennsylvania,Northeast,Automotive
100610,Summitline Capital Enterprises,Commercial,Orlando,Florida,South,Automotive
100611,Vanguard United Solutions,Commercial,Minneapolis,Minnesota,Midwest,Retail
100612,Westbrook Metro Supply Co.,Retail Chain,Seattle,Washington,West,Healthcare
100613,Anchor Prime Systems,Industrial,Boston,Massachusetts,Northeast,Food Service
100614,Horizon Legacy Solutions,Industrial,Phoenix,Arizona,West,Manufacturing
100615,Riverside Trusted Hospitality Services,Industrial,Minneapolis,Minnesota,Midwest,Manufacturing
100616,Continental Partners,Institutional,Denver,Colorado,West,Hospitality
100617,Silverline Summit Facilities Group,Industrial,Dallas,Texas,South,Healthcare
100618,Lakeside Metro Supply Co.,Industrial,Indianapolis,Indiana,Midwest,Technology
100619,Apex Crossroads Enterprises,Government,Phoenix,Arizona,West,Retail
100620,Ironclad United Partners,Commercial,Pittsburgh,Pennsylvania,Northeast,Hospitality
100621,Redwood Central Industries,Retail Chain,Raleigh,North Carolina,South,Education
100622,Trailhead Reliable Distribution,Retail Chain,Los Angeles,California,West,Automotive
100623,Maple United Facilities Group,Industrial,Raleigh,North Carolina,South,Healthcare
100624,Heritage National Group,Government,Seattle,Washington,West,Technology
100625,Cascade Landmark Partners,Commercial,Denver,Colorado,West,Hospitality
100626,Westbrook Landmark Systems,Retail Chain,Dallas,Texas,South,Education
100627,Continental Legacy Logistics,Industrial,Charlotte,North Carolina,South,Healthcare
100628,National Reliable Group,Government,Detroit,Michigan,Midwest,Construction
100629,Allied Crossroads Construction Group,Government,Denver,Colorado,West,Education
100630,Bluepoint Landmark Contractors,Commercial,Los Angeles,California,West,Food Service
100631,Heritage Summit Supply Co.,Institutional,Baltimore,Maryland,Northeast,Food Service
100632,Patriot Capital Industrial Systems,Government,San Antonio,Texas,South,Logistics
100633,Silverline First Solutions,Industrial,Sacramento,California,West,Manufacturing
100634,Anchor Signature Solutions,Industrial,Nashville,Tennessee,South,Automotive
100635,Fairmont Capital Supply Co.,Institutional,Atlanta,Georgia,South,Logistics
100636,Frontier Allied Industrial Systems,Industrial,Denver,Colorado,West,Technology
100637,Ironclad Group,Government,Denver,Colorado,West,Logistics
100638,Crestview Allied Services,Institutional,Denver,Colorado,West,Logistics
100639,National Capital Facilities Group,Industrial,Albany,New York,Northeast,Manufacturing
100640,Premier National Industrial Systems,Government,Seattle,Washington,West,Construction
100641,Continental Harbor Partners,Institutional,Denver,Colorado,West,Manufacturing
100642,Superior Contractors,Industrial,Houston,Texas,South,Education
100643,Silverline Regional Contractors,Commercial,Houston,Texas,South,Hospitality
100644,Redwood Summit Partners,Retail Chain,Philadelphia,Pennsylvania,Northeast,Retail
100645,Lakeside Allied Systems,Government,Cleveland,Ohio,Midwest,Manufacturing
100646,Sterling Corp.,Commercial,Atlanta,Georgia,South,Construction
100647,Sterling Reliable Retail Partners,Industrial,Philadelphia,Pennsylvania,Northeast,Food Service
100648,Vanguard Trusted Distribution,Government,Denver,Colorado,West,Education
100649,Evergreen National Partners,Retail Chain,Seattle,Washington,West,Manufacturing
100650,Pinnacle Regional Manufacturing,Institutional,Tucson,Arizona,West,Healthcare
100651,Coastal Elite Construction Group,Retail Chain,Boston,Massachusetts,Northeast,Hospitality
100652,Cascade Legacy Contractors,Commercial,Cleveland,Ohio,Midwest,Education
100653,Silverline Prime Solutions,Industrial,Newark,New Jersey,Northeast,Food Service
100654,Apex Crossroads Manufacturing,Government,Milwaukee,Wisconsin,Midwest,Retail
100655,Vanguard Elite Logistics,Retail Chain,Los Angeles,California,West,Construction
100656,Riverside Elite Distribution,Industrial,Raleigh,North Carolina,South,Construction
100657,Pioneer Capital Contractors,Commercial,Phoenix,Arizona,West,Automotive
100658,Bluepoint Valley Medical Supply,Government,Detroit,Michigan,Midwest,Healthcare
100659,Ironclad Capital Solutions,Government,Philadelphia,Pennsylvania,Northeast,Hospitality
100660,Pioneer Metro Services,Retail Chain,Denver,Colorado,West,Education
100661,Liberty Legacy Supply Co.,Retail Chain,Nashville,Tennessee,South,Manufacturing
100662,Meridian Prime Facilities Group,Government,Orlando,Florida,South,Healthcare
100663,Lakeside Prime Systems,Government,Boston,Massachusetts,Northeast,Construction
100664,Frontier Signature Services,Commercial,Chicago,Illinois,Midwest,Education
100665,Allied Trusted Partners,Industrial,Charlotte,North Carolina,South,Hospitality
100666,Northwest Allied Industrial Systems,Institutional,Newark,New Jersey,Northeast,Retail
100667,Crestview Elite Facilities Group,Government,San Antonio,Texas,South,Construction
100668,Premier First Retail Partners,Government,Los Angeles,California,West,Logistics
100669,Pioneer Summit Industries,Retail Chain,Cleveland,Ohio,Midwest,Automotive
100670,Summitline Valley Partners,Commercial,San Antonio,Texas,South,Healthcare
100671,Bluepoint Crossroads Group,Industrial,Philadelphia,Pennsylvania,Northeast,Logistics
100672,Northwest Reliable Facilities Group,Retail Chain,Indianapolis,Indiana,Midwest,Healthcare
100673,Lakeside Valley Manufacturing,Institutional,Chicago,Illinois,Midwest,Technology
100674,Heritage Central Enterprises,Government,Pittsburgh,Pennsylvania,Northeast,Education
100675,Vanguard Valley Medical Supply,Government,Houston,Texas,South,Retail
100676,National Summit Corp.,Commercial,Chicago,Illinois,Midwest,Automotive
100677,Westbrook Central Group,Government,Atlanta,Georgia,South,Logistics
100678,Crestview Regional Systems,Retail Chain,Raleigh,North Carolina,South,Construction
100679,Meridian Valley Services,Retail Chain,Dallas,Texas,South,Logistics
100680,Patriot National Services,Government,Cleveland,Ohio,Midwest,Logistics
100681,Pinnacle Valley Services,Retail Chain,Columbus,Ohio,Midwest,Retail
100682,Frontier Legacy Medical Supply,Government,Philadelphia,Pennsylvania,Northeast,Construction
100683,Maple Signature Industries,Institutional,Baltimore,Maryland,Northeast,Automotive
100684,Redwood Regional Distribution,Retail Chain,Minneapolis,Minnesota,Midwest,Healthcare
100685,Cascade Reliable Manufacturing,Institutional,San Antonio,Texas,South,Hospitality
100686,Northwest Summit Services,Institutional,Pittsburgh,Pennsylvania,Northeast,Logistics
100687,Bluepoint Retail Partners,Retail Chain,Philadelphia,Pennsylvania,Northeast,Logistics
100688,Keystone Regional Construction Group,Industrial,Seattle,Washington,West,Education
100689,Riverside Valley Partners,Industrial,Portland,Oregon,West,Retail
100690,Oakridge Systems,Retail Chain,Pittsburgh,Pennsylvania,Northeast,Retail
100691,Frontier Metro Distribution,Industrial,Denver,Colorado,West,Logistics
100692,Westbrook Prime Partners,Government,Pittsburgh,Pennsylvania,Northeast,Construction
100693,Summit Trusted Industries,Institutional,Minneapolis,Minnesota,Midwest,Food Service
100694,Keystone Prime Logistics,Government,Portland,Oregon,West,Automotive
100695,Northgate Regional Systems,Industrial,San Antonio,Texas,South,Automotive
100696,Meridian Prime Holdings,Industrial,Salt Lake City,Utah,West,Food Service
100697,Heritage Trusted Systems,Commercial,Houston,Texas,South,Technology
100698,Summit Summit Holdings,Industrial,Milwaukee,Wisconsin,Midwest,Healthcare
100699,Trailhead Metro Construction Group,Institutional,Los Angeles,California,West,Logistics
100700,Patriot National Solutions,Retail Chain,Salt Lake City,Utah,West,Manufacturing
100701,Oakridge Prime Logistics,Commercial,Denver,Colorado,West,Construction
100702,Premier Legacy Partners,Commercial,Tucson,Arizona,West,Education
100703,National Capital Partners,Institutional,Denver,Colorado,West,Automotive
100704,Continental National Group,Industrial,Tucson,Arizona,West,Education
100705,Fairmont Prime Logistics,Industrial,San Antonio,Texas,South,Education
100706,Riverside Landmark Holdings,Government,Orlando,Florida,South,Healthcare
100707,National Legacy Holdings,Commercial,Denver,Colorado,West,Retail
100708,Granite National Enterprises,Institutional,Newark,New Jersey,Northeast,Manufacturing
100709,Bluepoint Metro Supply Co.,Institutional,San Antonio,Texas,South,Automotive
100710,Summitline Prime Manufacturing,Institutional,Houston,Texas,South,Healthcare
100711,Summitline Landmark Logistics,Government,Chicago,Illinois,Midwest,Hospitality
100712,Liberty Trusted Industrial Systems,Industrial,Los Angeles,California,West,Food Service
100713,Anchor Signature Retail Partners,Commercial,Sacramento,California,West,Healthcare
100714,Trailhead National Group,Retail Chain,Phoenix,Arizona,West,Education
100715,Apex Signature Solutions,Retail Chain,Pittsburgh,Pennsylvania,Northeast,Hospitality
100716,Cascade Central Enterprises,Institutional,Albany,New York,Northeast,Automotive
100717,Ironclad Regional Solutions,Government,Pittsburgh,Pennsylvania,Northeast,Automotive
100718,Heritage United Medical Supply,Commercial,Boston,Massachusetts,Northeast,Retail
100719,Northwest Elite Hospitality Services,Commercial,Nashville,Tennessee,South,Automotive
100720,Pinnacle United Holdings,Retail Chain,Dallas,Texas,South,Manufacturing
100721,Summit Capital Industries,Institutional,Pittsburgh,Pennsylvania,Northeast,Manufacturing
100722,Lakeside Signature Services,Retail Chain,Denver,Colorado,West,Healthcare
100723,Premier Signature Corp.,Institutional,Detroit,Michigan,Midwest,Healthcare
100724,Crestview Harbor Industries,Commercial,Boston,Massachusetts,Northeast,Manufacturing
100725,Union Elite Industries,Institutional,Portland,Oregon,West,Technology
100726,Vanguard Reliable Services,Government,Pittsburgh,Pennsylvania,Northeast,Construction
100727,Pinnacle National Group,Retail Chain,Chicago,Illinois,Midwest,Automotive
100728,Superior Metro Solutions,Commercial,Raleigh,North Carolina,South,Healthcare
100729,Oakridge First Solutions,Commercial,Columbus,Ohio,Midwest,Food Service
100730,Liberty Regional Distribution,Commercial,Cleveland,Ohio,Midwest,Retail
100731,Cascade Trusted Services,Industrial,Dallas,Texas,South,Logistics
100732,Horizon Capital Facilities Group,Industrial,Los Angeles,California,West,Technology
100733,Northgate Trusted Industrial Systems,Government,Pittsburgh,Pennsylvania,Northeast,Technology
100734,Coastal Signature Manufacturing,Industrial,Atlanta,Georgia,South,Manufacturing
100735,Union Harbor Holdings,Government,Denver,Colorado,West,Retail
100736,Superior Prime Manufacturing,Commercial,Milwaukee,Wisconsin,Midwest,Healthcare
100737,Trailhead Central Supply Co.,Commercial,Seattle,Washington,West,Healthcare
100738,Anchor Landmark Partners,Retail Chain,Minneapolis,Minnesota,Midwest,Manufacturing
100739,Allied Central Solutions,Retail Chain,Pittsburgh,Pennsylvania,Northeast,Manufacturing
100740,Bluepoint United Retail Partners,Government,Houston,Texas,South,Healthcare
100741,Northwest Harbor Supply Co.,Industrial,Philadelphia,Pennsylvania,Northeast,Logistics
100742,Heritage Valley Medical Supply,Institutional,Indianapolis,Indiana,Midwest,Education
100743,Anchor Crossroads Manufacturing,Retail Chain,Seattle,Washington,West,Hospitality
100744,Patriot Signature Distribution,Government,Phoenix,Arizona,West,Automotive
100745,Coastal Elite Retail Partners,Government,Portland,Oregon,West,Hospitality
100746,Silverline Capital Retail Partners,Commercial,Detroit,Michigan,Midwest,Logistics
100747,Trailhead Legacy Corp.,Institutional,San Antonio,Texas,South,Food Service
100748,Bluepoint Prime Partners,Industrial,Atlanta,Georgia,South,Technology
100749,Crestview Reliable Partners,Retail Chain,Cleveland,Ohio,Midwest,Healthcare
100750,Redwood United Facilities Group,Institutional,Denver,Colorado,West,Food Service
100751,Continental Prime Corp.,Commercial,Columbus,Ohio,Midwest,Logistics
100752,Oakridge Prime Medical Supply,Institutional,Minneapolis,Minnesota,Midwest,Automotive
100753,Vanguard Prime Logistics,Government,Albany,New York,Northeast,Logistics
100754,National Trusted Corp.,Industrial,Salt Lake City,Utah,West,Automotive
100755,Frontier Trusted Retail Partners,Government,Charlotte,North Carolina,South,Food Service
100756,Oakridge First Group,Retail Chain,Portland,Oregon,West,Education
100757,Allied Elite Industrial Systems,Retail Chain,Philadelphia,Pennsylvania,Northeast,Manufacturing
100758,Cascade Harbor Retail Partners,Institutional,Los Angeles,California,West,Healthcare
100759,Liberty Regional Facilities Group,Institutional,Albany,New York,Northeast,Retail
100760,Fairmont Metro Logistics,Institutional,Orlando,Florida,South,Retail
100761,Evergreen Trusted Distribution,Retail Chain,Columbus,Ohio,Midwest,Manufacturing
100762,Apex Medical Supply,Government,Newark,New Jersey,Northeast,Manufacturing
100763,Oakridge Elite Distribution,Institutional,Cleveland,Ohio,Midwest,Construction
100764,Sterling Harbor Construction Group,Government,Raleigh,North Carolina,South,Automotive
100765,Meridian National Holdings,Commercial,Phoenix,Arizona,West,Retail
100766,Continental Signature Systems,Industrial,Boston,Massachusetts,Northeast,Food Service
100767,Silverline First Construction Group,Institutional,Milwaukee,Wisconsin,Midwest,Food Service
100768,Fairmont Prime Solutions,Industrial,Newark,New Jersey,Northeast,Healthcare
100769,Apex Harbor Enterprises,Industrial,Orlando,Florida,South,Manufacturing
100770,Vanguard Signature Retail Partners,Industrial,Boston,Massachusetts,Northeast,Manufacturing
100771,Coastal Reliable Contractors,Institutional,Detroit,Michigan,Midwest,Construction
100772,Horizon Trusted Group,Institutional,Albany,New York,Northeast,Logistics
100773,Continental United Group,Commercial,Tucson,Arizona,West,Technology
100774,Patriot Legacy Distribution,Commercial,Albany,New York,Northeast,Construction
100775,Maple First Retail Partners,Commercial,Pittsburgh,Pennsylvania,Northeast,Education
100776,Pinnacle Trusted Contractors,Institutional,Phoenix,Arizona,West,Logistics
100777,Keystone Reliable Systems,Government,Columbus,Ohio,Midwest,Manufacturing
100778,Granite Harbor Holdings,Government,Nashville,Tennessee,South,Construction
100779,Fairmont Allied Retail Partners,Industrial,Atlanta,Georgia,South,Education
100780,Fairmont Trusted Solutions,Commercial,Phoenix,Arizona,West,Manufacturing
100781,Coastal First Systems,Industrial,Charlotte,North Carolina,South,Construction
100782,Lonestar First Construction Group,Retail Chain,Seattle,Washington,West,Construction
100783,Vanguard Reliable Construction Group,Government,Columbus,Ohio,Midwest,Automotive
100784,Superior Reliable Medical Supply,Industrial,Milwaukee,Wisconsin,Midwest,Food Service
100785,Pioneer First Logistics,Commercial,Minneapolis,Minnesota,Midwest,Retail
100786,Vanguard Harbor Holdings,Government,Raleigh,North Carolina,South,Hospitality
100787,Bluepoint Elite Group,Commercial,Orlando,Florida,South,Hospitality
100788,Riverside First Manufacturing,Institutional,Minneapolis,Minnesota,Midwest,Logistics
100789,Sterling United Enterprises,Commercial,Atlanta,Georgia,South,Education
100790,Fairmont Prime Medical Supply,Institutional,San Antonio,Texas,South,Construction
100791,Northwest First Group,Government,Raleigh,North Carolina,South,Construction
100792,Granite First Industrial Systems,Institutional,Raleigh,North Carolina,South,Automotive
100793,Evergreen Crossroads Facilities Group,Retail Chain,Philadelphia,Pennsylvania,Northeast,Retail
100794,Northwest Valley Corp.,Commercial,Cleveland,Ohio,Midwest,Food Service
100795,Heritage Crossroads Manufacturing,Government,Philadelphia,Pennsylvania,Northeast,Food Service
100796,Ironclad National Enterprises,Retail Chain,Albany,New York,Northeast,Hospitality
100797,Allied Valley Solutions,Government,Salt Lake City,Utah,West,Retail
100798,Cascade Trusted Solutions,Retail Chain,Dallas,Texas,South,Education
100799,Redwood Holdings,Institutional,Chicago,Illinois,Midwest,Retail
100800,Crestview Enterprises,Government,Albany,New York,Northeast,Construction
100801,Anchor Landmark Manufacturing,Industrial,San Antonio,Texas,South,Automotive
100802,Union Landmark Industrial Systems,Institutional,Atlanta,Georgia,South,Manufacturing
100803,National Capital Solutions,Industrial,Houston,Texas,South,Manufacturing
100804,Heritage Central Supply Co.,Institutional,Tucson,Arizona,West,Food Service
100805,Anchor Legacy Manufacturing,Retail Chain,Salt Lake City,Utah,West,Food Service
100806,Apex Landmark Distribution,Government,Houston,Texas,South,Healthcare
100807,Keystone Trusted Medical Supply,Retail Chain,Albany,New York,Northeast,Hospitality
100808,Superior Prime Logistics,Industrial,Raleigh,North Carolina,South,Retail
100809,Pinnacle Summit Distribution,Commercial,Charlotte,North Carolina,South,Retail
100810,Trailhead Trusted Holdings,Commercial,Los Angeles,California,West,Food Service
100811,Redwood Signature Contractors,Commercial,Nashville,Tennessee,South,Food Service
100812,Frontier Trusted Systems,Institutional,Dallas,Texas,South,Healthcare
100813,Cascade Regional Corp.,Institutional,Indianapolis,Indiana,Midwest,Construction
100814,Bluepoint Landmark Retail Partners,Commercial,Atlanta,Georgia,South,Retail
100815,Northgate United Solutions,Commercial,Phoenix,Arizona,West,Technology
100816,Anchor Landmark Group,Institutional,Boston,Massachusetts,Northeast,Manufacturing
100817,Premier Summit Solutions,Industrial,Seattle,Washington,West,Construction
100818,Bluepoint Regional Services,Industrial,Sacramento,California,West,Healthcare
100819,Fairmont Retail Partners,Retail Chain,Orlando,Florida,South,Manufacturing
100820,Westbrook First Facilities Group,Government,Philadelphia,Pennsylvania,Northeast,Hospitality
100821,Redwood First Group,Industrial,Salt Lake City,Utah,West,Retail
100822,Summitline National Medical Supply,Retail Chain,Newark,New Jersey,Northeast,Construction
100823,Continental Trusted Enterprises,Industrial,Baltimore,Maryland,Northeast,Automotive
100824,Pinnacle Valley Systems,Retail Chain,Sacramento,California,West,Logistics
100825,Fairmont Central Partners,Commercial,Houston,Texas,South,Technology
100826,Lakeside Legacy Group,Commercial,Newark,New Jersey,Northeast,Healthcare
100827,Coastal Crossroads Group,Retail Chain,Tucson,Arizona,West,Manufacturing
100828,Northgate Capital Industries,Commercial,Houston,Texas,South,Technology
100829,Oakridge Regional Retail Partners,Retail Chain,Dallas,Texas,South,Logistics
100830,Riverside Central Manufacturing,Commercial,Philadelphia,Pennsylvania,Northeast,Healthcare
100831,Evergreen Signature Contractors,Commercial,Los Angeles,California,West,Automotive
100832,National Landmark Hospitality Services,Industrial,Chicago,Illinois,Midwest,Automotive
100833,National Regional Hospitality Services,Commercial,Denver,Colorado,West,Retail
100834,Union Supply Co.,Commercial,Columbus,Ohio,Midwest,Automotive
100835,Keystone Valley Industrial Systems,Industrial,Indianapolis,Indiana,Midwest,Education
100836,Continental Crossroads Services,Institutional,Indianapolis,Indiana,Midwest,Technology
100837,Cascade Central Partners,Industrial,Pittsburgh,Pennsylvania,Northeast,Logistics
100838,Redwood Regional Corp.,Institutional,Indianapolis,Indiana,Midwest,Logistics
100839,Silverline Regional Services,Retail Chain,Philadelphia,Pennsylvania,Northeast,Hospitality
100840,Horizon Summit Facilities Group,Institutional,Pittsburgh,Pennsylvania,Northeast,Healthcare
100841,Fairmont Regional Holdings,Institutional,Baltimore,Maryland,Northeast,Automotive
100842,Bluepoint Harbor Enterprises,Institutional,Seattle,Washington,West,Construction
100843,Frontier Metro Manufacturing,Institutional,Pittsburgh,Pennsylvania,Northeast,Construction
100844,Superior Landmark Solutions,Government,Philadelphia,Pennsylvania,Northeast,Food Service
100845,Bluepoint Capital Holdings,Government,San Antonio,Texas,South,Logistics
100846,Premier Legacy Industrial Systems,Government,Orlando,Florida,South,Healthcare
100847,Coastal Metro Corp.,Commercial,Nashville,Tennessee,South,Technology
100848,Northgate Prime Manufacturing,Retail Chain,Seattle,Washington,West,Construction
100849,Silverline Prime Holdings,Retail Chain,Kansas City,Missouri,Midwest,Manufacturing
100850,Apex Elite Holdings,Industrial,Minneapolis,Minnesota,Midwest,Logistics
100851,Summit Legacy Distribution,Government,Charlotte,North Carolina,South,Construction
100852,Heritage Crossroads Supply Co.,Commercial,Chicago,Illinois,Midwest,Technology
100853,Apex Capital Medical Supply,Industrial,Minneapolis,Minnesota,Midwest,Construction
100854,Coastal Prime Hospitality Services,Retail Chain,Boston,Massachusetts,Northeast,Manufacturing
100855,Liberty Crossroads Services,Commercial,Milwaukee,Wisconsin,Midwest,Technology
100856,Vanguard United Facilities Group,Commercial,Newark,New Jersey,Northeast,Retail
100857,Summitline Harbor Partners,Commercial,Los Angeles,California,West,Logistics
100858,Maple Valley Logistics,Government,Phoenix,Arizona,West,Education
100859,Redwood Reliable Enterprises,Retail Chain,Baltimore,Maryland,Northeast,Construction
100860,Evergreen Reliable Industries,Institutional,Pittsburgh,Pennsylvania,Northeast,Food Service
100861,Riverside Legacy Holdings,Retail Chain,Raleigh,North Carolina,South,Automotive
100862,Riverside Capital Enterprises,Commercial,Houston,Texas,South,Food Service
100863,Pioneer Central Enterprises,Institutional,Indianapolis,Indiana,Midwest,Education
100864,Frontier Valley Services,Institutional,Houston,Texas,South,Manufacturing
100865,Trailhead Crossroads Construction Group,Industrial,San Antonio,Texas,South,Retail
100866,Westbrook First Medical Supply,Government,Kansas City,Missouri,Midwest,Retail
100867,Ironclad Partners,Industrial,Denver,Colorado,West,Manufacturing
100868,Maple Trusted Contractors,Industrial,Nashville,Tennessee,South,Retail
100869,Union Capital Corp.,Retail Chain,Indianapolis,Indiana,Midwest,Retail
100870,Meridian United Partners,Retail Chain,Raleigh,North Carolina,South,Hospitality
100871,Northwest Valley Industrial Systems,Institutional,Raleigh,North Carolina,South,Healthcare
100872,Granite Summit Industrial Systems,Retail Chain,Cleveland,Ohio,Midwest,Education
100873,Allied Legacy Partners,Industrial,Pittsburgh,Pennsylvania,Northeast,Hospitality
100874,Summitline Allied Systems,Industrial,Tucson,Arizona,West,Automotive
100875,Sterling Allied Group,Government,Raleigh,North Carolina,South,Healthcare
100876,Silverline Regional Retail Partners,Industrial,Salt Lake City,Utah,West,Manufacturing
100877,Ironclad Reliable Facilities Group,Commercial,Indianapolis,Indiana,Midwest,Construction
100878,Allied Prime Logistics,Industrial,Seattle,Washington,West,Food Service
100879,Bluepoint Valley Distribution,Government,Charlotte,North Carolina,South,Education
100880,Superior National Partners,Industrial,Portland,Oregon,West,Automotive
100881,Westbrook Enterprises,Government,Cleveland,Ohio,Midwest,Construction
100882,Anchor Summit Enterprises,Retail Chain,Columbus,Ohio,Midwest,Manufacturing
100883,Fairmont Elite Contractors,Institutional,Milwaukee,Wisconsin,Midwest,Automotive
100884,Pioneer National Group,Commercial,Seattle,Washington,West,Manufacturing
100885,Oakridge Holdings,Industrial,Seattle,Washington,West,Healthcare
100886,Riverside Allied Distribution,Industrial,Tucson,Arizona,West,Education
100887,Trailhead Elite Services,Industrial,Charlotte,North Carolina,South,Construction
100888,Heritage Prime Construction Group,Retail Chain,Houston,Texas,South,Hospitality
100889,Summit First Services,Industrial,Chicago,Illinois,Midwest,Food Service
100890,Redwood Crossroads Retail Partners,Commercial,Houston,Texas,South,Technology
100891,Fairmont Trusted Industrial Systems,Institutional,Orlando,Florida,South,Hospitality
100892,Bluepoint United Medical Supply,Commercial,Baltimore,Maryland,Northeast,Education
100893,Redwood Harbor Distribution,Retail Chain,Albany,New York,Northeast,Hospitality
100894,Riverside Systems,Government,Sacramento,California,West,Food Service
100895,Riverside Allied Services,Industrial,Detroit,Michigan,Midwest,Technology
100896,Apex Reliable Contractors,Industrial,Cleveland,Ohio,Midwest,Manufacturing
100897,Granite Regional Solutions,Institutional,Charlotte,North Carolina,South,Technology
100898,Horizon Legacy Contractors,Commercial,Baltimore,Maryland,Northeast,Hospitality
100899,Summitline Reliable Facilities Group,Institutional,Boston,Massachusetts,Northeast,Education
100900,Meridian Reliable Hospitality Services,Industrial,Portland,Oregon,West,Automotive
100901,Coastal Reliable Partners,Institutional,Cleveland,Ohio,Midwest,Hospitality
100902,Lakeside Trusted Facilities Group,Institutional,Orlando,Florida,South,Logistics
100903,National Regional Corp.,Government,Albany,New York,Northeast,Technology
100904,Bluepoint Corp.,Industrial,Indianapolis,Indiana,Midwest,Healthcare
100905,Riverside Prime Holdings,Industrial,Charlotte,North Carolina,South,Healthcare
100906,National Central Facilities Group,Retail Chain,Albany,New York,Northeast,Construction
100907,National Landmark Group,Commercial,Sacramento,California,West,Construction
100908,Allied Summit Holdings,Government,Kansas City,Missouri,Midwest,Retail
100909,Summit Valley Manufacturing,Commercial,Indianapolis,Indiana,Midwest,Healthcare
100910,Riverside Elite Industrial Systems,Industrial,Columbus,Ohio,Midwest,Automotive
100911,Crestview Signature Systems,Industrial,Newark,New Jersey,Northeast,Healthcare
100912,Oakridge Summit Services,Institutional,Baltimore,Maryland,Northeast,Education
100913,Heritage National Industries,Industrial,Portland,Oregon,West,Healthcare
100914,Summitline Capital Industries,Institutional,Pittsburgh,Pennsylvania,Northeast,Education
100915,Keystone Regional Group,Government,Raleigh,North Carolina,South,Construction
100916,Liberty Legacy Construction Group,Commercial,Houston,Texas,South,Retail
100917,Continental Valley Supply Co.,Government,Houston,Texas,South,Education
100918,Superior Reliable Group,Government,Raleigh,North Carolina,South,Logistics
100919,Fairmont Industries,Retail Chain,Detroit,Michigan,Midwest,Automotive
100920,Continental Valley Solutions,Institutional,Charlotte,North Carolina,South,Retail
100921,Allied Services,Industrial,Columbus,Ohio,Midwest,Logistics
100922,Continental Regional Distribution,Commercial,Detroit,Michigan,Midwest,Logistics
100923,Silverline Legacy Manufacturing,Retail Chain,Phoenix,Arizona,West,Technology
100924,Fairmont Crossroads Services,Institutional,Salt Lake City,Utah,West,Logistics
100925,Keystone Valley Systems,Institutional,Salt Lake City,Utah,West,Logistics
100926,Fairmont Summit Supply Co.,Retail Chain,Albany,New York,Northeast,Technology
100927,Vanguard Metro Facilities Group,Retail Chain,Nashville,Tennessee,South,Hospitality
100928,Apex Construction Group,Institutional,Houston,Texas,South,Education
100929,Liberty Summit Contractors,Institutional,Sacramento,California,West,Healthcare
100930,Redwood Harbor Supply Co.,Retail Chain,Atlanta,Georgia,South,Logistics
100931,Horizon Crossroads Enterprises,Industrial,Phoenix,Arizona,West,Healthcare
100932,Crestview Valley Facilities Group,Institutional,Atlanta,Georgia,South,Automotive
100933,Westbrook Trusted Holdings,Industrial,Chicago,Illinois,Midwest,Retail
100934,Riverside Landmark Manufacturing,Industrial,Portland,Oregon,West,Technology
100935,Northwest First Medical Supply,Commercial,Minneapolis,Minnesota,Midwest,Retail
100936,Pioneer Prime Construction Group,Institutional,Albany,New York,Northeast,Hospitality
100937,Union Valley Logistics,Retail Chain,Portland,Oregon,West,Manufacturing
100938,Northwest Allied Enterprises,Commercial,Baltimore,Maryland,Northeast,Food Service
100939,Superior Facilities Group,Commercial,Baltimore,Maryland,Northeast,Retail
100940,National Valley Manufacturing,Retail Chain,Milwaukee,Wisconsin,Midwest,Construction
100941,Continental First Systems,Government,Columbus,Ohio,Midwest,Technology
100942,Frontier United Facilities Group,Industrial,Phoenix,Arizona,West,Technology
100943,Allied Legacy Facilities Group,Commercial,Portland,Oregon,West,Hospitality
100944,Lonestar Capital Solutions,Retail Chain,San Antonio,Texas,South,Hospitality
100945,Apex Signature Partners,Retail Chain,Boston,Massachusetts,Northeast,Retail
100946,Horizon Reliable Manufacturing,Government,Albany,New York,Northeast,Automotive
100947,Northwest Landmark Distribution,Retail Chain,Salt Lake City,Utah,West,Manufacturing
100948,Allied Allied Facilities Group,Industrial,Los Angeles,California,West,Manufacturing
100949,Evergreen Central Supply Co.,Institutional,Tucson,Arizona,West,Automotive
100950,Keystone United Industries,Institutional,Los Angeles,California,West,Manufacturing
100951,Pioneer Elite Holdings,Commercial,Columbus,Ohio,Midwest,Retail
100952,Continental Metro Services,Retail Chain,Salt Lake City,Utah,West,Education
100953,Maple Elite Corp.,Commercial,Philadelphia,Pennsylvania,Northeast,Hospitality
100954,Heritage National Contractors,Government,Baltimore,Maryland,Northeast,Food Service
100955,Pioneer Allied Manufacturing,Institutional,Portland,Oregon,West,Healthcare
100956,Fairmont Trusted Industries,Retail Chain,Raleigh,North Carolina,South,Food Service
100957,Premier Prime Retail Partners,Industrial,Pittsburgh,Pennsylvania,Northeast,Healthcare
100958,Summit Prime Supply Co.,Institutional,Baltimore,Maryland,Northeast,Logistics
100959,Anchor Trusted Industrial Systems,Retail Chain,Minneapolis,Minnesota,Midwest,Education
100960,Liberty Harbor Logistics,Retail Chain,Phoenix,Arizona,West,Retail
100961,Northgate Solutions,Institutional,Denver,Colorado,West,Retail
100962,Evergreen Signature Services,Institutional,Kansas City,Missouri,Midwest,Healthcare
100963,Keystone Crossroads Partners,Retail Chain,Newark,New Jersey,Northeast,Automotive
100964,National Landmark Manufacturing,Retail Chain,Tucson,Arizona,West,Healthcare
100965,Silverline Central Services,Industrial,Baltimore,Maryland,Northeast,Retail
100966,Cascade First Services,Institutional,Orlando,Florida,South,Automotive
100967,Union Industrial Systems,Retail Chain,Seattle,Washington,West,Automotive
100968,Northwest Regional Contractors,Government,Boston,Massachusetts,Northeast,Food Service
100969,Redwood Elite Group,Retail Chain,Los Angeles,California,West,Education
100970,Fairmont Reliable Facilities Group,Retail Chain,Atlanta,Georgia,South,Logistics
100971,Fairmont First Enterprises,Institutional,Charlotte,North Carolina,South,Food Service
100972,Patriot National Group,Commercial,Orlando,Florida,South,Education
100973,Trailhead Capital Industries,Government,Atlanta,Georgia,South,Automotive
100974,Fairmont National Systems,Commercial,Orlando,Florida,South,Food Service
100975,Crestview Reliable Supply Co.,Institutional,Portland,Oregon,West,Logistics
100976,Oakridge Allied Group,Institutional,Charlotte,North Carolina,South,Hospitality
100977,Heritage Landmark Services,Industrial,Detroit,Michigan,Midwest,Food Service
100978,Union Manufacturing,Retail Chain,Salt Lake City,Utah,West,Logistics
100979,Union National Retail Partners,Retail Chain,Milwaukee,Wisconsin,Midwest,Construction
100980,Cascade Allied Corp.,Government,Chicago,Illinois,Midwest,Construction
100981,Patriot Landmark Hospitality Services,Institutional,Columbus,Ohio,Midwest,Food Service
100982,Northgate Signature Hospitality Services,Industrial,Portland,Oregon,West,Manufacturing
100983,Apex First Solutions,Institutional,Houston,Texas,South,Manufacturing
100984,Redwood Metro Services,Industrial,Milwaukee,Wisconsin,Midwest,Retail
100985,Union First Partners,Industrial,Kansas City,Missouri,Midwest,Logistics
100986,Superior Landmark Retail Partners,Government,Seattle,Washington,West,Food Service
100987,Crestview Prime Corp.,Retail Chain,Albany,New York,Northeast,Manufacturing
100988,Fairmont Central Construction Group,Retail Chain,Detroit,Michigan,Midwest,Technology
100989,Heritage Elite Corp.,Institutional,Detroit,Michigan,Midwest,Retail
100990,Keystone Capital Supply Co.,Retail Chain,Indianapolis,Indiana,Midwest,Manufacturing
100991,Summitline First Retail Partners,Commercial,Baltimore,Maryland,Northeast,Healthcare
100992,Ironclad Capital Enterprises,Government,Boston,Massachusetts,Northeast,Manufacturing
100993,Summitline Summit Construction Group,Industrial,Philadelphia,Pennsylvania,Northeast,Construction
100994,Westbrook Signature Corp.,Industrial,Orlando,Florida,South,Food Service
100995,Anchor Valley Facilities Group,Government,Dallas,Texas,South,Technology
100996,Patriot Signature Logistics,Commercial,Phoenix,Arizona,West,Hospitality
100997,Crestview National Systems,Commercial,Dallas,Texas,South,Healthcare
100998,Oakridge Capital Group,Commercial,Minneapolis,Minnesota,Midwest,Technology
100999,Patriot Legacy Corp.,Commercial,Atlanta,Georgia,South,Automotive
101000,Summitline Elite Corp.,Institutional,Minneapolis,Minnesota,Midwest,Manufacturing
101001,Sterling United Holdings,Government,Sacramento,California,West,Technology
101002,Heritage Prime Holdings,Retail Chain,Los Angeles,California,West,Education
101003,Bluepoint Reliable Manufacturing,Industrial,Tucson,Arizona,West,Logistics
101004,Crestview Prime Manufacturing,Retail Chain,Atlanta,Georgia,South,Retail
101005,Allied United Enterprises,Industrial,Nashville,Tennessee,South,Education
101006,Meridian Signature Hospitality Services,Institutional,Philadelphia,Pennsylvania,Northeast,Education
101007,Summitline Crossroads Industrial Systems,Industrial,Orlando,Florida,South,Education
101008,Ironclad Central Industries,Institutional,Houston,Texas,South,Retail
101009,Silverline Regional Partners,Commercial,Cleveland,Ohio,Midwest,Technology
101010,Maple Landmark Holdings,Industrial,Pittsburgh,Pennsylvania,Northeast,Retail
101011,Vanguard Central Holdings,Retail Chain,Atlanta,Georgia,South,Technology
101012,Frontier National Supply Co.,Government,Pittsburgh,Pennsylvania,Northeast,Food Service
101013,National Central Contractors,Retail Chain,Sacramento,California,West,Manufacturing
101014,Meridian Elite Holdings,Retail Chain,Newark,New Jersey,Northeast,Education
101015,Northgate Valley Industrial Systems,Commercial,Baltimore,Maryland,Northeast,Technology
101016,Lonestar Reliable Group,Commercial,Newark,New Jersey,Northeast,Education
101017,Allied Valley Hospitality Services,Commercial,Detroit,Michigan,Midwest,Education
101018,Keystone Manufacturing,Industrial,Denver,Colorado,West,Construction
101019,Ironclad Signature Solutions,Institutional,Milwaukee,Wisconsin,Midwest,Construction
101020,Ironclad Harbor Retail Partners,Government,Sacramento,California,West,Hospitality
101021,Northgate First Construction Group,Institutional,Indianapolis,Indiana,Midwest,Hospitality
101022,Meridian Landmark Systems,Retail Chain,Sacramento,California,West,Hospitality
101023,Silverline Partners,Industrial,Sacramento,California,West,Food Service
101024,Bluepoint Legacy Retail Partners,Commercial,Charlotte,North Carolina,South,Healthcare
101025,Lonestar Prime Manufacturing,Institutional,Milwaukee,Wisconsin,Midwest,Logistics
101026,Cascade Allied Group,Industrial,Albany,New York,Northeast,Logistics
101027,Summitline Legacy Services,Institutional,Phoenix,Arizona,West,Logistics
101028,Pinnacle Prime Contractors,Commercial,Atlanta,Georgia,South,Healthcare
101029,Oakridge Summit Retail Partners,Industrial,Los Angeles,California,West,Manufacturing
101030,Silverline United Distribution,Industrial,Salt Lake City,Utah,West,Hospitality
101031,National Trusted Group,Commercial,Dallas,Texas,South,Retail
101032,Riverside Elite Group,Retail Chain,Seattle,Washington,West,Education
101033,Allied Crossroads Manufacturing,Retail Chain,Phoenix,Arizona,West,Education
101034,Lakeside Trusted Enterprises,Government,Columbus,Ohio,Midwest,Hospitality
101035,Cascade Legacy Facilities Group,Commercial,Newark,New Jersey,Northeast,Automotive
101036,Meridian Allied Retail Partners,Government,San Antonio,Texas,South,Construction
101037,Crestview Elite Solutions,Government,Tucson,Arizona,West,Logistics
101038,Silverline Harbor Solutions,Commercial,Cleveland,Ohio,Midwest,Construction
101039,Northgate Landmark Retail Partners,Industrial,Nashville,Tennessee,South,Logistics
101040,Lakeside Capital Partners,Government,Milwaukee,Wisconsin,Midwest,Logistics
101041,Keystone Trusted Supply Co.,Industrial,Milwaukee,Wisconsin,Midwest,Healthcare
101042,Summitline First Solutions,Government,Raleigh,North Carolina,South,Construction
101043,Superior Harbor Construction Group,Industrial,Chicago,Illinois,Midwest,Food Service
101044,Apex Summit Industrial Systems,Government,Baltimore,Maryland,Northeast,Technology
101045,Meridian National Facilities Group,Government,San Antonio,Texas,South,Hospitality
101046,Oakridge Landmark Systems,Industrial,Columbus,Ohio,Midwest,Food Service
101047,Sterling Landmark Partners,Government,Chicago,Illinois,Midwest,Education
101048,Sterling Central Medical Supply,Government,Los Angeles,California,West,Hospitality
101049,Evergreen Legacy Supply Co.,Retail Chain,Salt Lake City,Utah,West,Hospitality
101050,Pioneer Reliable Distribution,Commercial,Philadelphia,Pennsylvania,Northeast,Construction
101051,National Valley Services,Institutional,Portland,Oregon,West,Education
101052,Fairmont Reliable Logistics,Industrial,Atlanta,Georgia,South,Manufacturing
101053,Apex Harbor Partners,Government,Boston,Massachusetts,Northeast,Retail
101054,Coastal Elite Contractors,Commercial,Detroit,Michigan,Midwest,Food Service
101055,Redwood Capital Industries,Government,Sacramento,California,West,Food Service
101056,Redwood Regional Hospitality Services,Institutional,Baltimore,Maryland,Northeast,Education
101057,Evergreen Central Holdings,Institutional,Charlotte,North Carolina,South,Construction
101058,Evergreen Summit Medical Supply,Industrial,Los Angeles,California,West,Logistics
101059,Patriot First Contractors,Commercial,Denver,Colorado,West,Manufacturing
101060,Frontier First Medical Supply,Retail Chain,Kansas City,Missouri,Midwest,Construction
101061,Allied Regional Solutions,Institutional,Pittsburgh,Pennsylvania,Northeast,Technology
101062,Crestview Prime Distribution,Retail Chain,Boston,Massachusetts,Northeast,Manufacturing
101063,Frontier Prime Manufacturing,Retail Chain,Columbus,Ohio,Midwest,Automotive
101064,Granite Capital Medical Supply,Government,Philadelphia,Pennsylvania,Northeast,Healthcare
101065,Apex Capital Solutions,Commercial,Dallas,Texas,South,Healthcare
101066,Redwood Capital Industrial Systems,Retail Chain,Portland,Oregon,West,Technology
101067,Summit Summit Enterprises,Industrial,Tucson,Arizona,West,Healthcare
101068,Ironclad Harbor Hospitality Services,Industrial,Newark,New Jersey,Northeast,Manufacturing
101069,Pinnacle Legacy Systems,Commercial,Dallas,Texas,South,Technology
101070,Horizon National Enterprises,Institutional,Baltimore,Maryland,Northeast,Automotive
101071,Summit United Hospitality Services,Retail Chain,Raleigh,North Carolina,South,Logistics
101072,Meridian Central Industries,Industrial,Columbus,Ohio,Midwest,Healthcare
101073,Anchor United Construction Group,Government,Dallas,Texas,South,Retail
101074,Silverline Reliable Industrial Systems,Industrial,Salt Lake City,Utah,West,Manufacturing
101075,Northgate Crossroads Distribution,Commercial,Pittsburgh,Pennsylvania,Northeast,Construction
101076,Northwest Trusted Medical Supply,Industrial,Phoenix,Arizona,West,Hospitality
101077,Crestview Landmark Logistics,Institutional,Seattle,Washington,West,Construction
101078,Sterling Capital Industrial Systems,Industrial,Philadelphia,Pennsylvania,Northeast,Food Service
101079,Cascade Legacy Logistics,Industrial,Denver,Colorado,West,Automotive
101080,Keystone Valley Contractors,Government,Salt Lake City,Utah,West,Technology
101081,Meridian United Holdings,Institutional,Denver,Colorado,West,Logistics
101082,Crestview Harbor Corp.,Retail Chain,Minneapolis,Minnesota,Midwest,Manufacturing
101083,Horizon Allied Partners,Retail Chain,Portland,Oregon,West,Logistics
101084,Anchor Capital Industrial Systems,Commercial,Baltimore,Maryland,Northeast,Automotive
101085,Granite Crossroads Contractors,Retail Chain,San Antonio,Texas,South,Education
101086,Anchor Central Partners,Government,Kansas City,Missouri,Midwest,Healthcare
101087,Westbrook Trusted Retail Partners,Retail Chain,Philadelphia,Pennsylvania,Northeast,Construction
101088,Vanguard Summit Solutions,Government,Houston,Texas,South,Technology
101089,Lakeside Reliable Facilities Group,Retail Chain,Nashville,Tennessee,South,Healthcare
101090,Granite Crossroads Industries,Institutional,Dallas,Texas,South,Logistics
101091,Crestview Prime Hospitality Services,Retail Chain,Los Angeles,California,West,Technology
101092,Granite Central Solutions,Institutional,Raleigh,North Carolina,South,Technology
101093,Bluepoint Allied Services,Government,San Antonio,Texas,South,Logistics
101094,Fairmont Prime Retail Partners,Industrial,Boston,Massachusetts,Northeast,Food Service
101095,Pinnacle Reliable Distribution,Institutional,San Antonio,Texas,South,Food Service
101096,Granite Summit Distribution,Industrial,Newark,New Jersey,Northeast,Logistics
101097,National First Distribution,Commercial,Newark,New Jersey,Northeast,Technology
101098,Evergreen First Industrial Systems,Retail Chain,Pittsburgh,Pennsylvania,Northeast,Logistics
101099,Frontier Capital Retail Partners,Government,Boston,Massachusetts,Northeast,Retail
101100,Pinnacle Harbor Group,Institutional,Boston,Massachusetts,Northeast,Logistics
101101,Continental Central Manufacturing,Commercial,Detroit,Michigan,Midwest,Logistics
101102,Union Landmark Holdings,Retail Chain,Milwaukee,Wisconsin,Midwest,Automotive
101103,Lakeside Landmark Contractors,Government,Phoenix,Arizona,West,Retail
101104,Evergreen Signature Hospitality Services,Institutional,Houston,Texas,South,Retail
101105,Evergreen Elite Manufacturing,Commercial,Seattle,Washington,West,Education
101106,Westbrook Capital Distribution,Commercial,Houston,Texas,South,Education
101107,Apex Allied Hospitality Services,Institutional,Los Angeles,California,West,Automotive
101108,Westbrook Prime Group,Commercial,Albany,New York,Northeast,Food Service
101109,Northgate United Facilities Group,Industrial,Milwaukee,Wisconsin,Midwest,Construction
101110,Cascade United Holdings,Industrial,Houston,Texas,South,Automotive
101111,Summitline Harbor Solutions,Government,Denver,Colorado,West,Hospitality
101112,National United Industrial Systems,Government,Houston,Texas,South,Technology
101113,Meridian Legacy Logistics,Commercial,Orlando,Florida,South,Education
101114,National United Partners,Government,Pittsburgh,Pennsylvania,Northeast,Manufacturing
101115,Oakridge Capital Partners,Institutional,Los Angeles,California,West,Construction
101116,Vanguard Metro Contractors,Retail Chain,Indianapolis,Indiana,Midwest,Hospitality
101117,Trailhead Reliable Medical Supply,Retail Chain,Orlando,Florida,South,Education
101118,Pinnacle Group,Industrial,Seattle,Washington,West,Technology
101119,Superior Central Hospitality Services,Commercial,Dallas,Texas,South,Logistics
101120,Premier Metro Supply Co.,Institutional,Sacramento,California,West,Manufacturing
101121,Oakridge Metro Retail Partners,Institutional,Milwaukee,Wisconsin,Midwest,Hospitality
101122,Northwest Reliable Medical Supply,Industrial,Charlotte,North Carolina,South,Retail
101123,Anchor Valley Logistics,Retail Chain,Nashville,Tennessee,South,Education
101124,Anchor Capital Group,Commercial,Sacramento,California,West,Hospitality
101125,Continental Regional Group,Government,Sacramento,California,West,Construction
101126,Lakeside Regional Contractors,Institutional,Nashville,Tennessee,South,Retail
101127,Lakeside Regional Facilities Group,Institutional,Tucson,Arizona,West,Construction
101128,Oakridge Metro Manufacturing,Institutional,Newark,New Jersey,Northeast,Automotive
101129,Premier Harbor Construction Group,Institutional,Columbus,Ohio,Midwest,Food Service
101130,Pinnacle Prime Hospitality Services,Institutional,Houston,Texas,South,Manufacturing
101131,Allied National Corp.,Industrial,Dallas,Texas,South,Hospitality
101132,Heritage Valley Enterprises,Institutional,Newark,New Jersey,Northeast,Hospitality
101133,Redwood United Logistics,Industrial,Boston,Massachusetts,Northeast,Construction
101134,Redwood Prime Systems,Commercial,Milwaukee,Wisconsin,Midwest,Education
101135,Ironclad Reliable Logistics,Institutional,Tucson,Arizona,West,Logistics
101136,Evergreen Regional Enterprises,Retail Chain,Sacramento,California,West,Construction
101137,Coastal National Hospitality Services,Industrial,Charlotte,North Carolina,South,Construction
101138,Crestview Reliable Manufacturing,Government,Columbus,Ohio,Midwest,Education
101139,Premier Industries,Commercial,Kansas City,Missouri,Midwest,Hospitality
101140,Cascade National Distribution,Institutional,Cleveland,Ohio,Midwest,Education
101141,Fairmont Harbor Distribution,Retail Chain,Tucson,Arizona,West,Construction
101142,Meridian Trusted Contractors,Institutional,Nashville,Tennessee,South,Technology
101143,Northgate First Holdings,Retail Chain,Raleigh,North Carolina,South,Retail
101144,Lakeside Trusted Retail Partners,Commercial,Kansas City,Missouri,Midwest,Manufacturing
101145,Crestview First Corp.,Retail Chain,Phoenix,Arizona,West,Construction
101146,Bluepoint Reliable Industrial Systems,Industrial,Seattle,Washington,West,Construction
101147,Bluepoint Crossroads Construction Group,Industrial,Atlanta,Georgia,South,Construction
101148,Meridian Summit Enterprises,Retail Chain,Dallas,Texas,South,Automotive
101149,Vanguard Prime Solutions,Retail Chain,Atlanta,Georgia,South,Food Service
101150,Lonestar Valley Enterprises,Government,Denver,Colorado,West,Healthcare
101151,Crestview First Medical Supply,Industrial,Chicago,Illinois,Midwest,Technology
101152,Coastal Harbor Medical Supply,Retail Chain,Tucson,Arizona,West,Automotive
101153,Superior Landmark Corp.,Institutional,Los Angeles,California,West,Food Service
101154,Riverside Crossroads Solutions,Government,Orlando,Florida,South,Food Service
101155,Superior Reliable Retail Partners,Commercial,Dallas,Texas,South,Technology
101156,National Metro Enterprises,Retail Chain,Detroit,Michigan,Midwest,Technology
101157,Meridian Legacy Supply Co.,Institutional,Philadelphia,Pennsylvania,Northeast,Hospitality
101158,Vanguard United Services,Commercial,Pittsburgh,Pennsylvania,Northeast,Education
101159,Maple United Solutions,Commercial,Philadelphia,Pennsylvania,Northeast,Hospitality
101160,Apex Legacy Systems,Commercial,Chicago,Illinois,Midwest,Construction
101161,Anchor Harbor Hospitality Services,Industrial,Cleveland,Ohio,Midwest,Manufacturing
101162,Heritage Legacy Contractors,Industrial,Raleigh,North Carolina,South,Hospitality
101163,Apex Metro Manufacturing,Retail Chain,Pittsburgh,Pennsylvania,Northeast,Logistics
101164,Superior Landmark Construction Group,Government,Salt Lake City,Utah,West,Construction
101165,Silverline First Group,Commercial,Columbus,Ohio,Midwest,Education
101166,Premier Prime Logistics,Commercial,Portland,Oregon,West,Construction
101167,Premier Crossroads Distribution,Industrial,Seattle,Washington,West,Food Service
101168,Patriot Facilities Group,Government,Nashville,Tennessee,South,Healthcare
101169,Pioneer Signature Supply Co.,Institutional,Orlando,Florida,South,Automotive
101170,Northwest Harbor Manufacturing,Commercial,Los Angeles,California,West,Manufacturing
101171,Anchor Landmark Services,Commercial,Orlando,Florida,South,Retail
101172,Lonestar Central Manufacturing,Government,Cleveland,Ohio,Midwest,Retail
101173,Summitline Summit Distribution,Institutional,Denver,Colorado,West,Automotive
101174,Apex United Contractors,Commercial,Newark,New Jersey,Northeast,Technology
101175,Frontier First Construction Group,Retail Chain,Orlando,Florida,South,Food Service
101176,Summit Central Distribution,Institutional,Tucson,Arizona,West,Manufacturing
101177,Summit National Holdings,Institutional,Phoenix,Arizona,West,Hospitality
101178,Granite Summit Holdings,Institutional,Atlanta,Georgia,South,Technology
101179,Heritage United Hospitality Services,Government,Tucson,Arizona,West,Hospitality
101180,Frontier First Contractors,Retail Chain,Sacramento,California,West,Hospitality
101181,Frontier United Construction Group,Commercial,Denver,Colorado,West,Food Service
101182,Allied Landmark Retail Partners,Retail Chain,Chicago,Illinois,Midwest,Retail
101183,Sterling Services,Institutional,Kansas City,Missouri,Midwest,Construction
101184,Ironclad United Retail Partners,Institutional,Cleveland,Ohio,Midwest,Education
101185,Granite Valley Solutions,Institutional,Orlando,Florida,South,Manufacturing
101186,Keystone Summit Group,Government,Boston,Massachusetts,Northeast,Education
101187,National Crossroads Partners,Commercial,Newark,New Jersey,Northeast,Food Service
101188,Vanguard Valley Partners,Commercial,Albany,New York,Northeast,Logistics
101189,Riverside Trusted Partners,Commercial,Pittsburgh,Pennsylvania,Northeast,Hospitality
101190,Patriot Trusted Contractors,Retail Chain,Chicago,Illinois,Midwest,Construction
101191,Northgate Regional Enterprises,Retail Chain,Detroit,Michigan,Midwest,Retail
101192,Summitline Central Facilities Group,Retail Chain,Philadelphia,Pennsylvania,Northeast,Manufacturing
101193,Oakridge National Enterprises,Retail Chain,Columbus,Ohio,Midwest,Logistics
101194,Sterling National Contractors,Institutional,Salt Lake City,Utah,West,Construction
101195,National Harbor Group,Industrial,Dallas,Texas,South,Technology
101196,Summit Central Industries,Industrial,Los Angeles,California,West,Education
101197,Allied Legacy Corp.,Institutional,Denver,Colorado,West,Logistics
101198,Anchor Harbor Holdings,Retail Chain,Minneapolis,Minnesota,Midwest,Healthcare
101199,Apex Summit Group,Industrial,Newark,New Jersey,Northeast,Retail
101200,Horizon United Industrial Systems,Government,Charlotte,North Carolina,South,Food Service
101201,Northwest Facilities Group,Retail Chain,Atlanta,Georgia,South,Healthcare
101202,Cascade Harbor Enterprises,Industrial,Boston,Massachusetts,Northeast,Logistics
101203,Ironclad Trusted Enterprises,Government,Kansas City,Missouri,Midwest,Technology
101204,Bluepoint Elite Partners,Commercial,Tucson,Arizona,West,Logistics
101205,Coastal Allied Partners,Retail Chain,Sacramento,California,West,Manufacturing
101206,Anchor Allied Industrial Systems,Retail Chain,Philadelphia,Pennsylvania,Northeast,Manufacturing
101207,Meridian Central Retail Partners,Industrial,Salt Lake City,Utah,West,Automotive
101208,Superior Summit Holdings,Industrial,Philadelphia,Pennsylvania,Northeast,Retail
101209,Fairmont National Group,Industrial,Tucson,Arizona,West,Food Service
101210,Sterling Legacy Construction Group,Commercial,Los Angeles,California,West,Healthcare
101211,Riverside Trusted Solutions,Institutional,Denver,Colorado,West,Automotive
101212,Summitline National Industrial Systems,Retail Chain,Phoenix,Arizona,West,Hospitality
101213,Superior Allied Distribution,Industrial,Cleveland,Ohio,Midwest,Manufacturing
101214,Evergreen Harbor Contractors,Institutional,Minneapolis,Minnesota,Midwest,Healthcare
101215,Lonestar Metro Retail Partners,Industrial,Milwaukee,Wisconsin,Midwest,Logistics
101216,Superior Legacy Logistics,Commercial,Nashville,Tennessee,South,Logistics
101217,Silverline Central Supply Co.,Commercial,San Antonio,Texas,South,Retail
101218,Sterling Metro Partners,Institutional,Denver,Colorado,West,Manufacturing
101219,Patriot Harbor Supply Co.,Industrial,Chicago,Illinois,Midwest,Healthcare
101220,Pinnacle Regional Hospitality Services,Institutional,Salt Lake City,Utah,West,Manufacturing
101221,Continental Metro Retail Partners,Industrial,Pittsburgh,Pennsylvania,Northeast,Retail
101222,Allied Crossroads Retail Partners,Institutional,Nashville,Tennessee,South,Education
101223,Superior National Construction Group,Commercial,Chicago,Illinois,Midwest,Manufacturing
101224,National Allied Enterprises,Commercial,Detroit,Michigan,Midwest,Logistics
101225,Vanguard United Enterprises,Government,Houston,Texas,South,Education
101226,Superior Crossroads Holdings,Retail Chain,Chicago,Illinois,Midwest,Automotive
101227,Union Trusted Retail Partners,Government,Chicago,Illinois,Midwest,Technology
101228,Northgate National Services,Institutional,Minneapolis,Minnesota,Midwest,Construction
101229,Keystone Harbor Solutions,Retail Chain,Newark,New Jersey,Northeast,Hospitality
101230,Summitline Central Manufacturing,Commercial,Sacramento,California,West,Automotive
101231,Lonestar Harbor Logistics,Institutional,Salt Lake City,Utah,West,Construction
101232,Summitline National Systems,Retail Chain,Detroit,Michigan,Midwest,Logistics
101233,Redwood Summit Supply Co.,Retail Chain,Denver,Colorado,West,Logistics
101234,Silverline National Manufacturing,Institutional,Sacramento,California,West,Healthcare
101235,Evergreen Landmark Enterprises,Institutional,Nashville,Tennessee,South,Manufacturing
101236,Lakeside Prime Corp.,Industrial,Dallas,Texas,South,Healthcare
101237,Lakeside Central Hospitality Services,Retail Chain,Houston,Texas,South,Food Service
101238,Summit Elite Solutions,Retail Chain,Pittsburgh,Pennsylvania,Northeast,Logistics
101239,Keystone Capital Retail Partners,Industrial,Columbus,Ohio,Midwest,Retail
101240,Cascade First Group,Institutional,Philadelphia,Pennsylvania,Northeast,Healthcare
101241,Silverline National Solutions,Institutional,Cleveland,Ohio,Midwest,Hospitality
101242,Maple Signature Contractors,Retail Chain,Seattle,Washington,West,Construction
101243,Bluepoint National Distribution,Government,Orlando,Florida,South,Retail
101244,Northwest Manufacturing,Industrial,Baltimore,Maryland,Northeast,Education
101245,Granite Summit Partners,Institutional,San Antonio,Texas,South,Automotive
101246,Granite United Medical Supply,Industrial,Charlotte,North Carolina,South,Hospitality
101247,Lonestar Prime Corp.,Institutional,Salt Lake City,Utah,West,Logistics
101248,Allied Legacy Logistics,Retail Chain,Columbus,Ohio,Midwest,Food Service
101249,Ironclad Valley Systems,Institutional,Salt Lake City,Utah,West,Retail
101250,Pinnacle First Enterprises,Commercial,Milwaukee,Wisconsin,Midwest,Technology
101251,Liberty Capital Distribution,Commercial,Dallas,Texas,South,Construction
101252,Summit Valley Solutions,Government,Sacramento,California,West,Healthcare
101253,Oakridge Prime Holdings,Retail Chain,Denver,Colorado,West,Education
101254,Maple Central Medical Supply,Industrial,Sacramento,California,West,Education
101255,Anchor Allied Enterprises,Industrial,Philadelphia,Pennsylvania,Northeast,Retail
101256,Maple First Solutions,Retail Chain,Boston,Massachusetts,Northeast,Automotive
101257,Pinnacle First Facilities Group,Retail Chain,Portland,Oregon,West,Food Service
101258,National Harbor Contractors,Industrial,Denver,Colorado,West,Hospitality
101259,Bluepoint Reliable Supply Co.,Commercial,Cleveland,Ohio,Midwest,Manufacturing
101260,Pinnacle Harbor Distribution,Commercial,Boston,Massachusetts,Northeast,Logistics
101261,Silverline Reliable Partners,Government,Detroit,Michigan,Midwest,Logistics
101262,Keystone Landmark Hospitality Services,Commercial,Columbus,Ohio,Midwest,Logistics
101263,Summitline United Contractors,Retail Chain,Indianapolis,Indiana,Midwest,Healthcare
101264,Sterling Trusted Enterprises,Commercial,Indianapolis,Indiana,Midwest,Automotive
101265,National Elite Logistics,Government,Los Angeles,California,West,Healthcare
101266,Silverline National Partners,Government,Phoenix,Arizona,West,Logistics
101267,Apex Crossroads Industrial Systems,Industrial,Columbus,Ohio,Midwest,Hospitality
101268,Trailhead First Group,Commercial,Raleigh,North Carolina,South,Hospitality
101269,Coastal Crossroads Partners,Industrial,Minneapolis,Minnesota,Midwest,Technology
101270,Liberty Metro Holdings,Commercial,Indianapolis,Indiana,Midwest,Education
101271,Meridian Retail Partners,Institutional,Pittsburgh,Pennsylvania,Northeast,Food Service
101272,Evergreen United Holdings,Institutional,Minneapolis,Minnesota,Midwest,Healthcare
101273,Pioneer Central Services,Industrial,Pittsburgh,Pennsylvania,Northeast,Manufacturing
101274,Anchor Reliable Enterprises,Retail Chain,Atlanta,Georgia,South,Education
101275,Summitline Legacy Manufacturing,Industrial,Houston,Texas,South,Logistics
101276,Silverline Central Industries,Industrial,Detroit,Michigan,Midwest,Manufacturing
101277,Lakeside Metro Distribution,Industrial,Albany,New York,Northeast,Manufacturing
101278,Liberty Regional Holdings,Government,Portland,Oregon,West,Healthcare
101279,Horizon Legacy Group,Industrial,Charlotte,North Carolina,South,Retail
101280,Summitline Prime Partners,Commercial,Houston,Texas,South,Food Service
101281,Patriot Allied Corp.,Retail Chain,Houston,Texas,South,Construction
101282,Northgate Capital Manufacturing,Government,Raleigh,North Carolina,South,Hospitality
101283,Bluepoint Trusted Contractors,Institutional,Albany,New York,Northeast,Healthcare
101284,Frontier Supply Co.,Retail Chain,Tucson,Arizona,West,Hospitality
101285,Redwood Reliable Hospitality Services,Industrial,Raleigh,North Carolina,South,Healthcare
101286,Allied Valley Supply Co.,Commercial,San Antonio,Texas,South,Automotive
101287,Lakeside Hospitality Services,Government,Albany,New York,Northeast,Hospitality
101288,Cascade Legacy Systems,Institutional,Philadelphia,Pennsylvania,Northeast,Manufacturing
101289,Redwood Landmark Logistics,Institutional,Portland,Oregon,West,Automotive
101290,Bluepoint Regional Facilities Group,Commercial,Pittsburgh,Pennsylvania,Northeast,Manufacturing
101291,Redwood Harbor Facilities Group,Commercial,Seattle,Washington,West,Technology
101292,Northgate Legacy Industries,Commercial,Boston,Massachusetts,Northeast,Retail
101293,Anchor Metro Industries,Industrial,Pittsburgh,Pennsylvania,Northeast,Education
101294,Trailhead Harbor Enterprises,Institutional,Philadelphia,Pennsylvania,Northeast,Manufacturing
101295,Northwest Capital Corp.,Commercial,Pittsburgh,Pennsylvania,Northeast,Construction
101296,Liberty Legacy Enterprises,Government,Houston,Texas,South,Education
101297,Coastal Metro Services,Government,Kansas City,Missouri,Midwest,Manufacturing
101298,Trailhead United Hospitality Services,Institutional,Houston,Texas,South,Food Service
101299,Riverside Metro Medical Supply,Government,Phoenix,Arizona,West,Food Service
101300,Riverside Legacy Industries,Commercial,Detroit,Michigan,Midwest,Construction
101301,Continental Reliable Systems,Retail Chain,Cleveland,Ohio,Midwest,Education
101302,National Crossroads Industries,Industrial,Charlotte,North Carolina,South,Healthcare
101303,Fairmont Regional Manufacturing,Institutional,Boston,Massachusetts,Northeast,Retail
101304,Pioneer Crossroads Facilities Group,Institutional,Philadelphia,Pennsylvania,Northeast,Construction
101305,Lonestar Reliable Contractors,Retail Chain,Boston,Massachusetts,Northeast,Healthcare
101306,Maple Landmark Retail Partners,Industrial,Philadelphia,Pennsylvania,Northeast,Retail
101307,National Reliable Industries,Government,Denver,Colorado,West,Healthcare
101308,Oakridge Legacy Distribution,Retail Chain,Phoenix,Arizona,West,Education
101309,Frontier Summit Construction Group,Government,Atlanta,Georgia,South,Food Service
101310,Riverside Valley Contractors,Retail Chain,Kansas City,Missouri,Midwest,Automotive
101311,Apex Capital Logistics,Industrial,Chicago,Illinois,Midwest,Food Service
101312,Meridian Summit Industrial Systems,Retail Chain,Albany,New York,Northeast,Healthcare
101313,Northgate First Contractors,Institutional,Milwaukee,Wisconsin,Midwest,Retail
101314,Fairmont Valley Medical Supply,Government,Pittsburgh,Pennsylvania,Northeast,Manufacturing
101315,Fairmont Allied Distribution,Institutional,Raleigh,North Carolina,South,Technology
101316,Riverside Harbor Hospitality Services,Commercial,Seattle,Washington,West,Food Service
101317,Pioneer Elite Manufacturing,Institutional,Kansas City,Missouri,Midwest,Education
101318,Apex United Services,Industrial,San Antonio,Texas,South,Food Service
101319,Westbrook Allied Systems,Retail Chain,Nashville,Tennessee,South,Construction
101320,Heritage Metro Holdings,Government,Columbus,Ohio,Midwest,Healthcare
101321,Heritage First Solutions,Commercial,Charlotte,North Carolina,South,Automotive
101322,Apex Regional Services,Commercial,Tucson,Arizona,West,Healthcare
101323,Redwood National Distribution,Government,Indianapolis,Indiana,Midwest,Healthcare
101324,Meridian First Construction Group,Retail Chain,Philadelphia,Pennsylvania,Northeast,Education
101325,Ironclad First Corp.,Retail Chain,Cleveland,Ohio,Midwest,Construction
101326,National Reliable Systems,Retail Chain,Phoenix,Arizona,West,Technology
101327,Riverside Trusted Supply Co.,Retail Chain,San Antonio,Texas,South,Logistics
101328,Pinnacle Elite Holdings,Institutional,Dallas,Texas,South,Automotive
101329,Liberty Legacy Retail Partners,Government,Charlotte,North Carolina,South,Hospitality
101330,Union Crossroads Industrial Systems,Government,Tucson,Arizona,West,Healthcare
101331,Maple Legacy Logistics,Retail Chain,San Antonio,Texas,South,Automotive
101332,Vanguard Capital Distribution,Commercial,Cleveland,Ohio,Midwest,Automotive
101333,Horizon National Retail Partners,Commercial,Orlando,Florida,South,Education
101334,Maple Holdings,Industrial,Nashville,Tennessee,South,Logistics
101335,Cascade Regional Enterprises,Institutional,Nashville,Tennessee,South,Construction
101336,Keystone National Construction Group,Commercial,Baltimore,Maryland,Northeast,Manufacturing
101337,Oakridge National Distribution,Commercial,Detroit,Michigan,Midwest,Manufacturing
101338,Northwest Signature Distribution,Government,Houston,Texas,South,Food Service
101339,Meridian Reliable Facilities Group,Retail Chain,Raleigh,North Carolina,South,Technology
101340,Trailhead Trusted Group,Industrial,Tucson,Arizona,West,Retail
101341,Bluepoint Summit Industries,Industrial,Portland,Oregon,West,Technology
101342,Evergreen First Corp.,Commercial,Denver,Colorado,West,Hospitality
101343,Oakridge Reliable Systems,Commercial,Milwaukee,Wisconsin,Midwest,Hospitality
101344,Granite Legacy Industries,Retail Chain,Tucson,Arizona,West,Logistics
101345,Granite Harbor Distribution,Industrial,Chicago,Illinois,Midwest,Construction
101346,Silverline First Contractors,Government,Detroit,Michigan,Midwest,Healthcare
101347,Union Signature Holdings,Institutional,Houston,Texas,South,Technology
101348,National Valley Industrial Systems,Retail Chain,Baltimore,Maryland,Northeast,Healthcare
101349,Apex Harbor Construction Group,Commercial,Sacramento,California,West,Healthcare
101350,Patriot Solutions,Commercial,Salt Lake City,Utah,West,Construction
101351,Evergreen Summit Partners,Institutional,Chicago,Illinois,Midwest,Technology
101352,Meridian Valley Distribution,Commercial,Nashville,Tennessee,South,Logistics
101353,Redwood Capital Logistics,Government,Seattle,Washington,West,Logistics
101354,Northgate Capital Corp.,Industrial,Indianapolis,Indiana,Midwest,Manufacturing
101355,Redwood National Construction Group,Commercial,Baltimore,Maryland,Northeast,Automotive
101356,Liberty Regional Corp.,Industrial,Milwaukee,Wisconsin,Midwest,Construction
101357,Summitline Landmark Industries,Commercial,Phoenix,Arizona,West,Hospitality
101358,Northwest Landmark Industrial Systems,Industrial,Portland,Oregon,West,Technology
101359,Lakeside Valley Enterprises,Institutional,Kansas City,Missouri,Midwest,Healthcare
101360,Redwood Trusted Corp.,Industrial,Baltimore,Maryland,Northeast,Manufacturing
101361,Sterling Valley Services,Retail Chain,Detroit,Michigan,Midwest,Construction
101362,Pinnacle Central Solutions,Institutional,Denver,Colorado,West,Manufacturing
101363,Evergreen Signature Distribution,Retail Chain,Columbus,Ohio,Midwest,Food Service
101364,Lonestar National Partners,Retail Chain,Newark,New Jersey,Northeast,Hospitality
101365,Apex Elite Supply Co.,Industrial,Tucson,Arizona,West,Construction
101366,Northwest National Supply Co.,Institutional,Salt Lake City,Utah,West,Retail
101367,Apex Central Corp.,Retail Chain,Detroit,Michigan,Midwest,Retail
101368,Summitline Trusted Corp.,Government,Portland,Oregon,West,Healthcare
101369,Frontier Metro Partners,Government,Phoenix,Arizona,West,Healthcare
101370,Superior Prime Retail Partners,Retail Chain,Nashville,Tennessee,South,Technology
101371,Ironclad Solutions,Retail Chain,Sacramento,California,West,Logistics
101372,Ironclad First Industries,Retail Chain,Nashville,Tennessee,South,Logistics
101373,Liberty United Group,Industrial,Sacramento,California,West,Logistics
101374,Riverside Central Group,Government,Portland,Oregon,West,Manufacturing
101375,Oakridge National Industrial Systems,Retail Chain,Minneapolis,Minnesota,Midwest,Healthcare
101376,Premier Reliable Industrial Systems,Retail Chain,Detroit,Michigan,Midwest,Logistics
101377,Heritage Elite Industries,Institutional,Chicago,Illinois,Midwest,Retail
101378,Oakridge Elite Medical Supply,Government,Houston,Texas,South,Healthcare
101379,Frontier Allied Corp.,Institutional,Salt Lake City,Utah,West,Automotive
101380,Trailhead Holdings,Institutional,Milwaukee,Wisconsin,Midwest,Retail
101381,Continental Summit Group,Industrial,Phoenix,Arizona,West,Technology
101382,Allied Summit Systems,Retail Chain,Nashville,Tennessee,South,Healthcare
101383,Fairmont Prime Corp.,Retail Chain,Cleveland,Ohio,Midwest,Logistics
101384,Summit Harbor Group,Industrial,Cleveland,Ohio,Midwest,Food Service
101385,Patriot Crossroads Manufacturing,Commercial,Boston,Massachusetts,Northeast,Construction
101386,Cascade Harbor Services,Retail Chain,Phoenix,Arizona,West,Technology
101387,Frontier First Partners,Institutional,Charlotte,North Carolina,South,Construction
101388,National United Supply Co.,Retail Chain,Raleigh,North Carolina,South,Technology
101389,Evergreen Elite Hospitality Services,Government,Cleveland,Ohio,Midwest,Food Service
101390,Northwest Prime Construction Group,Government,Raleigh,North Carolina,South,Manufacturing
101391,Anchor Valley Corp.,Industrial,Indianapolis,Indiana,Midwest,Food Service
101392,Frontier Elite Systems,Retail Chain,Philadelphia,Pennsylvania,Northeast,Manufacturing
101393,Pioneer Reliable Manufacturing,Commercial,Phoenix,Arizona,West,Healthcare
101394,Apex Summit Medical Supply,Institutional,Pittsburgh,Pennsylvania,Northeast,Logistics
101395,Coastal Regional Facilities Group,Institutional,Denver,Colorado,West,Manufacturing
101396,Superior Legacy Supply Co.,Industrial,Columbus,Ohio,Midwest,Healthcare
101397,Pioneer Central Contractors,Industrial,Orlando,Florida,South,Construction
101398,Northwest Allied Manufacturing,Retail Chain,Sacramento,California,West,Retail
101399,Northgate Allied Contractors,Government,Columbus,Ohio,Midwest,Automotive
101400,Maple Elite Retail Partners,Government,Nashville,Tennessee,South,Manufacturing
101401,Coastal Summit Medical Supply,Government,Sacramento,California,West,Hospitality
101402,Coastal Prime Facilities Group,Retail Chain,Dallas,Texas,South,Food Service
101403,Meridian First Supply Co.,Government,Pittsburgh,Pennsylvania,Northeast,Hospitality
101404,Sterling Crossroads Facilities Group,Commercial,Boston,Massachusetts,Northeast,Hospitality
101405,Riverside Legacy Group,Retail Chain,Kansas City,Missouri,Midwest,Technology
101406,Pioneer Signature Facilities Group,Industrial,Portland,Oregon,West,Hospitality
101407,Sterling Landmark Supply Co.,Institutional,Pittsburgh,Pennsylvania,Northeast,Logistics
101408,Pinnacle Allied Systems,Retail Chain,Charlotte,North Carolina,South,Logistics
101409,Liberty Harbor Enterprises,Industrial,Seattle,Washington,West,Manufacturing
101410,Westbrook Elite Supply Co.,Retail Chain,Portland,Oregon,West,Manufacturing
101411,Superior Signature Holdings,Industrial,Seattle,Washington,West,Logistics
101412,Frontier Trusted Logistics,Government,Salt Lake City,Utah,West,Hospitality
101413,Riverside Central Corp.,Government,Indianapolis,Indiana,Midwest,Food Service
101414,Lonestar Regional Manufacturing,Government,San Antonio,Texas,South,Technology
101415,Vanguard Trusted Group,Retail Chain,Los Angeles,California,West,Education
101416,Apex Allied Construction Group,Industrial,Minneapolis,Minnesota,Midwest,Hospitality
101417,Superior Allied Logistics,Commercial,Milwaukee,Wisconsin,Midwest,Education
101418,Sterling Elite Systems,Industrial,Tucson,Arizona,West,Automotive
101419,Anchor Summit Supply Co.,Commercial,Salt Lake City,Utah,West,Retail
101420,Summit Landmark Medical Supply,Industrial,Detroit,Michigan,Midwest,Technology
101421,Northwest Crossroads Distribution,Commercial,Indianapolis,Indiana,Midwest,Hospitality
101422,Summit Summit Industrial Systems,Commercial,Kansas City,Missouri,Midwest,Hospitality
101423,Silverline National Services,Government,Orlando,Florida,South,Retail
101424,Coastal Central Corp.,Government,Raleigh,North Carolina,South,Retail
101425,Ironclad National Hospitality Services,Industrial,Columbus,Ohio,Midwest,Technology
101426,Summit Reliable Facilities Group,Industrial,Raleigh,North Carolina,South,Logistics
101427,Union Valley Group,Retail Chain,Detroit,Michigan,Midwest,Healthcare
101428,Maple Signature Systems,Institutional,Seattle,Washington,West,Retail
101429,Lonestar Landmark Supply Co.,Government,Newark,New Jersey,Northeast,Construction
101430,Riverside Valley Construction Group,Institutional,Sacramento,California,West,Construction
101431,Sterling Reliable Enterprises,Commercial,Phoenix,Arizona,West,Education
101432,Lonestar Harbor Supply Co.,Industrial,Boston,Massachusetts,Northeast,Education
101433,Pinnacle Regional Distribution,Industrial,Nashville,Tennessee,South,Food Service
101434,Pinnacle Metro Services,Industrial,Charlotte,North Carolina,South,Education
101435,Northgate Valley Hospitality Services,Industrial,Cleveland,Ohio,Midwest,Construction
101436,Westbrook Summit Supply Co.,Industrial,Detroit,Michigan,Midwest,Logistics
101437,Ironclad Valley Industrial Systems,Retail Chain,San Antonio,Texas,South,Manufacturing
101438,Horizon Signature Industries,Institutional,Phoenix,Arizona,West,Education
101439,Premier Legacy Manufacturing,Institutional,Milwaukee,Wisconsin,Midwest,Manufacturing
101440,Continental Prime Retail Partners,Institutional,Atlanta,Georgia,South,Logistics
101441,Superior Trusted Enterprises,Retail Chain,Atlanta,Georgia,South,Education
101442,Crestview Regional Enterprises,Government,Dallas,Texas,South,Automotive
101443,Patriot Reliable Distribution,Industrial,Tucson,Arizona,West,Logistics
101444,Sterling Elite Hospitality Services,Industrial,Denver,Colorado,West,Hospitality
101445,Liberty Central Group,Commercial,Portland,Oregon,West,Hospitality
101446,Lonestar Signature Medical Supply,Government,Salt Lake City,Utah,West,Healthcare
101447,Union Regional Supply Co.,Industrial,Orlando,Florida,South,Logistics
101448,Maple Harbor Construction Group,Industrial,Raleigh,North Carolina,South,Food Service
101449,Granite Allied Hospitality Services,Government,Seattle,Washington,West,Healthcare
101450,Maple First Supply Co.,Retail Chain,Minneapolis,Minnesota,Midwest,Education
101451,Superior Allied Corp.,Commercial,Atlanta,Georgia,South,Technology
101452,National Harbor Manufacturing,Government,Baltimore,Maryland,Northeast,Hospitality
101453,Evergreen Capital Industries,Industrial,Raleigh,North Carolina,South,Hospitality
101454,Sterling Crossroads Medical Supply,Commercial,Albany,New York,Northeast,Healthcare
101455,Westbrook Reliable Systems,Commercial,Phoenix,Arizona,West,Technology
101456,Pinnacle Distribution,Institutional,Salt Lake City,Utah,West,Construction
101457,Superior Elite Distribution,Government,Houston,Texas,South,Construction
101458,Meridian Elite Industrial Systems,Commercial,Portland,Oregon,West,Logistics
101459,Allied United Medical Supply,Commercial,Baltimore,Maryland,Northeast,Food Service
101460,Sterling First Corp.,Industrial,Columbus,Ohio,Midwest,Construction
101461,Frontier Reliable Retail Partners,Institutional,Houston,Texas,South,Construction
101462,Riverside Elite Systems,Commercial,Phoenix,Arizona,West,Technology
101463,Continental United Industries,Retail Chain,Salt Lake City,Utah,West,Education
101464,Summitline Holdings,Institutional,Philadelphia,Pennsylvania,Northeast,Automotive
101465,Horizon Regional Facilities Group,Commercial,Boston,Massachusetts,Northeast,Manufacturing
101466,Apex Allied Distribution,Retail Chain,San Antonio,Texas,South,Food Service
101467,Frontier Central Systems,Institutional,Kansas City,Missouri,Midwest,Manufacturing
101468,Crestview Capital Supply Co.,Commercial,Albany,New York,Northeast,Healthcare
101469,Summitline Legacy Solutions,Industrial,Dallas,Texas,South,Manufacturing
101470,Apex Valley Corp.,Industrial,San Antonio,Texas,South,Hospitality
101471,Trailhead Prime Supply Co.,Commercial,Newark,New Jersey,Northeast,Food Service
101472,Granite United Contractors,Institutional,Kansas City,Missouri,Midwest,Construction
101473,Lakeside Regional Retail Partners,Institutional,Cleveland,Ohio,Midwest,Healthcare
101474,Vanguard Elite Medical Supply,Government,Dallas,Texas,South,Construction
101475,Granite Central Facilities Group,Commercial,Houston,Texas,South,Construction
101476,Crestview Landmark Industrial Systems,Commercial,Columbus,Ohio,Midwest,Construction
101477,Patriot Central Group,Government,Denver,Colorado,West,Retail
101478,Northwest Allied Group,Industrial,Baltimore,Maryland,Northeast,Construction
101479,Sterling Prime Contractors,Commercial,Cleveland,Ohio,Midwest,Retail
101480,Continental Landmark Medical Supply,Retail Chain,Pittsburgh,Pennsylvania,Northeast,Retail
101481,Superior Legacy Manufacturing,Institutional,Minneapolis,Minnesota,Midwest,Automotive
101482,Coastal Harbor Contractors,Industrial,Nashville,Tennessee,South,Manufacturing
101483,Summit Regional Supply Co.,Commercial,Columbus,Ohio,Midwest,Hospitality
101484,Redwood Metro Systems,Commercial,Tucson,Arizona,West,Education
101485,Riverside Metro Retail Partners,Institutional,Los Angeles,California,West,Technology
101486,Patriot Corp.,Commercial,Boston,Massachusetts,Northeast,Healthcare
101487,Trailhead Capital Manufacturing,Government,Portland,Oregon,West,Construction
101488,Horizon Trusted Holdings,Government,Philadelphia,Pennsylvania,Northeast,Technology
101489,Superior Prime Systems,Institutional,Columbus,Ohio,Midwest,Logistics
101490,Keystone Crossroads Solutions,Commercial,Cleveland,Ohio,Midwest,Automotive
101491,Trailhead Allied Contractors,Commercial,Nashville,Tennessee,South,Retail
101492,Summitline Elite Hospitality Services,Institutional,Indianapolis,Indiana,Midwest,Food Service
101493,Union Prime Contractors,Institutional,Seattle,Washington,West,Technology
101494,Ironclad Legacy Distribution,Retail Chain,Baltimore,Maryland,Northeast,Logistics
101495,Patriot Elite Retail Partners,Government,Chicago,Illinois,Midwest,Technology
101496,Meridian First Services,Industrial,Phoenix,Arizona,West,Food Service
101497,Westbrook Signature Holdings,Commercial,Cleveland,Ohio,Midwest,Healthcare
101498,Lakeside Legacy Holdings,Retail Chain,Newark,New Jersey,Northeast,Logistics
101499,Coastal Allied Contractors,Industrial,Charlotte,North Carolina,South,Manufacturing
101500,Cascade Harbor Medical Supply,Retail Chain,Sacramento,California,West,Logistics
101501,Crestview Metro Industrial Systems,Commercial,Pittsburgh,Pennsylvania,Northeast,Technology
101502,Bluepoint Allied Industries,Commercial,Seattle,Washington,West,Automotive
101503,Patriot Legacy Contractors,Retail Chain,Charlotte,North Carolina,South,Hospitality
101504,Summit First Facilities Group,Government,Houston,Texas,South,Logistics
101505,Continental Landmark Solutions,Institutional,Milwaukee,Wisconsin,Midwest,Education
101506,Meridian Solutions,Institutional,Kansas City,Missouri,Midwest,Retail
101507,Summit Facilities Group,Industrial,Kansas City,Missouri,Midwest,Education
101508,Sterling Trusted Solutions,Industrial,Baltimore,Maryland,Northeast,Construction
101509,Continental Crossroads Industrial Systems,Industrial,Baltimore,Maryland,Northeast,Automotive
101510,Premier Metro Systems,Commercial,Tucson,Arizona,West,Logistics
101511,Superior Summit Retail Partners,Commercial,Los Angeles,California,West,Manufacturing
101512,Redwood Valley Solutions,Industrial,Baltimore,Maryland,Northeast,Automotive
101513,Premier Elite Distribution,Industrial,Portland,Oregon,West,Hospitality
101514,Cascade First Industries,Commercial,Charlotte,North Carolina,South,Construction
101515,Cascade Landmark Services,Institutional,Indianapolis,Indiana,Midwest,Logistics
101516,Westbrook Regional Enterprises,Retail Chain,Salt Lake City,Utah,West,Food Service
101517,Liberty Trusted Facilities Group,Institutional,Cleveland,Ohio,Midwest,Education
101518,National Harbor Corp.,Institutional,Minneapolis,Minnesota,Midwest,Automotive
101519,Fairmont Regional Industrial Systems,Industrial,Tucson,Arizona,West,Construction
101520,Cascade First Hospitality Services,Institutional,Los Angeles,California,West,Logistics
101521,Pinnacle Summit Supply Co.,Commercial,Portland,Oregon,West,Food Service
101522,Patriot Trusted Hospitality Services,Commercial,Albany,New York,Northeast,Logistics
101523,Coastal National Logistics,Government,Pittsburgh,Pennsylvania,Northeast,Logistics
101524,Ironclad Central Contractors,Commercial,Charlotte,North Carolina,South,Healthcare
101525,Trailhead Trusted Supply Co.,Government,Cleveland,Ohio,Midwest,Education
101526,Pinnacle Allied Hospitality Services,Institutional,Detroit,Michigan,Midwest,Hospitality
101527,Pinnacle Trusted Logistics,Institutional,Nashville,Tennessee,South,Food Service
101528,Liberty Capital Partners,Institutional,Pittsburgh,Pennsylvania,Northeast,Automotive
101529,Oakridge Regional Industries,Commercial,Denver,Colorado,West,Construction
101530,Apex Capital Systems,Retail Chain,Atlanta,Georgia,South,Education
101531,Pioneer Crossroads Industrial Systems,Retail Chain,Phoenix,Arizona,West,Retail
101532,Pinnacle Capital Hospitality Services,Industrial,Sacramento,California,West,Construction
101533,Allied First Industries,Government,Boston,Massachusetts,Northeast,Automotive
101534,Northwest Regional Holdings,Institutional,Indianapolis,Indiana,Midwest,Manufacturing
101535,Westbrook Central Industrial Systems,Government,Orlando,Florida,South,Hospitality
101536,Liberty Crossroads Enterprises,Industrial,Portland,Oregon,West,Technology
101537,Granite Prime Corp.,Institutional,Tucson,Arizona,West,Food Service
101538,Union Metro Systems,Government,Raleigh,North Carolina,South,Retail
101539,Union Trusted Distribution,Government,Tucson,Arizona,West,Technology
101540,Summitline Metro Facilities Group,Institutional,Atlanta,Georgia,South,Healthcare
101541,Frontier Summit Medical Supply,Government,Pittsburgh,Pennsylvania,Northeast,Education
101542,Vanguard Prime Hospitality Services,Industrial,Cleveland,Ohio,Midwest,Retail
101543,Northwest Legacy Hospitality Services,Institutional,Indianapolis,Indiana,Midwest,Logistics
101544,Continental Central Corp.,Government,Los Angeles,California,West,Hospitality
101545,Meridian Metro Group,Government,Los Angeles,California,West,Retail
101546,Fairmont Metro Solutions,Commercial,Charlotte,North Carolina,South,Automotive
101547,Apex Central Systems,Retail Chain,Orlando,Florida,South,Food Service
101548,Allied Summit Construction Group,Institutional,Pittsburgh,Pennsylvania,Northeast,Logistics
101549,Maple Harbor Partners,Retail Chain,Kansas City,Missouri,Midwest,Healthcare
101550,Northwest Valley Group,Institutional,Baltimore,Maryland,Northeast,Automotive
101551,Ironclad Allied Services,Industrial,Nashville,Tennessee,South,Technology
101552,Pinnacle National Solutions,Commercial,Portland,Oregon,West,Construction
101553,Meridian Capital Corp.,Industrial,Nashville,Tennessee,South,Logistics
101554,Summit Elite Systems,Industrial,Indianapolis,Indiana,Midwest,Construction
101555,Sterling First Holdings,Industrial,Chicago,Illinois,Midwest,Hospitality
101556,Premier United Industrial Systems,Government,Baltimore,Maryland,Northeast,Construction
101557,Liberty Trusted Retail Partners,Commercial,Sacramento,California,West,Logistics
101558,Vanguard Central Retail Partners,Government,Detroit,Michigan,Midwest,Hospitality
101559,Crestview Metro Holdings,Industrial,Los Angeles,California,West,Hospitality
101560,Anchor Landmark Distribution,Commercial,Salt Lake City,Utah,West,Healthcare
101561,Granite Valley Supply Co.,Institutional,Chicago,Illinois,Midwest,Hospitality
101562,Pinnacle Elite Supply Co.,Commercial,Indianapolis,Indiana,Midwest,Construction
101563,Riverside Signature Medical Supply,Retail Chain,Boston,Massachusetts,Northeast,Hospitality
101564,Allied Partners,Commercial,Newark,New Jersey,Northeast,Hospitality
101565,Lonestar First Logistics,Institutional,Orlando,Florida,South,Automotive
101566,Pioneer National Services,Government,Dallas,Texas,South,Hospitality
101567,Crestview United Enterprises,Institutional,Atlanta,Georgia,South,Manufacturing
101568,Vanguard Signature Solutions,Commercial,Raleigh,North Carolina,South,Construction
101569,Pioneer Enterprises,Government,Houston,Texas,South,Automotive
101570,Granite Allied Systems,Retail Chain,Houston,Texas,South,Logistics
101571,Premier Allied Partners,Industrial,Philadelphia,Pennsylvania,Northeast,Retail
101572,Northgate Landmark Medical Supply,Government,Milwaukee,Wisconsin,Midwest,Construction
101573,Patriot National Logistics,Commercial,Orlando,Florida,South,Automotive
101574,Crestview Central Distribution,Industrial,Los Angeles,California,West,Hospitality
101575,Northgate Contractors,Industrial,Salt Lake City,Utah,West,Food Service
101576,Anchor Capital Contractors,Industrial,Charlotte,North Carolina,South,Hospitality
101577,Westbrook Capital Supply Co.,Institutional,Phoenix,Arizona,West,Logistics
101578,Allied Prime Facilities Group,Commercial,Baltimore,Maryland,Northeast,Food Service
101579,Maple Prime Holdings,Government,Denver,Colorado,West,Retail
101580,Vanguard Landmark Solutions,Industrial,Orlando,Florida,South,Food Service
101581,Keystone Summit Manufacturing,Government,Minneapolis,Minnesota,Midwest,Retail
101582,Summit Summit Partners,Government,Raleigh,North Carolina,South,Healthcare
101583,Liberty Landmark Corp.,Institutional,Philadelphia,Pennsylvania,Northeast,Hospitality
101584,Apex First Retail Partners,Retail Chain,Milwaukee,Wisconsin,Midwest,Automotive
101585,Bluepoint Prime Enterprises,Government,Charlotte,North Carolina,South,Automotive
101586,Westbrook Metro Solutions,Commercial,Boston,Massachusetts,Northeast,Hospitality
101587,Cascade Elite Group,Industrial,Portland,Oregon,West,Manufacturing
101588,National Regional Partners,Government,Boston,Massachusetts,Northeast,Healthcare
101589,Anchor Capital Holdings,Institutional,Baltimore,Maryland,Northeast,Logistics
101590,Liberty Legacy Contractors,Retail Chain,Detroit,Michigan,Midwest,Automotive
101591,Allied Landmark Partners,Retail Chain,Los Angeles,California,West,Manufacturing
101592,Ironclad Prime Services,Commercial,Indianapolis,Indiana,Midwest,Logistics
101593,Redwood Reliable Medical Supply,Government,Raleigh,North Carolina,South,Automotive
101594,Evergreen Elite Medical Supply,Industrial,Chicago,Illinois,Midwest,Food Service
101595,Summitline Valley Hospitality Services,Retail Chain,Boston,Massachusetts,Northeast,Education
101596,Pinnacle Crossroads Contractors,Government,Baltimore,Maryland,Northeast,Manufacturing
101597,Lakeside Summit Group,Institutional,Baltimore,Maryland,Northeast,Logistics
101598,Bluepoint First Facilities Group,Industrial,Milwaukee,Wisconsin,Midwest,Retail
101599,Meridian Harbor Supply Co.,Retail Chain,Orlando,Florida,South,Automotive
101600,Fairmont Signature Manufacturing,Government,Albany,New York,Northeast,Technology
101601,Keystone Contractors,Institutional,Detroit,Michigan,Midwest,Retail
101602,Keystone First Holdings,Industrial,Dallas,Texas,South,Hospitality
101603,Frontier Allied Contractors,Retail Chain,Atlanta,Georgia,South,Food Service
101604,Premier Reliable Enterprises,Retail Chain,Sacramento,California,West,Construction
101605,Northwest Harbor Distribution,Commercial,Boston,Massachusetts,Northeast,Retail
101606,Fairmont Landmark Systems,Industrial,Detroit,Michigan,Midwest,Logistics
101607,Heritage Harbor Medical Supply,Retail Chain,Pittsburgh,Pennsylvania,Northeast,Retail
101608,Bluepoint Signature Partners,Retail Chain,Seattle,Washington,West,Food Service
101609,Northgate Regional Logistics,Institutional,Boston,Massachusetts,Northeast,Technology
101610,Summit Central Medical Supply,Commercial,Chicago,Illinois,Midwest,Healthcare
101611,Frontier Elite Partners,Institutional,Houston,Texas,South,Technology
101612,Allied National Logistics,Government,Chicago,Illinois,Midwest,Food Service
101613,Union Crossroads Systems,Government,Minneapolis,Minnesota,Midwest,Food Service
101614,Westbrook Legacy Construction Group,Industrial,Albany,New York,Northeast,Logistics
101615,Pioneer Regional Contractors,Government,Charlotte,North Carolina,South,Hospitality
101616,Northgate Trusted Retail Partners,Commercial,Seattle,Washington,West,Food Service
101617,Union National Logistics,Government,Seattle,Washington,West,Education
101618,Evergreen Prime Systems,Commercial,Indianapolis,Indiana,Midwest,Education
101619,Cascade Central Services,Government,Newark,New Jersey,Northeast,Technology
101620,Trailhead Elite Contractors,Retail Chain,Denver,Colorado,West,Healthcare
101621,Granite Legacy Solutions,Institutional,Minneapolis,Minnesota,Midwest,Technology
101622,Heritage Regional Corp.,Institutional,Albany,New York,Northeast,Automotive
101623,Coastal First Facilities Group,Retail Chain,Sacramento,California,West,Technology
101624,Anchor Trusted Holdings,Industrial,Pittsburgh,Pennsylvania,Northeast,Hospitality
101625,Keystone Signature Distribution,Government,Milwaukee,Wisconsin,Midwest,Retail
101626,Trailhead Elite Facilities Group,Commercial,Albany,New York,Northeast,Retail
101627,Northgate First Services,Institutional,Detroit,Michigan,Midwest,Education
101628,Summit Harbor Facilities Group,Industrial,Raleigh,North Carolina,South,Manufacturing
101629,Pinnacle First Services,Commercial,Philadelphia,Pennsylvania,Northeast,Hospitality
101630,Summitline Trusted Supply Co.,Government,Charlotte,North Carolina,South,Construction
101631,Meridian Capital Construction Group,Institutional,Orlando,Florida,South,Manufacturing
101632,Northwest Regional Partners,Government,Raleigh,North Carolina,South,Manufacturing
101633,Maple Prime Solutions,Institutional,Philadelphia,Pennsylvania,Northeast,Healthcare
101634,Bluepoint Central Facilities Group,Industrial,Boston,Massachusetts,Northeast,Food Service
101635,Riverside Summit Supply Co.,Government,Seattle,Washington,West,Healthcare
101636,Silverline Capital Contractors,Commercial,Detroit,Michigan,Midwest,Manufacturing
101637,Horizon Regional Services,Institutional,Chicago,Illinois,Midwest,Construction
101638,Redwood National Retail Partners,Government,Cleveland,Ohio,Midwest,Automotive
101639,Pinnacle Crossroads Medical Supply,Institutional,Atlanta,Georgia,South,Automotive
101640,Continental Signature Partners,Retail Chain,Baltimore,Maryland,Northeast,Technology
101641,Evergreen National Group,Government,Phoenix,Arizona,West,Food Service
101642,Summitline Capital Facilities Group,Retail Chain,Houston,Texas,South,Construction
101643,Crestview Harbor Systems,Retail Chain,Minneapolis,Minnesota,Midwest,Construction
101644,Pinnacle Signature Industries,Commercial,Nashville,Tennessee,South,Hospitality
101645,National Elite Contractors,Retail Chain,Houston,Texas,South,Food Service
101646,Allied United Manufacturing,Government,Baltimore,Maryland,Northeast,Healthcare
101647,Oakridge Crossroads Enterprises,Institutional,Orlando,Florida,South,Technology
101648,Liberty Corp.,Government,Atlanta,Georgia,South,Healthcare
101649,Sterling Central Manufacturing,Industrial,Baltimore,Maryland,Northeast,Automotive
101650,Summit Harbor Enterprises,Retail Chain,Los Angeles,California,West,Retail
101651,Union Allied Medical Supply,Commercial,Los Angeles,California,West,Technology
101652,Meridian National Medical Supply,Retail Chain,Kansas City,Missouri,Midwest,Logistics
101653,Summitline Harbor Retail Partners,Institutional,Charlotte,North Carolina,South,Automotive
101654,Horizon National Services,Institutional,Baltimore,Maryland,Northeast,Technology
101655,Horizon Allied Services,Government,Newark,New Jersey,Northeast,Healthcare
101656,Summit Metro Industrial Systems,Industrial,Tucson,Arizona,West,Food Service
101657,Sterling First Supply Co.,Institutional,Atlanta,Georgia,South,Logistics
101658,Crestview Prime Systems,Government,Nashville,Tennessee,South,Construction
101659,Evergreen Capital Logistics,Government,Tucson,Arizona,West,Construction
101660,Pioneer Signature Manufacturing,Government,Columbus,Ohio,Midwest,Food Service
101661,Fairmont Prime Group,Commercial,Cleveland,Ohio,Midwest,Technology
101662,Allied Capital Industries,Institutional,San Antonio,Texas,South,Technology
101663,Cascade Allied Systems,Institutional,Kansas City,Missouri,Midwest,Technology
101664,Continental Regional Industries,Commercial,Newark,New Jersey,Northeast,Healthcare
101665,Northgate Landmark Enterprises,Institutional,Philadelphia,Pennsylvania,Northeast,Construction
101666,Trailhead Legacy Supply Co.,Institutional,San Antonio,Texas,South,Healthcare
101667,Patriot Capital Logistics,Commercial,Raleigh,North Carolina,South,Automotive
101668,Crestview Central Group,Institutional,San Antonio,Texas,South,Construction
101669,Patriot Capital Medical Supply,Government,Cleveland,Ohio,Midwest,Logistics
101670,Horizon Capital Distribution,Institutional,Indianapolis,Indiana,Midwest,Healthcare
101671,Premier Harbor Hospitality Services,Institutional,Indianapolis,Indiana,Midwest,Technology
101672,Trailhead Reliable Retail Partners,Commercial,San Antonio,Texas,South,Automotive
101673,Vanguard Metro Medical Supply,Government,Portland,Oregon,West,Healthcare
101674,Pioneer First Holdings,Commercial,Atlanta,Georgia,South,Hospitality
101675,Evergreen Legacy Logistics,Commercial,Seattle,Washington,West,Technology
101676,Maple Crossroads Logistics,Commercial,Raleigh,North Carolina,South,Construction
101677,Sterling Summit Construction Group,Commercial,Charlotte,North Carolina,South,Hospitality
101678,Apex Harbor Services,Institutional,Minneapolis,Minnesota,Midwest,Construction
101679,Redwood Metro Corp.,Retail Chain,Albany,New York,Northeast,Technology
101680,Frontier Trusted Holdings,Government,Salt Lake City,Utah,West,Technology
101681,Crestview Central Enterprises,Government,Albany,New York,Northeast,Construction
101682,Vanguard Landmark Corp.,Commercial,Milwaukee,Wisconsin,Midwest,Healthcare
101683,Allied Prime Corp.,Government,Los Angeles,California,West,Healthcare
101684,Pinnacle Regional Holdings,Commercial,Salt Lake City,Utah,West,Automotive
101685,Summit Metro Contractors,Retail Chain,Phoenix,Arizona,West,Logistics
101686,Evergreen Trusted Manufacturing,Institutional,Dallas,Texas,South,Healthcare
101687,Horizon Allied Distribution,Commercial,Sacramento,California,West,Logistics
101688,Union Landmark Contractors,Institutional,Cleveland,Ohio,Midwest,Healthcare
101689,Evergreen United Systems,Retail Chain,Philadelphia,Pennsylvania,Northeast,Healthcare
101690,Union Legacy Manufacturing,Industrial,Portland,Oregon,West,Hospitality
101691,Continental First Medical Supply,Commercial,Baltimore,Maryland,Northeast,Manufacturing
101692,Continental Crossroads Retail Partners,Government,Columbus,Ohio,Midwest,Education
101693,Silverline United Group,Retail Chain,Pittsburgh,Pennsylvania,Northeast,Manufacturing
101694,Premier Capital Distribution,Commercial,Chicago,Illinois,Midwest,Education
101695,Frontier Valley Enterprises,Retail Chain,Orlando,Florida,South,Healthcare
101696,Pioneer Valley Group,Commercial,Minneapolis,Minnesota,Midwest,Healthcare
101697,Lonestar Trusted Medical Supply,Government,Newark,New Jersey,Northeast,Healthcare
101698,Keystone Regional Industries,Commercial,Albany,New York,Northeast,Healthcare
101699,Northwest Legacy Holdings,Commercial,Kansas City,Missouri,Midwest,Healthcare
101700,Horizon Allied Manufacturing,Government,Detroit,Michigan,Midwest,Hospitality
101701,Horizon First Services,Retail Chain,Sacramento,California,West,Automotive
101702,Northwest Summit Partners,Government,Chicago,Illinois,Midwest,Construction
101703,National Signature Industries,Retail Chain,Boston,Massachusetts,Northeast,Logistics
101704,Meridian Valley Construction Group,Retail Chain,Phoenix,Arizona,West,Technology
101705,Riverside Crossroads Distribution,Institutional,Seattle,Washington,West,Food Service
101706,Liberty First Industries,Institutional,Tucson,Arizona,West,Education
101707,Lonestar Legacy Contractors,Institutional,Indianapolis,Indiana,Midwest,Automotive
101708,Lakeside Central Logistics,Commercial,Houston,Texas,South,Logistics
101709,Silverline United Partners,Commercial,Chicago,Illinois,Midwest,Construction
101710,Frontier Capital Solutions,Government,Chicago,Illinois,Midwest,Education
101711,Anchor Reliable Services,Commercial,Albany,New York,Northeast,Automotive
101712,Apex Trusted Logistics,Commercial,Portland,Oregon,West,Retail
101713,Cascade Summit Facilities Group,Institutional,Raleigh,North Carolina,South,Automotive
101714,Granite Summit Group,Institutional,Denver,Colorado,West,Hospitality
101715,Lakeside Harbor Partners,Commercial,Indianapolis,Indiana,Midwest,Hospitality
101716,Continental Elite Construction Group,Industrial,Philadelphia,Pennsylvania,Northeast,Hospitality
101717,Silverline Elite Group,Institutional,Seattle,Washington,West,Technology
101718,Pinnacle National Systems,Commercial,Charlotte,North Carolina,South,Automotive
101719,Sterling Summit Distribution,Retail Chain,Salt Lake City,Utah,West,Education
101720,Frontier Facilities Group,Institutional,Raleigh,North Carolina,South,Food Service
101721,Northgate Summit Distribution,Industrial,Milwaukee,Wisconsin,Midwest,Technology
101722,Vanguard Landmark Industrial Systems,Industrial,Portland,Oregon,West,Food Service
101723,Cascade Industries,Industrial,Charlotte,North Carolina,South,Retail
101724,Meridian Crossroads Construction Group,Institutional,Detroit,Michigan,Midwest,Food Service
101725,Riverside Harbor Systems,Retail Chain,Tucson,Arizona,West,Education
101726,Summit Signature Corp.,Government,Houston,Texas,South,Technology
101727,Sterling Landmark Systems,Government,Los Angeles,California,West,Automotive
101728,Continental Summit Systems,Industrial,Boston,Massachusetts,Northeast,Construction
101729,Lonestar Central Logistics,Retail Chain,Atlanta,Georgia,South,Technology
101730,Keystone Crossroads Corp.,Industrial,Pittsburgh,Pennsylvania,Northeast,Food Service
101731,Coastal Trusted Facilities Group,Retail Chain,Kansas City,Missouri,Midwest,Hospitality
101732,Lakeside National Holdings,Retail Chain,Portland,Oregon,West,Healthcare
101733,Summitline Prime Enterprises,Commercial,San Antonio,Texas,South,Construction
101734,Allied Trusted Systems,Government,Detroit,Michigan,Midwest,Technology
101735,Anchor Central Corp.,Government,Detroit,Michigan,Midwest,Technology
101736,Lonestar National Contractors,Commercial,Newark,New Jersey,Northeast,Automotive
101737,Summitline Legacy Industries,Retail Chain,Orlando,Florida,South,Retail
101738,Redwood Partners,Government,Charlotte,North Carolina,South,Food Service
101739,Redwood Allied Hospitality Services,Industrial,Houston,Texas,South,Manufacturing
101740,Fairmont National Partners,Industrial,Nashville,Tennessee,South,Healthcare
101741,Union Valley Distribution,Government,Portland,Oregon,West,Food Service
101742,Crestview Capital Corp.,Retail Chain,Denver,Colorado,West,Logistics
101743,Frontier Prime Construction Group,Institutional,Milwaukee,Wisconsin,Midwest,Hospitality
101744,Redwood Prime Medical Supply,Institutional,Sacramento,California,West,Manufacturing
101745,Apex Valley Logistics,Government,Charlotte,North Carolina,South,Food Service
101746,Lakeside Enterprises,Industrial,Raleigh,North Carolina,South,Education
101747,Maple Central Industries,Retail Chain,Houston,Texas,South,Education
101748,Lonestar Metro Enterprises,Government,Los Angeles,California,West,Logistics
101749,Lonestar Retail Partners,Industrial,Milwaukee,Wisconsin,Midwest,Logistics
101750,Allied Regional Contractors,Government,Nashville,Tennessee,South,Logistics
101751,Coastal United Distribution,Government,Dallas,Texas,South,Retail
101752,Crestview Legacy Corp.,Commercial,Milwaukee,Wisconsin,Midwest,Construction
101753,Union Trusted Industries,Government,Cleveland,Ohio,Midwest,Logistics
101754,Northwest Crossroads Industrial Systems,Government,Atlanta,Georgia,South,Technology
101755,Coastal Services,Government,Boston,Massachusetts,Northeast,Food Service
101756,Evergreen United Industrial Systems,Industrial,Houston,Texas,South,Logistics
101757,Meridian Valley Corp.,Retail Chain,Philadelphia,Pennsylvania,Northeast,Education
101758,Anchor Signature Holdings,Retail Chain,Baltimore,Maryland,Northeast,Manufacturing
101759,Frontier Elite Corp.,Commercial,San Antonio,Texas,South,Education
101760,Ironclad Reliable Corp.,Commercial,Portland,Oregon,West,Education
101761,Union National Partners,Government,Salt Lake City,Utah,West,Hospitality
101762,Crestview Metro Corp.,Industrial,San Antonio,Texas,South,Technology
101763,Ironclad Capital Contractors,Government,Tucson,Arizona,West,Automotive
101764,Vanguard Landmark Industries,Industrial,San Antonio,Texas,South,Food Service
101765,Summitline Valley Services,Government,Detroit,Michigan,Midwest,Logistics
101766,National Summit Construction Group,Commercial,Nashville,Tennessee,South,Technology
101767,Crestview Summit Corp.,Industrial,Los Angeles,California,West,Hospitality
101768,Coastal First Hospitality Services,Retail Chain,Boston,Massachusetts,Northeast,Automotive
101769,Union Allied Manufacturing,Institutional,Cleveland,Ohio,Midwest,Hospitality
101770,Redwood Trusted Systems,Industrial,Houston,Texas,South,Hospitality
101771,Cascade Elite Construction Group,Commercial,Salt Lake City,Utah,West,Construction
101772,Keystone Metro Facilities Group,Retail Chain,Minneapolis,Minnesota,Midwest,Retail
101773,Allied Harbor Facilities Group,Commercial,Seattle,Washington,West,Hospitality
101774,Lonestar Allied Supply Co.,Institutional,Minneapolis,Minnesota,Midwest,Technology
101775,Horizon Legacy Hospitality Services,Government,Seattle,Washington,West,Hospitality
101776,Crestview First Hospitality Services,Institutional,Houston,Texas,South,Technology
101777,Trailhead Crossroads Logistics,Government,Orlando,Florida,South,Healthcare
101778,Union Central Group,Government,Philadelphia,Pennsylvania,Northeast,Technology
101779,Summit Landmark Partners,Government,Sacramento,California,West,Education
101780,Crestview Trusted Systems,Institutional,Philadelphia,Pennsylvania,Northeast,Construction
101781,Oakridge Prime Construction Group,Institutional,Columbus,Ohio,Midwest,Hospitality
101782,Pioneer Metro Contractors,Industrial,Denver,Colorado,West,Retail
101783,Summit Harbor Services,Government,Phoenix,Arizona,West,Logistics
101784,Summitline Reliable Hospitality Services,Retail Chain,Los Angeles,California,West,Automotive
101785,Granite First Holdings,Institutional,Phoenix,Arizona,West,Technology
101786,Continental Summit Enterprises,Institutional,Dallas,Texas,South,Retail
101787,Bluepoint First Supply Co.,Retail Chain,Indianapolis,Indiana,Midwest,Manufacturing
101788,Trailhead Metro Manufacturing,Institutional,Charlotte,North Carolina,South,Logistics
101789,Summit Metro Medical Supply,Government,Minneapolis,Minnesota,Midwest,Automotive
101790,Northwest Hospitality Services,Commercial,Minneapolis,Minnesota,Midwest,Logistics
101791,Continental Elite Facilities Group,Commercial,Milwaukee,Wisconsin,Midwest,Education
101792,Riverside Landmark Corp.,Institutional,Denver,Colorado,West,Technology
101793,Ironclad Summit Solutions,Industrial,Albany,New York,Northeast,Construction
101794,National Crossroads Retail Partners,Institutional,Salt Lake City,Utah,West,Automotive
101795,Summitline Prime Solutions,Industrial,Salt Lake City,Utah,West,Technology
101796,Riverside Capital Systems,Government,Seattle,Washington,West,Technology
101797,Superior Signature Contractors,Retail Chain,Dallas,Texas,South,Manufacturing
101798,Silverline Elite Distribution,Institutional,Kansas City,Missouri,Midwest,Retail
101799,Evergreen Valley Logistics,Government,Seattle,Washington,West,Construction
101800,Allied Capital Manufacturing,Government,Atlanta,Georgia,South,Retail
101801,Superior Regional Services,Government,Tucson,Arizona,West,Healthcare
101802,Riverside Central Solutions,Industrial,Raleigh,North Carolina,South,Technology
101803,Continental First Contractors,Commercial,Minneapolis,Minnesota,Midwest,Hospitality
101804,Summit Signature Logistics,Commercial,Indianapolis,Indiana,Midwest,Manufacturing
101805,Sterling Elite Supply Co.,Retail Chain,San Antonio,Texas,South,Technology
101806,Union Landmark Solutions,Commercial,Cleveland,Ohio,Midwest,Food Service
101807,Keystone Allied Industrial Systems,Retail Chain,Salt Lake City,Utah,West,Retail
101808,National First Facilities Group,Commercial,Indianapolis,Indiana,Midwest,Healthcare
101809,National Prime Hospitality Services,Industrial,Atlanta,Georgia,South,Healthcare
101810,Premier Capital Medical Supply,Industrial,Los Angeles,California,West,Technology
101811,Northgate Allied Medical Supply,Commercial,Tucson,Arizona,West,Automotive
101812,Patriot First Partners,Industrial,Sacramento,California,West,Technology
101813,Crestview Trusted Solutions,Government,San Antonio,Texas,South,Education
101814,Anchor Valley Solutions,Government,Tucson,Arizona,West,Retail
101815,Maple Allied Enterprises,Government,Los Angeles,California,West,Construction
101816,Liberty Metro Hospitality Services,Institutional,Sacramento,California,West,Technology
101817,Meridian National Solutions,Retail Chain,Tucson,Arizona,West,Retail
101818,Summit Signature Enterprises,Commercial,Columbus,Ohio,Midwest,Retail
101819,Meridian Reliable Services,Retail Chain,Cleveland,Ohio,Midwest,Food Service
101820,Ironclad Harbor Group,Government,San Antonio,Texas,South,Education
101821,Horizon National Solutions,Industrial,Salt Lake City,Utah,West,Healthcare
101822,Lakeside Facilities Group,Institutional,Salt Lake City,Utah,West,Retail
101823,Granite Capital Enterprises,Commercial,Los Angeles,California,West,Construction
101824,Vanguard Metro Services,Institutional,Denver,Colorado,West,Retail
101825,Apex Legacy Logistics,Institutional,Chicago,Illinois,Midwest,Education
101826,Bluepoint Legacy Services,Retail Chain,Tucson,Arizona,West,Manufacturing
101827,Riverside First Hospitality Services,Industrial,Kansas City,Missouri,Midwest,Education
101828,Union Legacy Corp.,Commercial,Philadelphia,Pennsylvania,Northeast,Education
101829,Westbrook Prime Medical Supply,Retail Chain,Pittsburgh,Pennsylvania,Northeast,Healthcare
101830,Coastal Metro Distribution,Government,Dallas,Texas,South,Food Service
101831,Redwood Landmark Holdings,Institutional,Phoenix,Arizona,West,Logistics
101832,Sterling Reliable Construction Group,Industrial,Seattle,Washington,West,Logistics
101833,Allied Valley Contractors,Government,Minneapolis,Minnesota,Midwest,Construction
101834,Allied Reliable Medical Supply,Commercial,Houston,Texas,South,Technology
101835,Superior Central Manufacturing,Government,Houston,Texas,South,Automotive
101836,Continental Regional Systems,Commercial,Pittsburgh,Pennsylvania,Northeast,Retail
101837,Cascade Regional Group,Government,Atlanta,Georgia,South,Food Service
101838,Oakridge Reliable Services,Retail Chain,Chicago,Illinois,Midwest,Hospitality
101839,Cascade Allied Enterprises,Industrial,Tucson,Arizona,West,Construction
101840,Granite Trusted Solutions,Industrial,Baltimore,Maryland,Northeast,Technology
101841,Oakridge Allied Manufacturing,Industrial,Columbus,Ohio,Midwest,Construction
101842,Continental Prime Manufacturing,Institutional,Kansas City,Missouri,Midwest,Education
101843,Anchor Crossroads Industries,Industrial,Chicago,Illinois,Midwest,Automotive
101844,Pioneer Central Supply Co.,Industrial,Kansas City,Missouri,Midwest,Food Service
101845,Pioneer Harbor Corp.,Commercial,Pittsburgh,Pennsylvania,Northeast,Manufacturing
101846,Maple Prime Services,Government,Seattle,Washington,West,Construction
101847,Crestview First Enterprises,Government,Tucson,Arizona,West,Logistics
101848,Meridian Reliable Supply Co.,Commercial,Phoenix,Arizona,West,Healthcare
101849,Crestview National Construction Group,Commercial,Tucson,Arizona,West,Healthcare
101850,Granite Landmark Logistics,Institutional,Atlanta,Georgia,South,Technology
101851,Heritage Crossroads Partners,Retail Chain,Indianapolis,Indiana,Midwest,Automotive
101852,Apex Reliable Retail Partners,Institutional,Boston,Massachusetts,Northeast,Education
101853,Coastal Metro Systems,Retail Chain,Atlanta,Georgia,South,Manufacturing
101854,Northwest Capital Supply Co.,Institutional,Detroit,Michigan,Midwest,Education
101855,Continental Regional Holdings,Industrial,Atlanta,Georgia,South,Hospitality
101856,Apex Legacy Enterprises,Retail Chain,Atlanta,Georgia,South,Hospitality
101857,Summitline Central Solutions,Government,Kansas City,Missouri,Midwest,Construction
101858,Trailhead Landmark Solutions,Retail Chain,Minneapolis,Minnesota,Midwest,Logistics
101859,Apex Regional Solutions,Industrial,Los Angeles,California,West,Hospitality
101860,National Summit Services,Industrial,Salt Lake City,Utah,West,Construction
101861,Granite First Construction Group,Industrial,Seattle,Washington,West,Healthcare
101862,National Valley Contractors,Retail Chain,Baltimore,Maryland,Northeast,Technology
101863,Horizon First Enterprises,Commercial,Phoenix,Arizona,West,Hospitality
101864,National Regional Holdings,Retail Chain,Indianapolis,Indiana,Midwest,Retail
101865,Patriot Metro Medical Supply,Retail Chain,Philadelphia,Pennsylvania,Northeast,Manufacturing
101866,Bluepoint Summit Industrial Systems,Commercial,Nashville,Tennessee,South,Education
101867,National Trusted Supply Co.,Institutional,Cleveland,Ohio,Midwest,Hospitality
101868,Pinnacle First Hospitality Services,Commercial,Phoenix,Arizona,West,Manufacturing
101869,Crestview Legacy Services,Government,Philadelphia,Pennsylvania,Northeast,Technology
101870,Keystone Prime Services,Institutional,Columbus,Ohio,Midwest,Automotive
101871,Union Elite Industrial Systems,Institutional,Houston,Texas,South,Retail
101872,Summit Valley Logistics,Commercial,Milwaukee,Wisconsin,Midwest,Automotive
101873,Horizon Signature Solutions,Government,Portland,Oregon,West,Logistics
101874,Riverside Solutions,Institutional,Baltimore,Maryland,Northeast,Automotive
101875,Pinnacle Allied Medical Supply,Institutional,Charlotte,North Carolina,South,Healthcare
101876,Frontier Prime Systems,Institutional,Dallas,Texas,South,Education
101877,Maple Trusted Services,Industrial,Dallas,Texas,South,Automotive
101878,Sterling Legacy Systems,Institutional,Minneapolis,Minnesota,Midwest,Healthcare
101879,Lakeside Elite Medical Supply,Retail Chain,Dallas,Texas,South,Retail
101880,Cascade Crossroads Distribution,Institutional,Kansas City,Missouri,Midwest,Logistics
101881,Vanguard Allied Construction Group,Institutional,Detroit,Michigan,Midwest,Healthcare
101882,Pioneer Harbor Industrial Systems,Industrial,Seattle,Washington,West,Retail
101883,Union Regional Logistics,Institutional,Orlando,Florida,South,Retail
101884,Oakridge Manufacturing,Retail Chain,Cleveland,Ohio,Midwest,Automotive
101885,Sterling Valley Manufacturing,Institutional,Houston,Texas,South,Technology
101886,Pioneer United Enterprises,Institutional,Minneapolis,Minnesota,Midwest,Logistics
101887,Silverline Summit Corp.,Commercial,Newark,New Jersey,Northeast,Healthcare
101888,Keystone Signature Retail Partners,Commercial,Nashville,Tennessee,South,Manufacturing
101889,Horizon Legacy Facilities Group,Institutional,Portland,Oregon,West,Technology
101890,Patriot Harbor Systems,Government,San Antonio,Texas,South,Retail
101891,Apex Signature Facilities Group,Government,Denver,Colorado,West,Technology
101892,Union Harbor Industries,Commercial,Sacramento,California,West,Technology
101893,Summitline Central Contractors,Government,San Antonio,Texas,South,Healthcare
101894,Keystone Crossroads Manufacturing,Institutional,Nashville,Tennessee,South,Logistics
101895,Oakridge Landmark Manufacturing,Industrial,Salt Lake City,Utah,West,Manufacturing
101896,National Central Distribution,Commercial,Denver,Colorado,West,Retail
101897,Westbrook National Construction Group,Commercial,Albany,New York,Northeast,Automotive
101898,Frontier Summit Solutions,Industrial,Detroit,Michigan,Midwest,Automotive
101899,Silverline Reliable Group,Retail Chain,Sacramento,California,West,Automotive
101900,Westbrook Signature Industrial Systems,Institutional,Tucson,Arizona,West,Education
101901,Crestview Allied Partners,Retail Chain,Philadelphia,Pennsylvania,Northeast,Healthcare
101902,Cascade Reliable Systems,Institutional,Tucson,Arizona,West,Logistics
101903,Crestview Harbor Hospitality Services,Commercial,Detroit,Michigan,Midwest,Retail
101904,Vanguard Capital Group,Institutional,Kansas City,Missouri,Midwest,Manufacturing
101905,Apex First Manufacturing,Commercial,Boston,Massachusetts,Northeast,Manufacturing
101906,Liberty Allied Systems,Government,Newark,New Jersey,Northeast,Construction
101907,Summit United Distribution,Industrial,Salt Lake City,Utah,West,Manufacturing
101908,Coastal National Supply Co.,Government,Newark,New Jersey,Northeast,Hospitality
101909,Oakridge National Facilities Group,Retail Chain,Portland,Oregon,West,Automotive
101910,Lakeside United Construction Group,Government,Raleigh,North Carolina,South,Logistics
101911,Silverline Prime Services,Commercial,Boston,Massachusetts,Northeast,Construction
101912,Premier Crossroads Solutions,Institutional,Salt Lake City,Utah,West,Education
101913,Anchor Valley Industrial Systems,Commercial,Cleveland,Ohio,Midwest,Retail
101914,Redwood Legacy Systems,Government,Kansas City,Missouri,Midwest,Hospitality
101915,Pioneer Landmark Logistics,Institutional,Chicago,Illinois,Midwest,Technology
101916,Coastal Signature Distribution,Industrial,Albany,New York,Northeast,Food Service
101917,Riverside Construction Group,Commercial,Sacramento,California,West,Hospitality
101918,Summitline Summit Corp.,Industrial,Columbus,Ohio,Midwest,Healthcare
101919,Coastal Legacy Medical Supply,Institutional,Los Angeles,California,West,Technology
101920,Ironclad Signature Corp.,Retail Chain,Pittsburgh,Pennsylvania,Northeast,Manufacturing
101921,Maple Metro Construction Group,Commercial,Baltimore,Maryland,Northeast,Automotive
101922,Coastal Prime Corp.,Retail Chain,Raleigh,North Carolina,South,Healthcare
101923,Allied Distribution,Commercial,Philadelphia,Pennsylvania,Northeast,Automotive
101924,Northwest United Hospitality Services,Institutional,Raleigh,North Carolina,South,Healthcare
101925,Lonestar Landmark Distribution,Industrial,Seattle,Washington,West,Healthcare
101926,Summitline Reliable Manufacturing,Government,Cleveland,Ohio,Midwest,Automotive
101927,Westbrook Capital Partners,Institutional,Boston,Massachusetts,Northeast,Healthcare
101928,Ironclad Reliable Enterprises,Government,Kansas City,Missouri,Midwest,Technology
101929,Lakeside Metro Contractors,Industrial,Cleveland,Ohio,Midwest,Automotive
101930,Evergreen Elite Holdings,Industrial,Orlando,Florida,South,Manufacturing
101931,Keystone Elite Services,Commercial,Newark,New Jersey,Northeast,Hospitality
101932,Crestview Allied Group,Retail Chain,Sacramento,California,West,Retail
101933,Pinnacle Reliable Industrial Systems,Industrial,Houston,Texas,South,Technology
101934,Evergreen Trusted Industries,Institutional,Tucson,Arizona,West,Retail
101935,Vanguard National Holdings,Institutional,Pittsburgh,Pennsylvania,Northeast,Education
101936,Granite Elite Contractors,Retail Chain,Indianapolis,Indiana,Midwest,Education
101937,Horizon Allied Holdings,Government,Charlotte,North Carolina,South,Retail
101938,Liberty Elite Systems,Institutional,Denver,Colorado,West,Logistics
101939,Westbrook Crossroads Hospitality Services,Retail Chain,Boston,Massachusetts,Northeast,Hospitality
101940,Liberty Central Construction Group,Industrial,Cleveland,Ohio,Midwest,Automotive
101941,Redwood Reliable Retail Partners,Institutional,Los Angeles,California,West,Manufacturing
101942,Silverline Harbor Holdings,Institutional,Nashville,Tennessee,South,Logistics
101943,Summit Regional Construction Group,Government,Milwaukee,Wisconsin,Midwest,Manufacturing
101944,Lakeside Trusted Contractors,Government,Indianapolis,Indiana,Midwest,Education
101945,Westbrook Central Contractors,Government,Columbus,Ohio,Midwest,Healthcare
101946,Northgate Legacy Distribution,Government,Columbus,Ohio,Midwest,Hospitality
101947,Union Trusted Construction Group,Retail Chain,Seattle,Washington,West,Automotive
101948,Redwood Central Corp.,Commercial,San Antonio,Texas,South,Hospitality
101949,Ironclad Regional Enterprises,Retail Chain,Columbus,Ohio,Midwest,Retail
101950,Cascade Metro Services,Industrial,Denver,Colorado,West,Logistics
101951,Lakeside Harbor Facilities Group,Government,Nashville,Tennessee,South,Logistics
101952,Liberty National Facilities Group,Institutional,Columbus,Ohio,Midwest,Retail
101953,Keystone Capital Corp.,Government,Portland,Oregon,West,Education
101954,Premier Harbor Industrial Systems,Institutional,Milwaukee,Wisconsin,Midwest,Retail
101955,Allied Summit Contractors,Retail Chain,Salt Lake City,Utah,West,Education
101956,Evergreen First Supply Co.,Institutional,Seattle,Washington,West,Manufacturing
101957,Premier Allied Contractors,Industrial,San Antonio,Texas,South,Hospitality
101958,Granite Elite Solutions,Commercial,Boston,Massachusetts,Northeast,Manufacturing
101959,Summit Reliable Partners,Commercial,Dallas,Texas,South,Logistics
101960,Trailhead Harbor Contractors,Government,Atlanta,Georgia,South,Hospitality
101961,Summitline United Industries,Industrial,Nashville,Tennessee,South,Technology
101962,Horizon Summit Construction Group,Government,Indianapolis,Indiana,Midwest,Healthcare
101963,Cascade Central Solutions,Retail Chain,Orlando,Florida,South,Automotive
101964,Redwood United Contractors,Government,Minneapolis,Minnesota,Midwest,Hospitality
101965,Sterling Reliable Corp.,Government,Charlotte,North Carolina,South,Retail
101966,Oakridge Reliable Partners,Government,Chicago,Illinois,Midwest,Technology
101967,National Capital Industrial Systems,Government,Sacramento,California,West,Healthcare
101968,Westbrook Signature Group,Industrial,Indianapolis,Indiana,Midwest,Technology
101969,Pioneer Elite Retail Partners,Institutional,Cleveland,Ohio,Midwest,Construction
101970,Granite Central Manufacturing,Retail Chain,Tucson,Arizona,West,Retail
101971,Keystone Valley Retail Partners,Industrial,Pittsburgh,Pennsylvania,Northeast,Manufacturing
101972,Sterling Allied Contractors,Commercial,Newark,New Jersey,Northeast,Healthcare
101973,Bluepoint United Systems,Government,Tucson,Arizona,West,Manufacturing
101974,Patriot Reliable Supply Co.,Retail Chain,Charlotte,North Carolina,South,Healthcare
101975,Granite Regional Retail Partners,Commercial,Philadelphia,Pennsylvania,Northeast,Technology
101976,Oakridge National Construction Group,Industrial,Columbus,Ohio,Midwest,Healthcare
101977,Ironclad Summit Manufacturing,Commercial,Nashville,Tennessee,South,Technology
101978,Fairmont Crossroads Group,Retail Chain,Raleigh,North Carolina,South,Manufacturing
101979,Anchor Reliable Construction Group,Industrial,Los Angeles,California,West,Healthcare
101980,Lakeside Harbor Medical Supply,Institutional,Milwaukee,Wisconsin,Midwest,Healthcare
101981,Maple Crossroads Medical Supply,Government,Columbus,Ohio,Midwest,Retail
101982,Northwest Signature Systems,Institutional,San Antonio,Texas,South,Construction
101983,Evergreen Reliable Retail Partners,Government,Cleveland,Ohio,Midwest,Manufacturing
101984,Sterling Crossroads Holdings,Government,Orlando,Florida,South,Construction
101985,Westbrook Trusted Hospitality Services,Retail Chain,Boston,Massachusetts,Northeast,Technology
101986,Coastal Crossroads Hospitality Services,Retail Chain,Albany,New York,Northeast,Logistics
101987,Vanguard Central Industries,Industrial,Pittsburgh,Pennsylvania,Northeast,Hospitality
101988,Granite Prime Manufacturing,Retail Chain,Cleveland,Ohio,Midwest,Construction
101989,Silverline Prime Medical Supply,Institutional,Salt Lake City,Utah,West,Technology
101990,Granite Prime Enterprises,Commercial,Columbus,Ohio,Midwest,Manufacturing
101991,Riverside Elite Medical Supply,Commercial,Boston,Massachusetts,Northeast,Hospitality
101992,Redwood United Enterprises,Institutional,Orlando,Florida,South,Logistics
101993,Lonestar Signature Contractors,Retail Chain,Orlando,Florida,South,Education
101994,Crestview National Logistics,Industrial,Salt Lake City,Utah,West,Logistics
101995,Heritage Construction Group,Institutional,Baltimore,Maryland,Northeast,Manufacturing
101996,Northwest Metro Medical Supply,Government,Tucson,Arizona,West,Logistics
101997,Redwood Metro Logistics,Industrial,Orlando,Florida,South,Education
101998,Liberty Signature Industries,Commercial,Kansas City,Missouri,Midwest,Food Service
101999,Meridian Trusted Construction Group,Retail Chain,Los Angeles,California,West,Construction
102000,Granite Legacy Group,Commercial,Portland,Oregon,West,Logistics
102001,Evergreen Crossroads Industries,Government,Cleveland,Ohio,Midwest,Logistics
102002,Northwest Trusted Supply Co.,Commercial,Pittsburgh,Pennsylvania,Northeast,Automotive
102003,Keystone Legacy Solutions,Institutional,San Antonio,Texas,South,Food Service
102004,Northgate Allied Systems,Institutional,Denver,Colorado,West,Manufacturing
102005,Westbrook Distribution,Retail Chain,Indianapolis,Indiana,Midwest,Healthcare
102006,Frontier Hospitality Services,Government,Salt Lake City,Utah,West,Education
102007,Pioneer United Services,Government,Charlotte,North Carolina,South,Logistics
102008,Sterling Signature Manufacturing,Industrial,Kansas City,Missouri,Midwest,Manufacturing
102009,Superior Legacy Services,Institutional,Albany,New York,Northeast,Automotive
102010,Continental Reliable Supply Co.,Government,Phoenix,Arizona,West,Technology
102011,Superior Harbor Group,Retail Chain,Charlotte,North Carolina,South,Education
102012,Horizon First Partners,Retail Chain,Dallas,Texas,South,Logistics
102013,Heritage Signature Contractors,Government,Minneapolis,Minnesota,Midwest,Construction
102014,Keystone Landmark Systems,Commercial,Albany,New York,Northeast,Construction
102015,Crestview Prime Supply Co.,Commercial,Detroit,Michigan,Midwest,Technology
102016,Maple Trusted Solutions,Government,Charlotte,North Carolina,South,Retail
102017,Heritage National Construction Group,Retail Chain,Tucson,Arizona,West,Retail
102018,Union Reliable Manufacturing,Commercial,Baltimore,Maryland,Northeast,Healthcare
102019,Liberty Crossroads Supply Co.,Government,Detroit,Michigan,Midwest,Retail
102020,Westbrook Central Systems,Industrial,Nashville,Tennessee,South,Manufacturing
102021,Frontier First Systems,Institutional,Phoenix,Arizona,West,Healthcare
102022,Ironclad Prime Supply Co.,Institutional,Newark,New Jersey,Northeast,Education
102023,Apex United Hospitality Services,Government,Columbus,Ohio,Midwest,Manufacturing
102024,Maple United Holdings,Government,Boston,Massachusetts,Northeast,Manufacturing
102025,Keystone Regional Holdings,Commercial,Milwaukee,Wisconsin,Midwest,Food Service
102026,Continental Regional Partners,Institutional,Tucson,Arizona,West,Retail
102027,Coastal Reliable Solutions,Retail Chain,Pittsburgh,Pennsylvania,Northeast,Retail
102028,Heritage Signature Systems,Government,Columbus,Ohio,Midwest,Logistics
102029,Oakridge Metro Logistics,Industrial,Chicago,Illinois,Midwest,Hospitality
102030,Liberty Central Retail Partners,Commercial,San Antonio,Texas,South,Manufacturing
102031,National Medical Supply,Industrial,Newark,New Jersey,Northeast,Technology
102032,Allied Allied Holdings,Industrial,Orlando,Florida,South,Manufacturing
102033,Anchor First Hospitality Services,Institutional,Minneapolis,Minnesota,Midwest,Automotive
102034,Fairmont Prime Facilities Group,Retail Chain,Detroit,Michigan,Midwest,Healthcare
102035,Allied Signature Systems,Industrial,Indianapolis,Indiana,Midwest,Technology
102036,Liberty Metro Corp.,Retail Chain,Sacramento,California,West,Healthcare
102037,Keystone United Distribution,Government,Minneapolis,Minnesota,Midwest,Logistics
102038,Apex Regional Industrial Systems,Industrial,Columbus,Ohio,Midwest,Manufacturing
102039,Maple Regional Solutions,Retail Chain,Baltimore,Maryland,Northeast,Education
102040,Vanguard Metro Supply Co.,Government,Atlanta,Georgia,South,Food Service
102041,Liberty Metro Industrial Systems,Institutional,San Antonio,Texas,South,Manufacturing
102042,Lakeside Summit Contractors,Retail Chain,Houston,Texas,South,Manufacturing
102043,Cascade Landmark Industrial Systems,Institutional,Charlotte,North Carolina,South,Healthcare
102044,Liberty First Group,Government,Newark,New Jersey,Northeast,Education
102045,Northgate Landmark Logistics,Commercial,Detroit,Michigan,Midwest,Technology
102046,Westbrook United Solutions,Government,Orlando,Florida,South,Food Service
102047,Crestview Harbor Holdings,Commercial,Columbus,Ohio,Midwest,Healthcare
102048,Horizon Allied Group,Government,Columbus,Ohio,Midwest,Food Service
102049,Oakridge Landmark Logistics,Commercial,Baltimore,Maryland,Northeast,Retail
102050,Granite Elite Services,Government,Atlanta,Georgia,South,Technology
102051,Sterling Regional Medical Supply,Commercial,Cleveland,Ohio,Midwest,Food Service
102052,Union Regional Solutions,Retail Chain,Salt Lake City,Utah,West,Automotive
102053,Granite Trusted Partners,Commercial,Detroit,Michigan,Midwest,Logistics
102054,Summit National Facilities Group,Commercial,Minneapolis,Minnesota,Midwest,Food Service
102055,Cascade Reliable Hospitality Services,Institutional,Cleveland,Ohio,Midwest,Automotive
102056,Fairmont United Solutions,Institutional,Salt Lake City,Utah,West,Healthcare
102057,Frontier Landmark Logistics,Commercial,Newark,New Jersey,Northeast,Manufacturing
102058,Horizon Central Medical Supply,Commercial,Los Angeles,California,West,Retail
102059,Liberty National Hospitality Services,Institutional,Phoenix,Arizona,West,Construction
102060,Sterling National Industrial Systems,Commercial,Boston,Massachusetts,Northeast,Education
102061,Apex Reliable Holdings,Retail Chain,Newark,New Jersey,Northeast,Manufacturing
102062,Continental Facilities Group,Commercial,Sacramento,California,West,Logistics
102063,Ironclad Elite Holdings,Institutional,Salt Lake City,Utah,West,Education
102064,Meridian Signature Medical Supply,Industrial,Chicago,Illinois,Midwest,Construction
102065,Lonestar Valley Solutions,Government,Los Angeles,California,West,Education
102066,Union United Services,Retail Chain,Boston,Massachusetts,Northeast,Automotive
102067,Redwood Valley Services,Government,Baltimore,Maryland,Northeast,Manufacturing
102068,Meridian Central Services,Government,Los Angeles,California,West,Automotive
102069,Allied Reliable Industries,Commercial,Minneapolis,Minnesota,Midwest,Automotive
102070,Granite Central Corp.,Industrial,Phoenix,Arizona,West,Logistics
102071,Bluepoint Trusted Medical Supply,Retail Chain,Denver,Colorado,West,Hospitality
102072,Apex National Solutions,Industrial,Chicago,Illinois,Midwest,Healthcare
102073,Summitline Prime Supply Co.,Commercial,Seattle,Washington,West,Food Service
102074,Lonestar Regional Systems,Retail Chain,Tucson,Arizona,West,Retail
102075,Northwest National Medical Supply,Institutional,Chicago,Illinois,Midwest,Automotive
102076,Keystone Legacy Holdings,Commercial,Detroit,Michigan,Midwest,Healthcare
102077,Sterling Summit Solutions,Retail Chain,Dallas,Texas,South,Hospitality
102078,Redwood Facilities Group,Government,Minneapolis,Minnesota,Midwest,Food Service
102079,Frontier Harbor Solutions,Institutional,San Antonio,Texas,South,Food Service
102080,Anchor Reliable Industries,Institutional,Los Angeles,California,West,Construction
102081,Apex Elite Retail Partners,Commercial,Houston,Texas,South,Manufacturing
102082,Trailhead Regional Services,Commercial,Chicago,Illinois,Midwest,Education
102083,Sterling First Systems,Institutional,Boston,Massachusetts,Northeast,Hospitality
102084,Pioneer Trusted Logistics,Commercial,Cleveland,Ohio,Midwest,Education
102085,Ironclad Signature Hospitality Services,Commercial,Tucson,Arizona,West,Education
102086,Continental Metro Contractors,Commercial,Cleveland,Ohio,Midwest,Manufacturing
102087,Allied Valley Manufacturing,Commercial,Denver,Colorado,West,Hospitality
102088,Bluepoint Harbor Medical Supply,Government,Sacramento,California,West,Technology
102089,Riverside Reliable Services,Industrial,Los Angeles,California,West,Retail
102090,Liberty Central Holdings,Institutional,Salt Lake City,Utah,West,Logistics
102091,Maple Summit Industrial Systems,Institutional,Seattle,Washington,West,Construction
102092,Summit First Logistics,Industrial,Baltimore,Maryland,Northeast,Technology
102093,Apex Central Construction Group,Institutional,Newark,New Jersey,Northeast,Automotive
102094,Vanguard Reliable Solutions,Retail Chain,Pittsburgh,Pennsylvania,Northeast,Technology
102095,Northgate Capital Hospitality Services,Institutional,Baltimore,Maryland,Northeast,Education
102096,Granite Elite Hospitality Services,Industrial,Minneapolis,Minnesota,Midwest,Automotive
102097,Riverside Harbor Distribution,Institutional,Los Angeles,California,West,Education
102098,Pioneer United Group,Government,Cleveland,Ohio,Midwest,Food Service
102099,Keystone Legacy Retail Partners,Institutional,Cleveland,Ohio,Midwest,Healthcare
102100,Northgate First Group,Commercial,Minneapolis,Minnesota,Midwest,Hospitality
102101,Granite National Facilities Group,Industrial,Milwaukee,Wisconsin,Midwest,Construction
102102,Superior First Solutions,Commercial,Minneapolis,Minnesota,Midwest,Logistics
102103,Maple Supply Co.,Commercial,Kansas City,Missouri,Midwest,Education
102104,Fairmont Central Services,Industrial,Orlando,Florida,South,Construction
102105,Northgate Metro Distribution,Commercial,Boston,Massachusetts,Northeast,Logistics
102106,Frontier Reliable Corp.,Government,Charlotte,North Carolina,South,Hospitality
102107,Crestview Legacy Solutions,Institutional,Charlotte,North Carolina,South,Food Service
102108,Summitline Trusted Manufacturing,Government,Phoenix,Arizona,West,Technology
102109,Coastal Crossroads Manufacturing,Industrial,Raleigh,North Carolina,South,Automotive
102110,Horizon Central Distribution,Commercial,Nashville,Tennessee,South,Food Service
102111,Oakridge Legacy Partners,Government,Columbus,Ohio,Midwest,Technology
102112,Superior United Construction Group,Commercial,Boston,Massachusetts,Northeast,Automotive
102113,Northgate Allied Construction Group,Commercial,Chicago,Illinois,Midwest,Construction
102114,Redwood Metro Medical Supply,Government,Cleveland,Ohio,Midwest,Logistics
102115,Pinnacle National Medical Supply,Institutional,Raleigh,North Carolina,South,Education
102116,Frontier Capital Facilities Group,Government,Sacramento,California,West,Automotive
102117,Sterling National Manufacturing,Institutional,Dallas,Texas,South,Food Service
102118,Pioneer United Industries,Government,Raleigh,North Carolina,South,Logistics
102119,Allied Reliable Construction Group,Institutional,San Antonio,Texas,South,Logistics
102120,Silverline First Logistics,Industrial,Salt Lake City,Utah,West,Construction
102121,Cascade Signature Systems,Retail Chain,Salt Lake City,Utah,West,Retail
102122,Maple Prime Enterprises,Retail Chain,Baltimore,Maryland,Northeast,Construction
102123,Silverline Trusted Distribution,Institutional,Atlanta,Georgia,South,Food Service
102124,Silverline United Manufacturing,Industrial,Detroit,Michigan,Midwest,Construction
102125,Oakridge Signature Holdings,Retail Chain,Phoenix,Arizona,West,Logistics
102126,Pioneer United Contractors,Commercial,Los Angeles,California,West,Logistics
102127,Granite Trusted Contractors,Industrial,Portland,Oregon,West,Technology
102128,National Trusted Medical Supply,Retail Chain,Detroit,Michigan,Midwest,Logistics
102129,Apex Valley Retail Partners,Industrial,Columbus,Ohio,Midwest,Automotive
102130,Continental National Retail Partners,Industrial,Salt Lake City,Utah,West,Technology
102131,Patriot United Distribution,Retail Chain,Albany,New York,Northeast,Education
102132,Vanguard Metro Solutions,Institutional,Albany,New York,Northeast,Retail
102133,National Elite Facilities Group,Institutional,Orlando,Florida,South,Automotive
102134,Vanguard Summit Corp.,Government,Detroit,Michigan,Midwest,Hospitality
102135,Liberty Harbor Facilities Group,Industrial,San Antonio,Texas,South,Logistics
102136,Riverside Landmark Industries,Commercial,Phoenix,Arizona,West,Construction
102137,Sterling Harbor Retail Partners,Retail Chain,Dallas,Texas,South,Hospitality
102138,Superior Industries,Government,Chicago,Illinois,Midwest,Food Service
102139,Redwood Trusted Solutions,Industrial,Indianapolis,Indiana,Midwest,Education
102140,Premier Regional Supply Co.,Commercial,Milwaukee,Wisconsin,Midwest,Healthcare
102141,Anchor Solutions,Retail Chain,Seattle,Washington,West,Healthcare
102142,Pinnacle Metro Industrial Systems,Retail Chain,Albany,New York,Northeast,Logistics
102143,Meridian Distribution,Government,Charlotte,North Carolina,South,Food Service
102144,Lakeside Harbor Group,Commercial,Sacramento,California,West,Healthcare
102145,Fairmont Trusted Supply Co.,Institutional,Salt Lake City,Utah,West,Automotive
102146,Coastal Reliable Services,Industrial,San Antonio,Texas,South,Education
102147,Pioneer Reliable Corp.,Government,Cleveland,Ohio,Midwest,Education
102148,Fairmont Reliable Supply Co.,Institutional,Atlanta,Georgia,South,Healthcare
102149,Summitline Valley Facilities Group,Commercial,Salt Lake City,Utah,West,Construction
102150,Westbrook National Logistics,Retail Chain,Houston,Texas,South,Manufacturing
102151,Lonestar United Solutions,Retail Chain,Pittsburgh,Pennsylvania,Northeast,Logistics
102152,Ironclad Metro Industrial Systems,Institutional,Philadelphia,Pennsylvania,Northeast,Hospitality
102153,Meridian Allied Logistics,Commercial,Chicago,Illinois,Midwest,Food Service
102154,Northwest Central Industries,Industrial,Indianapolis,Indiana,Midwest,Automotive
102155,Heritage United Services,Industrial,Seattle,Washington,West,Construction
102156,Westbrook Regional Industries,Industrial,Portland,Oregon,West,Construction
102157,Summitline Allied Retail Partners,Retail Chain,Indianapolis,Indiana,Midwest,Technology
102158,Vanguard United Manufacturing,Industrial,Nashville,Tennessee,South,Manufacturing
102159,Allied National Services,Commercial,Raleigh,North Carolina,South,Food Service
102160,Silverline Harbor Group,Government,Nashville,Tennessee,South,Construction
102161,Premier Prime Systems,Retail Chain,Orlando,Florida,South,Retail
102162,Fairmont Legacy Medical Supply,Institutional,Denver,Colorado,West,Technology
102163,Keystone Crossroads Medical Supply,Commercial,Salt Lake City,Utah,West,Manufacturing
102164,Evergreen Crossroads Construction Group,Commercial,Portland,Oregon,West,Automotive
102165,Patriot Harbor Facilities Group,Industrial,Indianapolis,Indiana,Midwest,Healthcare
102166,Apex Regional Logistics,Commercial,Detroit,Michigan,Midwest,Education
102167,Silverline United Retail Partners,Commercial,Boston,Massachusetts,Northeast,Healthcare
102168,Pioneer Valley Services,Industrial,Boston,Massachusetts,Northeast,Automotive
102169,Riverside Metro Partners,Institutional,Columbus,Ohio,Midwest,Manufacturing
102170,Cascade Trusted Contractors,Retail Chain,Indianapolis,Indiana,Midwest,Retail
102171,Riverside Metro Contractors,Retail Chain,Orlando,Florida,South,Food Service
102172,Crestview First Manufacturing,Industrial,Seattle,Washington,West,Manufacturing
102173,Maple Valley Facilities Group,Government,Tucson,Arizona,West,Construction
102174,Northgate Hospitality Services,Retail Chain,Detroit,Michigan,Midwest,Hospitality
102175,Trailhead Reliable Manufacturing,Institutional,Chicago,Illinois,Midwest,Hospitality
102176,Keystone Harbor Group,Commercial,Chicago,Illinois,Midwest,Technology
102177,Coastal Metro Contractors,Industrial,Newark,New Jersey,Northeast,Automotive
102178,Premier Prime Industries,Institutional,Chicago,Illinois,Midwest,Healthcare
102179,Allied Contractors,Institutional,Orlando,Florida,South,Logistics
102180,Pioneer Metro Hospitality Services,Industrial,Boston,Massachusetts,Northeast,Technology
102181,Premier Crossroads Retail Partners,Industrial,Indianapolis,Indiana,Midwest,Healthcare
102182,Redwood Landmark Enterprises,Institutional,Portland,Oregon,West,Retail
102183,Summitline Elite Holdings,Government,Seattle,Washington,West,Hospitality
102184,Vanguard Legacy Enterprises,Industrial,Baltimore,Maryland,Northeast,Automotive
102185,Northwest Crossroads Hospitality Services,Commercial,Atlanta,Georgia,South,Technology
102186,Fairmont Allied Enterprises,Retail Chain,Portland,Oregon,West,Healthcare
102187,Summitline Elite Group,Institutional,Kansas City,Missouri,Midwest,Healthcare
102188,Northwest Legacy Retail Partners,Retail Chain,Atlanta,Georgia,South,Hospitality
102189,Summit Central Facilities Group,Government,Tucson,Arizona,West,Food Service
102190,Lakeside Prime Holdings,Industrial,Cleveland,Ohio,Midwest,Healthcare
102191,Sterling Trusted Supply Co.,Government,Indianapolis,Indiana,Midwest,Hospitality
102192,Superior Crossroads Industrial Systems,Government,Dallas,Texas,South,Technology
102193,Pinnacle Reliable Services,Retail Chain,Boston,Massachusetts,Northeast,Education
102194,Superior Trusted Medical Supply,Industrial,Phoenix,Arizona,West,Education
102195,Pinnacle Elite Distribution,Government,Minneapolis,Minnesota,Midwest,Technology
102196,Evergreen Metro Solutions,Institutional,Chicago,Illinois,Midwest,Automotive
102197,Liberty Crossroads Partners,Commercial,Minneapolis,Minnesota,Midwest,Construction
102198,Premier Crossroads Industrial Systems,Industrial,Phoenix,Arizona,West,Retail
102199,Liberty Legacy Corp.,Retail Chain,San Antonio,Texas,South,Manufacturing
102200,Heritage Logistics,Retail Chain,Los Angeles,California,West,Logistics
102201,Silverline National Industries,Institutional,Pittsburgh,Pennsylvania,Northeast,Food Service
102202,Allied Reliable Retail Partners,Retail Chain,Chicago,Illinois,Midwest,Hospitality
102203,Ironclad Legacy Hospitality Services,Industrial,Baltimore,Maryland,Northeast,Automotive
102204,Westbrook Trusted Partners,Institutional,Albany,New York,Northeast,Healthcare
102205,Ironclad Elite Enterprises,Retail Chain,Indianapolis,Indiana,Midwest,Manufacturing
102206,Patriot First Industries,Government,Salt Lake City,Utah,West,Healthcare
102207,Maple Signature Group,Institutional,Raleigh,North Carolina,South,Food Service
102208,Heritage Legacy Hospitality Services,Government,Kansas City,Missouri,Midwest,Retail
102209,Trailhead Reliable Solutions,Industrial,Indianapolis,Indiana,Midwest,Manufacturing
102210,Granite First Systems,Government,Milwaukee,Wisconsin,Midwest,Automotive
102211,Allied Reliable Holdings,Government,Sacramento,California,West,Technology
102212,Horizon Elite Holdings,Commercial,Los Angeles,California,West,Manufacturing
102213,Oakridge Elite Partners,Industrial,Albany,New York,Northeast,Logistics
102214,Northgate United Enterprises,Industrial,Newark,New Jersey,Northeast,Hospitality
102215,Lonestar Elite Partners,Retail Chain,Phoenix,Arizona,West,Manufacturing
102216,Granite Valley Enterprises,Institutional,Milwaukee,Wisconsin,Midwest,Retail
102217,Liberty Trusted Enterprises,Institutional,Pittsburgh,Pennsylvania,Northeast,Manufacturing
102218,Superior Elite Partners,Government,Detroit,Michigan,Midwest,Food Service
102219,Summitline Summit Industries,Industrial,San Antonio,Texas,South,Education
102220,Pinnacle Summit Group,Retail Chain,Atlanta,Georgia,South,Education
102221,Crestview Signature Logistics,Commercial,Newark,New Jersey,Northeast,Education
102222,Redwood Capital Services,Commercial,Pittsburgh,Pennsylvania,Northeast,Education
102223,Northgate Elite Hospitality Services,Industrial,Albany,New York,Northeast,Technology
102224,Apex Systems,Institutional,Portland,Oregon,West,Retail
102225,National Legacy Industrial Systems,Industrial,Columbus,Ohio,Midwest,Retail
102226,Fairmont Signature Holdings,Industrial,Chicago,Illinois,Midwest,Retail
102227,National Prime Partners,Government,Orlando,Florida,South,Healthcare
102228,Keystone Landmark Construction Group,Industrial,Baltimore,Maryland,Northeast,Retail
102229,Pioneer Summit Industrial Systems,Industrial,Minneapolis,Minnesota,Midwest,Technology
102230,Cascade Summit Holdings,Retail Chain,Orlando,Florida,South,Healthcare
102231,Superior Valley Construction Group,Industrial,Charlotte,North Carolina,South,Healthcare
102232,Anchor Central Systems,Commercial,Nashville,Tennessee,South,Hospitality
102233,Allied Prime Enterprises,Commercial,Albany,New York,Northeast,Automotive
102234,Lonestar Crossroads Services,Industrial,Dallas,Texas,South,Manufacturing
102235,Horizon First Medical Supply,Retail Chain,Charlotte,North Carolina,South,Hospitality
102236,Maple Valley Partners,Retail Chain,Los Angeles,California,West,Logistics
102237,Premier Metro Hospitality Services,Institutional,Kansas City,Missouri,Midwest,Retail
102238,Apex First Contractors,Commercial,Boston,Massachusetts,Northeast,Education
102239,Union Allied Group,Industrial,Pittsburgh,Pennsylvania,Northeast,Manufacturing
102240,Northgate Crossroads Holdings,Retail Chain,Newark,New Jersey,Northeast,Food Service
102241,Granite Crossroads Manufacturing,Government,Tucson,Arizona,West,Technology
102242,Fairmont Crossroads Enterprises,Government,Milwaukee,Wisconsin,Midwest,Manufacturing
102243,Pinnacle United Logistics,Government,Indianapolis,Indiana,Midwest,Logistics
102244,Coastal Systems,Institutional,Nashville,Tennessee,South,Automotive
102245,Meridian Harbor Retail Partners,Industrial,Pittsburgh,Pennsylvania,Northeast,Education
102246,Pioneer Prime Partners,Institutional,Baltimore,Maryland,Northeast,Manufacturing
102247,Pinnacle Valley Construction Group,Institutional,Chicago,Illinois,Midwest,Healthcare
102248,Oakridge Central Partners,Industrial,Houston,Texas,South,Logistics
102249,Summit Reliable Industrial Systems,Industrial,Salt Lake City,Utah,West,Healthcare
102250,Continental Regional Services,Government,Philadelphia,Pennsylvania,Northeast,Manufacturing
102251,Ironclad Legacy Services,Institutional,San Antonio,Texas,South,Manufacturing
102252,Trailhead Prime Manufacturing,Commercial,Tucson,Arizona,West,Technology
102253,Vanguard Metro Construction Group,Industrial,Dallas,Texas,South,Automotive
102254,Northwest Trusted Services,Institutional,Detroit,Michigan,Midwest,Education
102255,Cascade Allied Solutions,Commercial,Denver,Colorado,West,Food Service
102256,Granite Capital Retail Partners,Commercial,Milwaukee,Wisconsin,Midwest,Automotive
102257,Continental Allied Solutions,Institutional,Sacramento,California,West,Healthcare
102258,Summit Central Systems,Industrial,Atlanta,Georgia,South,Healthcare
102259,Silverline Landmark Distribution,Industrial,Portland,Oregon,West,Education
102260,Anchor Elite Industrial Systems,Commercial,Minneapolis,Minnesota,Midwest,Technology
102261,Allied Harbor Group,Retail Chain,Boston,Massachusetts,Northeast,Food Service
102262,Summitline Landmark Industrial Systems,Institutional,Albany,New York,Northeast,Healthcare
102263,Oakridge Regional Logistics,Industrial,Columbus,Ohio,Midwest,Food Service
102264,Evergreen Industrial Systems,Institutional,Detroit,Michigan,Midwest,Food Service
102265,Pinnacle Prime Supply Co.,Institutional,Portland,Oregon,West,Technology
102266,Anchor United Systems,Commercial,Detroit,Michigan,Midwest,Automotive
102267,Summit Prime Contractors,Government,Albany,New York,Northeast,Education
102268,Horizon United Enterprises,Government,Denver,Colorado,West,Education
102269,Summitline Capital Group,Government,Minneapolis,Minnesota,Midwest,Education
102270,Frontier First Group,Commercial,Los Angeles,California,West,Education
102271,Fairmont Prime Systems,Retail Chain,Minneapolis,Minnesota,Midwest,Manufacturing
102272,Evergreen Prime Distribution,Institutional,Albany,New York,Northeast,Food Service
102273,Superior Signature Services,Industrial,Tucson,Arizona,West,Food Service
102274,Redwood Signature Corp.,Institutional,Columbus,Ohio,Midwest,Healthcare
102275,Lakeside Legacy Solutions,Commercial,Los Angeles,California,West,Education
102276,Apex Enterprises,Retail Chain,Charlotte,North Carolina,South,Construction
102277,Riverside Signature Construction Group,Retail Chain,Boston,Massachusetts,Northeast,Logistics
102278,Heritage Landmark Manufacturing,Industrial,Sacramento,California,West,Construction
102279,Northgate Legacy Holdings,Institutional,Nashville,Tennessee,South,Technology
102280,Union National Services,Institutional,Milwaukee,Wisconsin,Midwest,Retail
102281,Frontier United Supply Co.,Government,Seattle,Washington,West,Hospitality
102282,Oakridge National Manufacturing,Institutional,Atlanta,Georgia,South,Automotive
102283,Allied National Group,Government,Salt Lake City,Utah,West,Food Service
102284,Liberty Services,Commercial,Chicago,Illinois,Midwest,Education
102285,Heritage Solutions,Commercial,Nashville,Tennessee,South,Technology
102286,Northwest Allied Systems,Commercial,Minneapolis,Minnesota,Midwest,Manufacturing
102287,Bluepoint First Construction Group,Industrial,Newark,New Jersey,Northeast,Retail
102288,Frontier Prime Partners,Retail Chain,Philadelphia,Pennsylvania,Northeast,Automotive
102289,Summitline Legacy Distribution,Government,Pittsburgh,Pennsylvania,Northeast,Logistics
102290,Redwood National Enterprises,Commercial,Atlanta,Georgia,South,Manufacturing
102291,Apex Reliable Construction Group,Retail Chain,Salt Lake City,Utah,West,Manufacturing
102292,Coastal Metro Group,Government,Baltimore,Maryland,Northeast,Manufacturing
102293,Apex Allied Supply Co.,Industrial,Dallas,Texas,South,Technology
102294,Continental Harbor Systems,Industrial,Denver,Colorado,West,Automotive
102295,Northwest Allied Medical Supply,Industrial,Chicago,Illinois,Midwest,Automotive
102296,Maple First Corp.,Institutional,Sacramento,California,West,Education
102297,Trailhead Valley Enterprises,Industrial,Pittsburgh,Pennsylvania,Northeast,Automotive
102298,Lonestar Allied Distribution,Institutional,Houston,Texas,South,Hospitality
102299,Redwood Allied Holdings,Retail Chain,Atlanta,Georgia,South,Hospitality
102300,Bluepoint Elite Construction Group,Government,Sacramento,California,West,Construction
102301,Granite Capital Services,Institutional,Tucson,Arizona,West,Retail
102302,Riverside Elite Solutions,Institutional,Baltimore,Maryland,Northeast,Automotive
102303,Northgate Elite Group,Retail Chain,Phoenix,Arizona,West,Manufacturing
102304,Fairmont Signature Enterprises,Commercial,Nashville,Tennessee,South,Education
102305,Liberty Crossroads Holdings,Retail Chain,Orlando,Florida,South,Food Service
102306,Evergreen Signature Facilities Group,Institutional,Los Angeles,California,West,Automotive
102307,Heritage Regional Construction Group,Government,Charlotte,North Carolina,South,Food Service
102308,Premier Legacy Holdings,Commercial,Baltimore,Maryland,Northeast,Technology
102309,Horizon Elite Facilities Group,Commercial,Boston,Massachusetts,Northeast,Automotive
102310,Continental Trusted Group,Industrial,Detroit,Michigan,Midwest,Healthcare
102311,Maple Valley Retail Partners,Industrial,Boston,Massachusetts,Northeast,Education
102312,Ironclad Reliable Hospitality Services,Commercial,Albany,New York,Northeast,Construction
102313,Liberty Regional Supply Co.,Commercial,Sacramento,California,West,Food Service
102314,Pinnacle Valley Contractors,Institutional,Albany,New York,Northeast,Automotive
102315,Fairmont Landmark Corp.,Industrial,Seattle,Washington,West,Construction
102316,Lonestar Central Partners,Commercial,Detroit,Michigan,Midwest,Food Service
102317,Northwest Distribution,Retail Chain,Columbus,Ohio,Midwest,Hospitality
102318,Lonestar United Corp.,Industrial,Nashville,Tennessee,South,Manufacturing
102319,Keystone Summit Holdings,Industrial,Kansas City,Missouri,Midwest,Automotive
102320,Allied Metro Distribution,Government,Atlanta,Georgia,South,Education
102321,Superior Valley Group,Retail Chain,Los Angeles,California,West,Hospitality
102322,Apex Legacy Holdings,Institutional,Denver,Colorado,West,Retail
102323,Ironclad Elite Systems,Institutional,Baltimore,Maryland,Northeast,Hospitality
102324,Vanguard First Medical Supply,Retail Chain,Los Angeles,California,West,Construction
102325,Vanguard Elite Systems,Institutional,Boston,Massachusetts,Northeast,Manufacturing
102326,Lonestar Valley Distribution,Industrial,Orlando,Florida,South,Logistics
102327,Riverside Elite Corp.,Institutional,Tucson,Arizona,West,Food Service
102328,Trailhead Trusted Partners,Institutional,Kansas City,Missouri,Midwest,Education
102329,Keystone Valley Industries,Retail Chain,Los Angeles,California,West,Hospitality
102330,Cascade Corp.,Industrial,Tucson,Arizona,West,Automotive
102331,Pinnacle Capital Manufacturing,Government,Indianapolis,Indiana,Midwest,Automotive
102332,Vanguard Prime Services,Commercial,Boston,Massachusetts,Northeast,Automotive
102333,Horizon Capital Solutions,Industrial,Albany,New York,Northeast,Food Service
102334,Summit Trusted Hospitality Services,Government,Columbus,Ohio,Midwest,Food Service
102335,Bluepoint Harbor Systems,Industrial,Orlando,Florida,South,Logistics
102336,Pinnacle Crossroads Hospitality Services,Commercial,Tucson,Arizona,West,Technology
102337,Frontier Prime Solutions,Industrial,Columbus,Ohio,Midwest,Retail
102338,Trailhead Regional Manufacturing,Retail Chain,Salt Lake City,Utah,West,Technology
102339,Horizon Trusted Industries,Government,Chicago,Illinois,Midwest,Retail
102340,Northgate Metro Construction Group,Industrial,Columbus,Ohio,Midwest,Education
102341,Granite Harbor Retail Partners,Industrial,Dallas,Texas,South,Education
102342,Coastal Allied Medical Supply,Retail Chain,Kansas City,Missouri,Midwest,Healthcare
102343,Crestview Harbor Services,Government,Raleigh,North Carolina,South,Logistics
102344,Lakeside Capital Hospitality Services,Commercial,Columbus,Ohio,Midwest,Retail
102345,Apex Landmark Systems,Industrial,Kansas City,Missouri,Midwest,Food Service
102346,Patriot First Construction Group,Retail Chain,Albany,New York,Northeast,Logistics
102347,Fairmont National Holdings,Institutional,Philadelphia,Pennsylvania,Northeast,Food Service
102348,Heritage Summit Solutions,Industrial,Houston,Texas,South,Technology
102349,Fairmont Prime Holdings,Institutional,Atlanta,Georgia,South,Manufacturing
102350,Keystone Allied Distribution,Industrial,Atlanta,Georgia,South,Food Service
102351,Northgate Landmark Contractors,Commercial,Milwaukee,Wisconsin,Midwest,Technology
102352,Anchor Trusted Solutions,Institutional,Milwaukee,Wisconsin,Midwest,Food Service
102353,Vanguard Harbor Group,Industrial,Portland,Oregon,West,Food Service
102354,Summitline Harbor Construction Group,Industrial,Boston,Massachusetts,Northeast,Manufacturing
102355,Evergreen Central Retail Partners,Industrial,Cleveland,Ohio,Midwest,Automotive
102356,Frontier Landmark Services,Industrial,Atlanta,Georgia,South,Retail
102357,Summit Allied Logistics,Retail Chain,Raleigh,North Carolina,South,Logistics
102358,Riverside Signature Holdings,Retail Chain,Columbus,Ohio,Midwest,Education
102359,Northgate Landmark Distribution,Institutional,Detroit,Michigan,Midwest,Technology
102360,Westbrook Allied Distribution,Retail Chain,Portland,Oregon,West,Logistics
102361,Granite Distribution,Institutional,Chicago,Illinois,Midwest,Education
102362,Frontier Elite Retail Partners,Government,Cleveland,Ohio,Midwest,Education
102363,Apex National Contractors,Institutional,Denver,Colorado,West,Retail
102364,Anchor Central Supply Co.,Government,Cleveland,Ohio,Midwest,Education
102365,Keystone Central Contractors,Industrial,Denver,Colorado,West,Healthcare
102366,Keystone Capital Industries,Institutional,Philadelphia,Pennsylvania,Northeast,Education
102367,Redwood Capital Distribution,Retail Chain,San Antonio,Texas,South,Retail
102368,Premier United Group,Retail Chain,Philadelphia,Pennsylvania,Northeast,Manufacturing
102369,Premier Harbor Facilities Group,Industrial,Dallas,Texas,South,Technology
102370,Liberty Prime Corp.,Industrial,Baltimore,Maryland,Northeast,Automotive
102371,Trailhead Elite Construction Group,Commercial,Newark,New Jersey,Northeast,Construction
102372,Lakeside Landmark Supply Co.,Institutional,Sacramento,California,West,Logistics
102373,Oakridge Harbor Services,Institutional,Seattle,Washington,West,Logistics
102374,Northgate Summit Corp.,Government,Chicago,Illinois,Midwest,Hospitality
102375,Horizon Signature Contractors,Industrial,Nashville,Tennessee,South,Retail
102376,Vanguard Allied Corp.,Commercial,Raleigh,North Carolina,South,Healthcare
102377,Patriot Harbor Corp.,Government,Boston,Massachusetts,Northeast,Food Service
102378,Summitline Elite Manufacturing,Retail Chain,Chicago,Illinois,Midwest,Healthcare
102379,Allied Central Facilities Group,Institutional,Boston,Massachusetts,Northeast,Automotive
102380,Premier Valley Contractors,Commercial,Los Angeles,California,West,Education
102381,Fairmont Trusted Logistics,Commercial,Dallas,Texas,South,Healthcare
102382,Sterling Regional Retail Partners,Institutional,Milwaukee,Wisconsin,Midwest,Manufacturing
102383,Granite Metro Industries,Commercial,Nashville,Tennessee,South,Logistics
102384,Patriot United Retail Partners,Government,Seattle,Washington,West,Logistics
102385,Allied Landmark Construction Group,Institutional,Boston,Massachusetts,Northeast,Construction
102386,Patriot Regional Manufacturing,Government,Phoenix,Arizona,West,Retail
102387,Trailhead Capital Facilities Group,Industrial,Cleveland,Ohio,Midwest,Technology
102388,Trailhead Legacy Manufacturing,Retail Chain,Columbus,Ohio,Midwest,Education
102389,Heritage Allied Services,Government,Atlanta,Georgia,South,Logistics
102390,Superior Crossroads Contractors,Institutional,Salt Lake City,Utah,West,Technology
102391,National Elite Holdings,Retail Chain,Philadelphia,Pennsylvania,Northeast,Technology
102392,Keystone Reliable Corp.,Government,Milwaukee,Wisconsin,Midwest,Technology
102393,Keystone Enterprises,Industrial,Albany,New York,Northeast,Logistics
102394,Continental United Medical Supply,Commercial,Minneapolis,Minnesota,Midwest,Hospitality
102395,Maple Signature Holdings,Commercial,Albany,New York,Northeast,Food Service
102396,Allied Central Supply Co.,Government,Denver,Colorado,West,Healthcare
102397,Union Crossroads Construction Group,Institutional,Minneapolis,Minnesota,Midwest,Food Service
102398,Lakeside Allied Solutions,Government,Pittsburgh,Pennsylvania,Northeast,Construction
102399,Allied National Industrial Systems,Government,Atlanta,Georgia,South,Technology
102400,Bluepoint First Holdings,Industrial,Boston,Massachusetts,Northeast,Manufacturing
102401,Northgate First Corp.,Government,Albany,New York,Northeast,Education
102402,Pioneer Regional Supply Co.,Industrial,Salt Lake City,Utah,West,Healthcare
102403,Premier National Holdings,Government,Albany,New York,Northeast,Manufacturing
102404,National Allied Logistics,Retail Chain,San Antonio,Texas,South,Retail
102405,Summit Harbor Partners,Commercial,Los Angeles,California,West,Healthcare
102406,Frontier National Construction Group,Industrial,Philadelphia,Pennsylvania,Northeast,Technology
102407,Continental First Enterprises,Institutional,Milwaukee,Wisconsin,Midwest,Manufacturing
102408,Bluepoint Systems,Government,Orlando,Florida,South,Construction
102409,Granite United Distribution,Government,Boston,Massachusetts,Northeast,Logistics
102410,Evergreen Group,Institutional,Albany,New York,Northeast,Construction
102411,Meridian Metro Holdings,Industrial,Baltimore,Maryland,Northeast,Hospitality
102412,Pioneer National Logistics,Institutional,Orlando,Florida,South,Logistics
102413,Coastal Allied Retail Partners,Industrial,Newark,New Jersey,Northeast,Construction
102414,Union Metro Manufacturing,Industrial,San Antonio,Texas,South,Automotive
102415,Meridian National Industries,Industrial,Atlanta,Georgia,South,Manufacturing
102416,Bluepoint National Partners,Government,Raleigh,North Carolina,South,Food Service
102417,Premier Regional Corp.,Institutional,Portland,Oregon,West,Manufacturing
102418,Patriot Landmark Industries,Commercial,Indianapolis,Indiana,Midwest,Automotive
102419,Pinnacle Legacy Holdings,Government,Sacramento,California,West,Healthcare
102420,Cascade Capital Partners,Institutional,Phoenix,Arizona,West,Automotive
102421,Heritage Regional Distribution,Industrial,Atlanta,Georgia,South,Retail
102422,Oakridge Summit Group,Industrial,Baltimore,Maryland,Northeast,Construction
102423,Union Elite Retail Partners,Retail Chain,San Antonio,Texas,South,Logistics
102424,Redwood First Holdings,Commercial,Tucson,Arizona,West,Education
102425,Apex National Logistics,Institutional,Indianapolis,Indiana,Midwest,Automotive
102426,Allied National Hospitality Services,Institutional,Albany,New York,Northeast,Education
102427,Northwest Harbor Enterprises,Commercial,Cleveland,Ohio,Midwest,Construction
102428,Meridian Central Industrial Systems,Industrial,Chicago,Illinois,Midwest,Hospitality
102429,National Valley Supply Co.,Commercial,Detroit,Michigan,Midwest,Education
102430,Horizon National Industries,Retail Chain,Nashville,Tennessee,South,Technology
102431,Coastal Regional Services,Industrial,Philadelphia,Pennsylvania,Northeast,Technology
102432,Northgate National Logistics,Retail Chain,Phoenix,Arizona,West,Manufacturing
102433,Coastal Capital Industries,Commercial,Baltimore,Maryland,Northeast,Construction
102434,Fairmont Regional Services,Commercial,Raleigh,North Carolina,South,Retail
102435,Allied Reliable Solutions,Industrial,Raleigh,North Carolina,South,Manufacturing
102436,Oakridge Prime Services,Commercial,Chicago,Illinois,Midwest,Technology
102437,Superior Trusted Facilities Group,Institutional,Houston,Texas,South,Logistics
102438,Superior Legacy Retail Partners,Industrial,Raleigh,North Carolina,South,Retail
102439,Trailhead Capital Construction Group,Retail Chain,Chicago,Illinois,Midwest,Construction
102440,Liberty Summit Manufacturing,Commercial,Sacramento,California,West,Automotive
102441,Lakeside First Facilities Group,Commercial,Pittsburgh,Pennsylvania,Northeast,Food Service
102442,Pioneer Prime Retail Partners,Industrial,Denver,Colorado,West,Hospitality
102443,Summit Capital Solutions,Institutional,Boston,Massachusetts,Northeast,Education
102444,Bluepoint Harbor Group,Institutional,Indianapolis,Indiana,Midwest,Food Service
102445,Allied Capital Industrial Systems,Retail Chain,Seattle,Washington,West,Technology
102446,Apex Trusted Partners,Industrial,Nashville,Tennessee,South,Healthcare
102447,Fairmont Signature Group,Industrial,Cleveland,Ohio,Midwest,Technology
102448,Keystone Landmark Facilities Group,Government,Philadelphia,Pennsylvania,Northeast,Construction
102449,Allied Capital Hospitality Services,Institutional,Albany,New York,Northeast,Logistics
102450,Meridian Holdings,Industrial,Portland,Oregon,West,Retail
102451,Coastal Prime Group,Industrial,Kansas City,Missouri,Midwest,Food Service
102452,Pioneer First Solutions,Institutional,Albany,New York,Northeast,Retail
102453,Granite United Group,Commercial,Chicago,Illinois,Midwest,Hospitality
102454,Pinnacle Central Facilities Group,Government,Minneapolis,Minnesota,Midwest,Food Service
102455,Liberty Valley Contractors,Retail Chain,Baltimore,Maryland,Northeast,Hospitality
102456,Evergreen First Distribution,Retail Chain,Dallas,Texas,South,Retail
102457,Trailhead Metro Enterprises,Industrial,Philadelphia,Pennsylvania,Northeast,Automotive
102458,Westbrook Elite Solutions,Commercial,Dallas,Texas,South,Hospitality
102459,Heritage Crossroads Holdings,Institutional,Chicago,Illinois,Midwest,Construction
102460,Anchor Metro Facilities Group,Commercial,Sacramento,California,West,Technology
102461,Vanguard Elite Group,Government,Phoenix,Arizona,West,Retail
102462,Lakeside Legacy Medical Supply,Institutional,Detroit,Michigan,Midwest,Logistics
102463,Ironclad Metro Holdings,Commercial,Houston,Texas,South,Retail
102464,Summit Legacy Enterprises,Government,Boston,Massachusetts,Northeast,Hospitality
102465,Lonestar Legacy Facilities Group,Retail Chain,Denver,Colorado,West,Food Service
102466,Northgate Central Industries,Government,San Antonio,Texas,South,Retail
102467,Summitline First Medical Supply,Commercial,Los Angeles,California,West,Retail
102468,Anchor Harbor Enterprises,Government,Los Angeles,California,West,Automotive
102469,Apex Retail Partners,Commercial,Chicago,Illinois,Midwest,Construction
102470,Pinnacle Trusted Distribution,Retail Chain,Columbus,Ohio,Midwest,Healthcare
102471,Liberty Central Solutions,Institutional,Sacramento,California,West,Education
102472,Silverline Valley Hospitality Services,Retail Chain,Pittsburgh,Pennsylvania,Northeast,Retail
102473,Fairmont Reliable Services,Institutional,Chicago,Illinois,Midwest,Retail
102474,Summit Valley Corp.,Commercial,Milwaukee,Wisconsin,Midwest,Logistics
102475,Northwest Crossroads Group,Commercial,Phoenix,Arizona,West,Retail
102476,Anchor Central Industries,Government,Pittsburgh,Pennsylvania,Northeast,Food Service
102477,Pioneer Valley Systems,Retail Chain,Cleveland,Ohio,Midwest,Manufacturing
102478,Pinnacle Industrial Systems,Retail Chain,Sacramento,California,West,Automotive
102479,Lonestar Trusted Facilities Group,Institutional,Newark,New Jersey,Northeast,Logistics
102480,Continental Prime Enterprises,Industrial,Newark,New Jersey,Northeast,Construction
102481,Lonestar First Contractors,Retail Chain,Columbus,Ohio,Midwest,Technology
102482,Heritage Allied Manufacturing,Commercial,Chicago,Illinois,Midwest,Logistics
102483,Summitline National Logistics,Government,Los Angeles,California,West,Education
102484,Bluepoint Reliable Enterprises,Industrial,Milwaukee,Wisconsin,Midwest,Retail
102485,Cascade Summit Contractors,Industrial,Indianapolis,Indiana,Midwest,Food Service
102486,Premier Central Contractors,Institutional,Los Angeles,California,West,Automotive
102487,Evergreen First Construction Group,Commercial,Dallas,Texas,South,Education
102488,Trailhead Group,Industrial,Phoenix,Arizona,West,Automotive
102489,Keystone Harbor Services,Commercial,Houston,Texas,South,Retail
102490,Anchor Regional Partners,Institutional,Newark,New Jersey,Northeast,Hospitality
102491,Bluepoint National Industrial Systems,Industrial,Pittsburgh,Pennsylvania,Northeast,Technology
102492,Union Crossroads Group,Industrial,Charlotte,North Carolina,South,Education
102493,Patriot Allied Systems,Government,Indianapolis,Indiana,Midwest,Logistics
102494,Continental First Group,Industrial,Phoenix,Arizona,West,Manufacturing
102495,Pinnacle United Enterprises,Government,Houston,Texas,South,Education
102496,Ironclad First Medical Supply,Institutional,Boston,Massachusetts,Northeast,Food Service
102497,Lakeside United Industries,Retail Chain,Raleigh,North Carolina,South,Manufacturing
102498,Superior Signature Facilities Group,Commercial,Atlanta,Georgia,South,Education
102499,Cascade Prime Medical Supply,Retail Chain,Newark,New Jersey,Northeast,Hospitality
102500,Northgate Valley Medical Supply,Institutional,Phoenix,Arizona,West,Food Service
102501,Redwood Central Partners,Government,Minneapolis,Minnesota,Midwest,Hospitality
102502,Crestview Allied Systems,Institutional,Charlotte,North Carolina,South,Food Service
102503,Vanguard Summit Retail Partners,Retail Chain,Nashville,Tennessee,South,Hospitality
102504,Coastal Landmark Services,Commercial,Chicago,Illinois,Midwest,Education
102505,Frontier Landmark Hospitality Services,Industrial,Pittsburgh,Pennsylvania,Northeast,Technology
102506,Vanguard Central Enterprises,Commercial,Tucson,Arizona,West,Healthcare
102507,Frontier National Manufacturing,Industrial,Kansas City,Missouri,Midwest,Healthcare
102508,Westbrook Legacy Partners,Commercial,Milwaukee,Wisconsin,Midwest,Automotive
102509,Oakridge Prime Contractors,Commercial,Baltimore,Maryland,Northeast,Healthcare
102510,Riverside Landmark Supply Co.,Industrial,Tucson,Arizona,West,Food Service
102511,Continental Capital Supply Co.,Commercial,Minneapolis,Minnesota,Midwest,Logistics
102512,Oakridge Harbor Industries,Commercial,Columbus,Ohio,Midwest,Manufacturing
102513,Pioneer Systems,Institutional,Chicago,Illinois,Midwest,Manufacturing
102514,Northwest Elite Retail Partners,Institutional,Nashville,Tennessee,South,Manufacturing
102515,National Prime Retail Partners,Commercial,Denver,Colorado,West,Education
102516,Superior Valley Distribution,Retail Chain,Salt Lake City,Utah,West,Education
102517,Patriot Harbor Services,Retail Chain,Raleigh,North Carolina,South,Healthcare
102518,Pinnacle Trusted Supply Co.,Retail Chain,Dallas,Texas,South,Hospitality
102519,Keystone Valley Solutions,Retail Chain,Boston,Massachusetts,Northeast,Healthcare
102520,Westbrook Prime Solutions,Government,Philadelphia,Pennsylvania,Northeast,Construction
102521,Heritage Trusted Industrial Systems,Commercial,Portland,Oregon,West,Education
102522,Anchor Reliable Systems,Institutional,Nashville,Tennessee,South,Technology
102523,Northwest Logistics,Government,Newark,New Jersey,Northeast,Healthcare
102524,Sterling Trusted Construction Group,Industrial,Charlotte,North Carolina,South,Logistics
102525,Lonestar Valley Industrial Systems,Government,Tucson,Arizona,West,Education
102526,Northwest Valley Solutions,Government,Seattle,Washington,West,Construction
102527,Heritage Prime Enterprises,Industrial,Columbus,Ohio,Midwest,Hospitality
102528,Oakridge Elite Systems,Commercial,Philadelphia,Pennsylvania,Northeast,Healthcare
102529,Frontier Summit Logistics,Institutional,Nashville,Tennessee,South,Automotive
102530,Redwood Supply Co.,Industrial,Cleveland,Ohio,Midwest,Logistics
102531,Silverline Capital Systems,Industrial,Detroit,Michigan,Midwest,Retail
102532,Lonestar Landmark Solutions,Institutional,Denver,Colorado,West,Retail
102533,Silverline Elite Retail Partners,Industrial,Nashville,Tennessee,South,Healthcare
102534,National Summit Logistics,Commercial,Phoenix,Arizona,West,Retail
102535,Patriot Partners,Industrial,Newark,New Jersey,Northeast,Retail
102536,Northwest Valley Logistics,Retail Chain,Baltimore,Maryland,Northeast,Manufacturing
102537,Pioneer Valley Logistics,Industrial,Seattle,Washington,West,Construction
102538,Heritage Landmark Logistics,Government,Kansas City,Missouri,Midwest,Technology
102539,Evergreen Legacy Distribution,Retail Chain,Philadelphia,Pennsylvania,Northeast,Food Service
102540,Anchor Services,Retail Chain,Seattle,Washington,West,Construction
102541,Liberty Reliable Supply Co.,Commercial,San Antonio,Texas,South,Education
102542,Continental Prime Solutions,Commercial,Kansas City,Missouri,Midwest,Logistics
102543,Maple Harbor Supply Co.,Government,Newark,New Jersey,Northeast,Healthcare
102544,Maple Metro Systems,Institutional,Salt Lake City,Utah,West,Retail
102545,Bluepoint Prime Manufacturing,Industrial,Boston,Massachusetts,Northeast,Healthcare
102546,Pioneer Elite Corp.,Institutional,Detroit,Michigan,Midwest,Food Service
102547,Allied Crossroads Logistics,Industrial,Los Angeles,California,West,Food Service
102548,Meridian Landmark Partners,Industrial,Dallas,Texas,South,Automotive
102549,Allied Elite Corp.,Institutional,Minneapolis,Minnesota,Midwest,Retail
102550,Evergreen Capital Supply Co.,Industrial,Chicago,Illinois,Midwest,Healthcare
102551,Superior Metro Industries,Institutional,Philadelphia,Pennsylvania,Northeast,Logistics
102552,Silverline Enterprises,Retail Chain,Chicago,Illinois,Midwest,Logistics
102553,Liberty Prime Solutions,Commercial,Pittsburgh,Pennsylvania,Northeast,Logistics
102554,Sterling Elite Holdings,Retail Chain,Nashville,Tennessee,South,Education
102555,Crestview National Partners,Institutional,Milwaukee,Wisconsin,Midwest,Logistics
102556,Lonestar Reliable Corp.,Commercial,Atlanta,Georgia,South,Retail
102557,Keystone Signature Industrial Systems,Industrial,Newark,New Jersey,Northeast,Education
102558,Premier Legacy Distribution,Government,Phoenix,Arizona,West,Technology
102559,Bluepoint Elite Logistics,Retail Chain,Milwaukee,Wisconsin,Midwest,Retail
102560,Keystone Trusted Corp.,Commercial,Newark,New Jersey,Northeast,Retail
102561,Continental Landmark Supply Co.,Government,Boston,Massachusetts,Northeast,Logistics
102562,Riverside Crossroads Supply Co.,Commercial,Charlotte,North Carolina,South,Education
102563,Heritage Regional Systems,Commercial,Charlotte,North Carolina,South,Manufacturing
102564,Evergreen United Manufacturing,Industrial,Salt Lake City,Utah,West,Education
102565,Northgate Capital Solutions,Industrial,Seattle,Washington,West,Technology
102566,Trailhead Legacy Logistics,Industrial,Baltimore,Maryland,Northeast,Healthcare
102567,Bluepoint Capital Industries,Government,Minneapolis,Minnesota,Midwest,Automotive
102568,Superior Capital Medical Supply,Retail Chain,Detroit,Michigan,Midwest,Manufacturing
102569,National Metro Hospitality Services,Institutional,Dallas,Texas,South,Manufacturing
102570,Frontier Harbor Industries,Retail Chain,Detroit,Michigan,Midwest,Manufacturing
102571,Meridian Elite Distribution,Government,Detroit,Michigan,Midwest,Hospitality
102572,Westbrook Capital Industries,Institutional,Philadelphia,Pennsylvania,Northeast,Technology
102573,Evergreen Valley Systems,Commercial,Detroit,Michigan,Midwest,Automotive
102574,Superior Logistics,Commercial,Nashville,Tennessee,South,Logistics
102575,Maple Harbor Group,Commercial,Phoenix,Arizona,West,Hospitality
102576,Coastal Crossroads Retail Partners,Government,Indianapolis,Indiana,Midwest,Logistics
102577,Continental Prime Holdings,Retail Chain,Los Angeles,California,West,Retail
102578,Heritage United Partners,Government,Chicago,Illinois,Midwest,Logistics
102579,Lonestar Prime Medical Supply,Industrial,Kansas City,Missouri,Midwest,Education
102580,Crestview Landmark Services,Commercial,Minneapolis,Minnesota,Midwest,Automotive
102581,Patriot Signature Industries,Retail Chain,Seattle,Washington,West,Hospitality
102582,Horizon Central Supply Co.,Institutional,Dallas,Texas,South,Logistics
102583,Fairmont Signature Corp.,Institutional,Charlotte,North Carolina,South,Manufacturing
102584,Premier Legacy Enterprises,Industrial,Dallas,Texas,South,Retail
102585,Heritage Regional Partners,Institutional,Pittsburgh,Pennsylvania,Northeast,Logistics
102586,Oakridge Valley Corp.,Industrial,Pittsburgh,Pennsylvania,Northeast,Hospitality
102587,Crestview Central Retail Partners,Government,Philadelphia,Pennsylvania,Northeast,Food Service
102588,Superior Legacy Enterprises,Commercial,Denver,Colorado,West,Healthcare
102589,Lonestar Metro Solutions,Industrial,Dallas,Texas,South,Food Service
102590,Lakeside Elite Manufacturing,Institutional,Portland,Oregon,West,Manufacturing
102591,Keystone Capital Holdings,Institutional,Detroit,Michigan,Midwest,Hospitality
102592,Riverside Legacy Manufacturing,Government,Albany,New York,Northeast,Automotive
102593,Meridian Regional Systems,Government,Houston,Texas,South,Education
102594,Trailhead Valley Contractors,Institutional,Baltimore,Maryland,Northeast,Construction
102595,Riverside National Medical Supply,Industrial,Denver,Colorado,West,Construction
102596,Northwest Summit Retail Partners,Institutional,Baltimore,Maryland,Northeast,Logistics
102597,Lonestar Summit Group,Retail Chain,Sacramento,California,West,Food Service
102598,Continental National Construction Group,Government,Dallas,Texas,South,Construction
102599,Liberty Summit Corp.,Industrial,Seattle,Washington,West,Retail
102600,Silverline Crossroads Group,Retail Chain,Detroit,Michigan,Midwest,Manufacturing
102601,Sterling Metro Industries,Government,Boston,Massachusetts,Northeast,Manufacturing
102602,Premier Partners,Retail Chain,Boston,Massachusetts,Northeast,Retail
102603,Apex Signature Hospitality Services,Commercial,Albany,New York,Northeast,Construction
102604,Bluepoint Allied Supply Co.,Retail Chain,Raleigh,North Carolina,South,Construction
102605,Evergreen Landmark Supply Co.,Commercial,Kansas City,Missouri,Midwest,Logistics
102606,Superior National Holdings,Institutional,Orlando,Florida,South,Automotive
102607,Pioneer Metro Solutions,Government,Pittsburgh,Pennsylvania,Northeast,Manufacturing
102608,Keystone Crossroads Hospitality Services,Commercial,Milwaukee,Wisconsin,Midwest,Automotive
102609,Continental Central Contractors,Retail Chain,Kansas City,Missouri,Midwest,Construction
102610,Riverside Signature Systems,Retail Chain,Atlanta,Georgia,South,Manufacturing
102611,Apex Landmark Holdings,Industrial,Orlando,Florida,South,Automotive
102612,Premier Capital Group,Government,Tucson,Arizona,West,Manufacturing
102613,Sterling Reliable Logistics,Industrial,Cleveland,Ohio,Midwest,Construction
102614,Anchor Capital Partners,Industrial,Philadelphia,Pennsylvania,Northeast,Healthcare
102615,Continental Regional Facilities Group,Commercial,Dallas,Texas,South,Retail
102616,Lakeside First Systems,Government,Nashville,Tennessee,South,Food Service
102617,Summitline United Facilities Group,Commercial,Kansas City,Missouri,Midwest,Logistics
102618,Ironclad Legacy Medical Supply,Industrial,Indianapolis,Indiana,Midwest,Logistics
102619,Northwest United Retail Partners,Commercial,Tucson,Arizona,West,Logistics
102620,Maple Reliable Medical Supply,Government,Detroit,Michigan,Midwest,Education
102621,Premier National Hospitality Services,Institutional,Phoenix,Arizona,West,Logistics
102622,Lakeside Regional Group,Commercial,Atlanta,Georgia,South,Healthcare
102623,Pioneer Central Construction Group,Government,Denver,Colorado,West,Technology
102624,Silverline Reliable Construction Group,Industrial,Detroit,Michigan,Midwest,Retail
102625,Bluepoint Metro Enterprises,Retail Chain,Orlando,Florida,South,Food Service
102626,Superior Signature Hospitality Services,Commercial,Raleigh,North Carolina,South,Automotive
102627,Frontier Legacy Construction Group,Government,Newark,New Jersey,Northeast,Manufacturing
102628,Premier Crossroads Medical Supply,Industrial,Atlanta,Georgia,South,Manufacturing
102629,Riverside Capital Manufacturing,Commercial,Portland,Oregon,West,Logistics
102630,Ironclad Valley Group,Commercial,San Antonio,Texas,South,Hospitality
102631,Lakeside Landmark Corp.,Commercial,Nashville,Tennessee,South,Hospitality
102632,Frontier Regional Retail Partners,Retail Chain,Los Angeles,California,West,Automotive
102633,Lonestar Reliable Manufacturing,Retail Chain,Cleveland,Ohio,Midwest,Manufacturing
102634,Keystone Reliable Industries,Retail Chain,Dallas,Texas,South,Healthcare
102635,Horizon Elite Enterprises,Retail Chain,Houston,Texas,South,Automotive
102636,Sterling Landmark Corp.,Institutional,Pittsburgh,Pennsylvania,Northeast,Technology
102637,Northwest Reliable Systems,Industrial,Los Angeles,California,West,Automotive
102638,Evergreen Valley Holdings,Institutional,Columbus,Ohio,Midwest,Manufacturing
102639,Allied Harbor Supply Co.,Retail Chain,Minneapolis,Minnesota,Midwest,Logistics
102640,Fairmont Allied Logistics,Institutional,Salt Lake City,Utah,West,Hospitality
102641,Oakridge Elite Solutions,Commercial,Orlando,Florida,South,Automotive
102642,Pioneer Crossroads Construction Group,Retail Chain,Phoenix,Arizona,West,Hospitality
102643,Silverline First Industries,Retail Chain,Pittsburgh,Pennsylvania,Northeast,Construction
102644,Bluepoint First Solutions,Institutional,Albany,New York,Northeast,Technology
102645,Apex Reliable Distribution,Retail Chain,Sacramento,California,West,Healthcare
102646,Summitline Trusted Solutions,Commercial,Atlanta,Georgia,South,Logistics
102647,Silverline Legacy Group,Retail Chain,Houston,Texas,South,Manufacturing
102648,Silverline Signature Facilities Group,Retail Chain,Sacramento,California,West,Food Service
102649,Pinnacle Trusted Systems,Commercial,Pittsburgh,Pennsylvania,Northeast,Construction
102650,Coastal Allied Systems,Government,Cleveland,Ohio,Midwest,Manufacturing
102651,Union National Enterprises,Government,Columbus,Ohio,Midwest,Healthcare
102652,Keystone Capital Distribution,Retail Chain,Boston,Massachusetts,Northeast,Manufacturing
102653,Liberty Enterprises,Institutional,Baltimore,Maryland,Northeast,Automotive
102654,Superior Harbor Solutions,Commercial,Albany,New York,Northeast,Education
102655,Ironclad Allied Supply Co.,Commercial,Raleigh,North Carolina,South,Technology
102656,Apex United Supply Co.,Industrial,Tucson,Arizona,West,Technology
102657,Heritage Metro Facilities Group,Retail Chain,Philadelphia,Pennsylvania,Northeast,Manufacturing
102658,Bluepoint Central Distribution,Industrial,Seattle,Washington,West,Healthcare
102659,Apex Metro Corp.,Industrial,Atlanta,Georgia,South,Automotive
102660,Horizon Valley Retail Partners,Commercial,Baltimore,Maryland,Northeast,Hospitality
102661,Anchor National Manufacturing,Institutional,Sacramento,California,West,Education
102662,Sterling Signature Facilities Group,Industrial,Indianapolis,Indiana,Midwest,Education
102663,National First Group,Government,Columbus,Ohio,Midwest,Manufacturing
102664,Ironclad United Hospitality Services,Institutional,Detroit,Michigan,Midwest,Healthcare
102665,Evergreen Central Logistics,Institutional,Nashville,Tennessee,South,Automotive
102666,Evergreen Signature Industries,Commercial,Phoenix,Arizona,West,Manufacturing
102667,Northgate Reliable Distribution,Government,Raleigh,North Carolina,South,Healthcare
102668,Lonestar Prime Services,Institutional,Portland,Oregon,West,Logistics
102669,Westbrook Signature Services,Government,Newark,New Jersey,Northeast,Healthcare
102670,Liberty Signature Group,Industrial,Columbus,Ohio,Midwest,Education
102671,Fairmont United Holdings,Industrial,Newark,New Jersey,Northeast,Healthcare
102672,Lakeside Metro Services,Institutional,Portland,Oregon,West,Healthcare
102673,Summit Landmark Enterprises,Industrial,Dallas,Texas,South,Hospitality
102674,Maple Summit Retail Partners,Institutional,Kansas City,Missouri,Midwest,Healthcare
102675,Horizon Services,Retail Chain,Houston,Texas,South,Logistics
102676,Northgate Legacy Construction Group,Industrial,Kansas City,Missouri,Midwest,Food Service
102677,Coastal Landmark Holdings,Institutional,Boston,Massachusetts,Northeast,Education
102678,Silverline National Construction Group,Retail Chain,Pittsburgh,Pennsylvania,Northeast,Technology
102679,Lakeside Capital Logistics,Retail Chain,Indianapolis,Indiana,Midwest,Food Service
102680,Superior Crossroads Logistics,Government,Phoenix,Arizona,West,Healthcare
102681,Silverline Legacy Hospitality Services,Commercial,Salt Lake City,Utah,West,Education
102682,Evergreen Harbor Facilities Group,Government,Sacramento,California,West,Retail
102683,Cascade Manufacturing,Retail Chain,Sacramento,California,West,Construction
102684,Bluepoint Valley Supply Co.,Institutional,Columbus,Ohio,Midwest,Automotive
102685,Crestview Legacy Supply Co.,Retail Chain,Indianapolis,Indiana,Midwest,Hospitality
102686,Meridian Valley Logistics,Institutional,Atlanta,Georgia,South,Automotive
102687,Ironclad First Hospitality Services,Government,Salt Lake City,Utah,West,Retail
102688,Summitline Reliable Industrial Systems,Retail Chain,Orlando,Florida,South,Automotive
102689,Summit Elite Medical Supply,Commercial,Chicago,Illinois,Midwest,Retail
102690,Sterling Harbor Holdings,Institutional,Newark,New Jersey,Northeast,Automotive
102691,Frontier Crossroads Contractors,Commercial,Pittsburgh,Pennsylvania,Northeast,Food Service
102692,Heritage Signature Medical Supply,Retail Chain,Cleveland,Ohio,Midwest,Food Service
102693,Redwood Legacy Distribution,Government,Phoenix,Arizona,West,Automotive
102694,Union Reliable Systems,Government,Orlando,Florida,South,Retail
102695,Silverline Signature Systems,Government,Albany,New York,Northeast,Automotive
102696,Meridian Regional Logistics,Industrial,Phoenix,Arizona,West,Healthcare
102697,Sterling Allied Corp.,Government,Boston,Massachusetts,Northeast,Food Service
102698,Summitline Regional Manufacturing,Retail Chain,Newark,New Jersey,Northeast,Retail
102699,Crestview Metro Industries,Retail Chain,Charlotte,North Carolina,South,Food Service
102700,Crestview Elite Services,Retail Chain,Nashville,Tennessee,South,Hospitality
102701,Trailhead Manufacturing,Retail Chain,Seattle,Washington,West,Logistics
102702,Lonestar Prime Solutions,Commercial,Chicago,Illinois,Midwest,Education
102703,Union Landmark Hospitality Services,Industrial,Raleigh,North Carolina,South,Food Service
102704,Cascade United Partners,Industrial,Cleveland,Ohio,Midwest,Food Service
102705,Patriot Prime Industrial Systems,Institutional,Nashville,Tennessee,South,Hospitality
102706,Silverline Elite Contractors,Industrial,Los Angeles,California,West,Automotive
102707,Pioneer Capital Manufacturing,Government,Tucson,Arizona,West,Technology
102708,Riverside Reliable Partners,Commercial,Denver,Colorado,West,Logistics
102709,Oakridge Legacy Construction Group,Government,Albany,New York,Northeast,Food Service
102710,Sterling Crossroads Hospitality Services,Industrial,Denver,Colorado,West,Hospitality
102711,Meridian Valley Enterprises,Government,Portland,Oregon,West,Automotive
102712,Evergreen Landmark Hospitality Services,Government,Portland,Oregon,West,Logistics
102713,Ironclad Crossroads Distribution,Industrial,Los Angeles,California,West,Construction
102714,Northgate Retail Partners,Institutional,Minneapolis,Minnesota,Midwest,Construction
102715,Summit First Holdings,Industrial,Kansas City,Missouri,Midwest,Logistics
102716,Liberty Valley Hospitality Services,Retail Chain,Atlanta,Georgia,South,Technology
102717,Lonestar Reliable Supply Co.,Institutional,Baltimore,Maryland,Northeast,Technology
102718,Horizon Reliable Industrial Systems,Institutional,Atlanta,Georgia,South,Retail
102719,Continental First Logistics,Commercial,Tucson,Arizona,West,Retail
102720,Coastal Allied Solutions,Retail Chain,Minneapolis,Minnesota,Midwest,Food Service
102721,Westbrook First Systems,Institutional,Philadelphia,Pennsylvania,Northeast,Retail
102722,Coastal National Facilities Group,Commercial,Orlando,Florida,South,Automotive
102723,Sterling Crossroads Group,Institutional,Chicago,Illinois,Midwest,Food Service
102724,Vanguard Harbor Contractors,Retail Chain,Sacramento,California,West,Healthcare
102725,Pioneer Capital Corp.,Commercial,Orlando,Florida,South,Education
102726,Cascade Legacy Supply Co.,Commercial,Raleigh,North Carolina,South,Manufacturing
102727,Lakeside Metro Medical Supply,Institutional,Seattle,Washington,West,Construction
102728,Crestview Summit Industries,Government,Chicago,Illinois,Midwest,Hospitality
102729,Coastal Valley Corp.,Commercial,Denver,Colorado,West,Hospitality
102730,Superior Reliable Manufacturing,Commercial,Atlanta,Georgia,South,Food Service
102731,Ironclad Legacy Solutions,Government,San Antonio,Texas,South,Education
102732,Summit Trusted Holdings,Institutional,Cleveland,Ohio,Midwest,Automotive
102733,Keystone National Systems,Institutional,Seattle,Washington,West,Manufacturing
102734,Northgate Reliable Services,Industrial,Salt Lake City,Utah,West,Logistics
102735,Vanguard Elite Construction Group,Retail Chain,Milwaukee,Wisconsin,Midwest,Construction
102736,Vanguard Regional Logistics,Industrial,Minneapolis,Minnesota,Midwest,Logistics
102737,Sterling Harbor Industrial Systems,Government,Dallas,Texas,South,Food Service
102738,Continental Legacy Partners,Industrial,Minneapolis,Minnesota,Midwest,Hospitality
102739,Allied Crossroads Systems,Government,Phoenix,Arizona,West,Technology
102740,Allied Elite Logistics,Retail Chain,Denver,Colorado,West,Education
102741,Cascade Hospitality Services,Government,Salt Lake City,Utah,West,Hospitality
102742,Ironclad Trusted Services,Retail Chain,Salt Lake City,Utah,West,Retail
102743,Pinnacle Allied Manufacturing,Institutional,Cleveland,Ohio,Midwest,Logistics
102744,Keystone Signature Contractors,Institutional,Portland,Oregon,West,Food Service
102745,Liberty Regional Enterprises,Institutional,Salt Lake City,Utah,West,Education
102746,Lonestar Capital Industries,Retail Chain,Houston,Texas,South,Automotive
102747,Meridian Harbor Logistics,Retail Chain,Raleigh,North Carolina,South,Hospitality
102748,Coastal Valley Construction Group,Retail Chain,Denver,Colorado,West,Retail
102749,Coastal United Solutions,Retail Chain,Cleveland,Ohio,Midwest,Logistics
102750,Superior Crossroads Solutions,Government,Sacramento,California,West,Technology
102751,Summitline Signature Solutions,Institutional,Houston,Texas,South,Hospitality
102752,Horizon Reliable Services,Commercial,Baltimore,Maryland,Northeast,Technology
102753,Granite Crossroads Facilities Group,Retail Chain,Raleigh,North Carolina,South,Hospitality
102754,Northwest Summit Distribution,Commercial,Los Angeles,California,West,Technology
102755,Summitline Central Systems,Institutional,Denver,Colorado,West,Manufacturing
102756,Anchor Landmark Industries,Retail Chain,Orlando,Florida,South,Technology
102757,Summit Summit Retail Partners,Government,Minneapolis,Minnesota,Midwest,Hospitality
102758,Northwest Landmark Systems,Commercial,Portland,Oregon,West,Technology
102759,Patriot Central Logistics,Institutional,Charlotte,North Carolina,South,Technology
102760,National Legacy Logistics,Institutional,Denver,Colorado,West,Construction
102761,Pinnacle Central Corp.,Government,Houston,Texas,South,Food Service
102762,Anchor Regional Manufacturing,Industrial,Nashville,Tennessee,South,Education
102763,Redwood Capital Facilities Group,Government,Atlanta,Georgia,South,Manufacturing
102764,Meridian Legacy Industrial Systems,Government,Sacramento,California,West,Manufacturing
102765,Ironclad Summit Construction Group,Industrial,Sacramento,California,West,Logistics
102766,Liberty Crossroads Retail Partners,Institutional,Raleigh,North Carolina,South,Education
102767,Riverside Reliable Logistics,Government,Charlotte,North Carolina,South,Logistics
102768,Anchor Elite Contractors,Retail Chain,Los Angeles,California,West,Logistics
102769,Granite Regional Logistics,Industrial,Raleigh,North Carolina,South,Education
102770,Continental Capital Corp.,Government,Nashville,Tennessee,South,Construction
102771,Superior Summit Distribution,Commercial,Sacramento,California,West,Automotive
102772,Lakeside Harbor Construction Group,Commercial,Albany,New York,Northeast,Manufacturing
102773,Westbrook Regional Group,Institutional,Phoenix,Arizona,West,Technology
102774,Oakridge Metro Holdings,Government,Portland,Oregon,West,Automotive
102775,Westbrook Elite Partners,Retail Chain,Pittsburgh,Pennsylvania,Northeast,Retail
102776,Pioneer Signature Retail Partners,Commercial,Raleigh,North Carolina,South,Logistics
102777,Horizon National Facilities Group,Government,Charlotte,North Carolina,South,Education
102778,Anchor Crossroads Systems,Institutional,Portland,Oregon,West,Retail
102779,Summit Summit Supply Co.,Industrial,Salt Lake City,Utah,West,Logistics
102780,Vanguard Regional Services,Retail Chain,Chicago,Illinois,Midwest,Food Service
102781,Keystone First Contractors,Retail Chain,San Antonio,Texas,South,Manufacturing
102782,Evergreen First Group,Commercial,Salt Lake City,Utah,West,Healthcare
102783,Vanguard Trusted Retail Partners,Retail Chain,Albany,New York,Northeast,Construction
102784,Continental Capital Hospitality Services,Industrial,Columbus,Ohio,Midwest,Education
102785,Horizon Elite Supply Co.,Institutional,Orlando,Florida,South,Food Service
102786,Ironclad Harbor Logistics,Industrial,Tucson,Arizona,West,Education
102787,Heritage Prime Services,Government,Chicago,Illinois,Midwest,Food Service
102788,Coastal Partners,Commercial,Atlanta,Georgia,South,Logistics
102789,Cascade Crossroads Manufacturing,Retail Chain,Cleveland,Ohio,Midwest,Hospitality
102790,Coastal Regional Construction Group,Institutional,Minneapolis,Minnesota,Midwest,Retail
102791,Anchor Signature Industries,Commercial,Charlotte,North Carolina,South,Retail
102792,Liberty Valley Supply Co.,Industrial,Minneapolis,Minnesota,Midwest,Logistics
102793,Bluepoint Summit Manufacturing,Government,Raleigh,North Carolina,South,Hospitality
102794,Silverline Trusted Systems,Institutional,Denver,Colorado,West,Manufacturing
102795,Summitline Metro Group,Institutional,Raleigh,North Carolina,South,Retail
102796,Horizon Legacy Retail Partners,Commercial,Baltimore,Maryland,Northeast,Logistics
102797,Liberty First Enterprises,Institutional,Baltimore,Maryland,Northeast,Food Service
102798,Horizon Valley Facilities Group,Commercial,Albany,New York,Northeast,Food Service
102799,Meridian Reliable Manufacturing,Industrial,Charlotte,North Carolina,South,Manufacturing
102800,Maple Elite Contractors,Government,Chicago,Illinois,Midwest,Healthcare
102801,Cascade Regional Supply Co.,Industrial,Denver,Colorado,West,Manufacturing
102802,Superior United Corp.,Institutional,Salt Lake City,Utah,West,Logistics
102803,Pioneer Legacy Retail Partners,Institutional,Chicago,Illinois,Midwest,Healthcare
102804,Lonestar Central Solutions,Government,Philadelphia,Pennsylvania,Northeast,Manufacturing
102805,Summit Central Services,Institutional,Orlando,Florida,South,Construction
102806,Anchor Crossroads Construction Group,Industrial,Sacramento,California,West,Education
102807,Union Metro Corp.,Industrial,Philadelphia,Pennsylvania,Northeast,Construction
102808,Fairmont Landmark Manufacturing,Government,Chicago,Illinois,Midwest,Healthcare
102809,Evergreen Capital Group,Commercial,Columbus,Ohio,Midwest,Logistics
102810,Silverline Signature Construction Group,Institutional,Newark,New Jersey,Northeast,Construction
102811,Continental Regional Retail Partners,Commercial,Tucson,Arizona,West,Technology
102812,Liberty Harbor Holdings,Retail Chain,Indianapolis,Indiana,Midwest,Retail
102813,Lonestar Signature Services,Retail Chain,San Antonio,Texas,South,Automotive
102814,Meridian Elite Partners,Institutional,Sacramento,California,West,Healthcare
102815,Keystone Valley Enterprises,Institutional,Seattle,Washington,West,Construction
102816,Evergreen Crossroads Group,Retail Chain,Denver,Colorado,West,Healthcare
102817,Heritage Capital Distribution,Government,Detroit,Michigan,Midwest,Healthcare
102818,Lonestar Reliable Hospitality Services,Government,Portland,Oregon,West,Healthcare
102819,Maple Crossroads Services,Retail Chain,Salt Lake City,Utah,West,Food Service
102820,Evergreen Signature Enterprises,Government,Albany,New York,Northeast,Automotive
102821,Granite Regional Construction Group,Institutional,Tucson,Arizona,West,Construction
102822,Crestview Summit Facilities Group,Institutional,Baltimore,Maryland,Northeast,Education
102823,Ironclad Legacy Enterprises,Government,Chicago,Illinois,Midwest,Food Service
102824,Bluepoint Landmark Partners,Commercial,Baltimore,Maryland,Northeast,Technology
102825,Heritage Partners,Government,Columbus,Ohio,Midwest,Hospitality
102826,Bluepoint Prime Construction Group,Government,Seattle,Washington,West,Manufacturing
102827,Pinnacle Elite Corp.,Government,Tucson,Arizona,West,Technology
102828,Keystone Crossroads Industries,Commercial,Portland,Oregon,West,Manufacturing
102829,Silverline Signature Distribution,Retail Chain,Minneapolis,Minnesota,Midwest,Technology
102830,Summitline Harbor Services,Retail Chain,Pittsburgh,Pennsylvania,Northeast,Education
102831,Silverline Metro Logistics,Retail Chain,Portland,Oregon,West,Healthcare
102832,National Harbor Retail Partners,Institutional,Nashville,Tennessee,South,Education
102833,Northwest Trusted Manufacturing,Commercial,Nashville,Tennessee,South,Hospitality
102834,Maple Summit Corp.,Institutional,Newark,New Jersey,Northeast,Hospitality
102835,Ironclad Valley Contractors,Industrial,Detroit,Michigan,Midwest,Retail
102836,Keystone Reliable Contractors,Retail Chain,Salt Lake City,Utah,West,Construction
102837,Keystone United Supply Co.,Industrial,Milwaukee,Wisconsin,Midwest,Technology
102838,Premier Services,Retail Chain,Detroit,Michigan,Midwest,Hospitality
102839,Summit Trusted Solutions,Commercial,Newark,New Jersey,Northeast,Healthcare
102840,Oakridge First Supply Co.,Commercial,Charlotte,North Carolina,South,Hospitality
102841,Cascade Crossroads Logistics,Commercial,Los Angeles,California,West,Education
102842,Redwood Regional Enterprises,Government,Newark,New Jersey,Northeast,Technology
102843,Granite Landmark Holdings,Government,Philadelphia,Pennsylvania,Northeast,Automotive
102844,Maple Summit Contractors,Industrial,Sacramento,California,West,Construction
102845,Frontier Prime Logistics,Government,Charlotte,North Carolina,South,Education
102846,Pinnacle Prime Industries,Institutional,Dallas,Texas,South,Automotive
102847,Apex Crossroads Holdings,Institutional,Sacramento,California,West,Construction
102848,Heritage Contractors,Commercial,San Antonio,Texas,South,Hospitality
102849,Evergreen Capital Systems,Government,Atlanta,Georgia,South,Technology
102850,Frontier First Enterprises,Industrial,San Antonio,Texas,South,Construction
102851,Trailhead Reliable Partners,Industrial,Seattle,Washington,West,Logistics
102852,Northgate Landmark Construction Group,Institutional,San Antonio,Texas,South,Retail
102853,Pinnacle National Construction Group,Institutional,Portland,Oregon,West,Food Service
102854,Patriot Signature Supply Co.,Commercial,Pittsburgh,Pennsylvania,Northeast,Construction
102855,Maple Regional Supply Co.,Institutional,Sacramento,California,West,Retail
102856,Evergreen Trusted Medical Supply,Government,Phoenix,Arizona,West,Retail
102857,Bluepoint Legacy Construction Group,Institutional,Dallas,Texas,South,Retail
102858,Meridian Central Partners,Industrial,Detroit,Michigan,Midwest,Education
102859,Northwest Reliable Industrial Systems,Commercial,Tucson,Arizona,West,Retail
102860,Premier Signature Medical Supply,Institutional,Kansas City,Missouri,Midwest,Automotive
102861,Liberty Capital Holdings,Retail Chain,Newark,New Jersey,Northeast,Food Service
102862,Oakridge Prime Retail Partners,Government,Baltimore,Maryland,Northeast,Healthcare
102863,Bluepoint Allied Industrial Systems,Retail Chain,Baltimore,Maryland,Northeast,Logistics
102864,Westbrook Harbor Facilities Group,Retail Chain,Columbus,Ohio,Midwest,Hospitality
102865,Summit Valley Facilities Group,Institutional,Minneapolis,Minnesota,Midwest,Retail
102866,Coastal Allied Corp.,Retail Chain,Cleveland,Ohio,Midwest,Logistics
102867,Summitline Central Corp.,Government,Sacramento,California,West,Food Service
102868,Frontier National Systems,Government,Minneapolis,Minnesota,Midwest,Hospitality
102869,Continental Trusted Industrial Systems,Retail Chain,Newark,New Jersey,Northeast,Food Service
102870,Northgate Valley Corp.,Institutional,Charlotte,North Carolina,South,Automotive
102871,Granite Summit Medical Supply,Government,Sacramento,California,West,Technology
102872,Pioneer United Corp.,Commercial,Los Angeles,California,West,Healthcare
102873,National Legacy Manufacturing,Institutional,Raleigh,North Carolina,South,Automotive
102874,Anchor Legacy Partners,Retail Chain,Houston,Texas,South,Logistics
102875,Lakeside Signature Hospitality Services,Institutional,Salt Lake City,Utah,West,Healthcare
102876,Continental United Distribution,Industrial,Seattle,Washington,West,Hospitality
102877,Frontier Legacy Systems,Industrial,Columbus,Ohio,Midwest,Manufacturing
102878,Trailhead Central Logistics,Retail Chain,Seattle,Washington,West,Food Service
102879,Coastal Prime Holdings,Institutional,Indianapolis,Indiana,Midwest,Technology
102880,Heritage First Retail Partners,Government,Dallas,Texas,South,Technology
102881,National Summit Solutions,Government,Salt Lake City,Utah,West,Education
102882,Maple Legacy Services,Retail Chain,Portland,Oregon,West,Food Service
102883,Lakeside Summit Distribution,Retail Chain,Tucson,Arizona,West,Education
102884,Horizon Prime Facilities Group,Government,Orlando,Florida,South,Retail
102885,Sterling Prime Industrial Systems,Commercial,Minneapolis,Minnesota,Midwest,Technology
102886,Ironclad Prime Facilities Group,Government,Detroit,Michigan,Midwest,Retail
102887,Horizon Valley Industrial Systems,Commercial,Dallas,Texas,South,Hospitality
102888,Evergreen United Industries,Retail Chain,Detroit,Michigan,Midwest,Hospitality
102889,Ironclad Elite Supply Co.,Commercial,Columbus,Ohio,Midwest,Retail
102890,Continental National Industries,Commercial,Philadelphia,Pennsylvania,Northeast,Technology
102891,Maple Prime Hospitality Services,Industrial,Seattle,Washington,West,Technology
102892,Fairmont Landmark Construction Group,Commercial,Kansas City,Missouri,Midwest,Hospitality
102893,Vanguard Capital Industrial Systems,Institutional,Indianapolis,Indiana,Midwest,Food Service
102894,Riverside First Contractors,Industrial,Indianapolis,Indiana,Midwest,Healthcare
102895,National First Construction Group,Government,San Antonio,Texas,South,Healthcare
102896,Meridian Capital Group,Commercial,Phoenix,Arizona,West,Logistics
102897,Coastal National Construction Group,Government,Dallas,Texas,South,Healthcare
102898,Superior United Medical Supply,Government,Portland,Oregon,West,Technology
102899,Maple Prime Corp.,Commercial,Orlando,Florida,South,Technology
102900,Westbrook United Manufacturing,Industrial,Indianapolis,Indiana,Midwest,Technology
102901,Allied Trusted Contractors,Commercial,Phoenix,Arizona,West,Hospitality
102902,Fairmont Capital Industries,Industrial,Cleveland,Ohio,Midwest,Manufacturing
102903,Apex Harbor Systems,Government,Nashville,Tennessee,South,Construction
102904,Northwest Central Contractors,Commercial,Atlanta,Georgia,South,Automotive
102905,Silverline United Hospitality Services,Institutional,Houston,Texas,South,Automotive
102906,Bluepoint Elite Enterprises,Industrial,Sacramento,California,West,Education
102907,Bluepoint Metro Services,Industrial,Seattle,Washington,West,Manufacturing
102908,Granite Harbor Medical Supply,Industrial,Orlando,Florida,South,Education
102909,Pinnacle Allied Contractors,Government,Detroit,Michigan,Midwest,Logistics
102910,Vanguard Regional Retail Partners,Retail Chain,Charlotte,North Carolina,South,Construction
102911,Lonestar Prime Enterprises,Commercial,Portland,Oregon,West,Logistics
102912,Horizon United Services,Government,Boston,Massachusetts,Northeast,Technology
102913,Pinnacle United Services,Commercial,Columbus,Ohio,Midwest,Retail
102914,Trailhead United Enterprises,Commercial,Phoenix,Arizona,West,Manufacturing
102915,Riverside Crossroads Group,Commercial,Nashville,Tennessee,South,Logistics
102916,Apex Reliable Enterprises,Commercial,Minneapolis,Minnesota,Midwest,Construction
102917,Evergreen Allied Industries,Retail Chain,Atlanta,Georgia,South,Education
102918,Pioneer Trusted Industrial Systems,Government,Seattle,Washington,West,Retail
102919,Maple Facilities Group,Government,Portland,Oregon,West,Automotive
102920,Evergreen Summit Contractors,Retail Chain,Boston,Massachusetts,Northeast,Manufacturing
102921,Union Capital Hospitality Services,Institutional,Indianapolis,Indiana,Midwest,Retail
102922,Union Regional Facilities Group,Retail Chain,Denver,Colorado,West,Hospitality
102923,Liberty Prime Enterprises,Government,Pittsburgh,Pennsylvania,Northeast,Construction
102924,Summit Reliable Distribution,Commercial,Baltimore,Maryland,Northeast,Hospitality
102925,Lakeside National Enterprises,Government,Indianapolis,Indiana,Midwest,Food Service
102926,Northwest Signature Enterprises,Commercial,Phoenix,Arizona,West,Automotive
102927,Maple Legacy Retail Partners,Retail Chain,Seattle,Washington,West,Retail
102928,Apex Central Enterprises,Government,Nashville,Tennessee,South,Hospitality
102929,Continental Group,Government,Albany,New York,Northeast,Construction
102930,Summitline Elite Construction Group,Industrial,Pittsburgh,Pennsylvania,Northeast,Construction
102931,Apex Elite Facilities Group,Commercial,Minneapolis,Minnesota,Midwest,Construction
102932,Keystone Allied Corp.,Institutional,Denver,Colorado,West,Retail
102933,Continental Capital Systems,Retail Chain,Atlanta,Georgia,South,Food Service
102934,Northgate Crossroads Industries,Retail Chain,Phoenix,Arizona,West,Logistics
102935,Lonestar Regional Corp.,Retail Chain,Phoenix,Arizona,West,Retail
102936,Granite Reliable Manufacturing,Commercial,San Antonio,Texas,South,Manufacturing
102937,Maple Crossroads Partners,Retail Chain,Atlanta,Georgia,South,Automotive
102938,Pioneer Landmark Retail Partners,Commercial,Indianapolis,Indiana,Midwest,Education
102939,Meridian Reliable Solutions,Retail Chain,Newark,New Jersey,Northeast,Manufacturing
102940,Northwest Harbor Solutions,Government,Philadelphia,Pennsylvania,Northeast,Technology
102941,Keystone United Partners,Government,Charlotte,North Carolina,South,Education
102942,Coastal Solutions,Government,Raleigh,North Carolina,South,Manufacturing
102943,Horizon Reliable Solutions,Commercial,Denver,Colorado,West,Education
102944,National Metro Industrial Systems,Commercial,Detroit,Michigan,Midwest,Healthcare
102945,Lakeside Legacy Hospitality Services,Retail Chain,Kansas City,Missouri,Midwest,Food Service
102946,Sterling Trusted Contractors,Commercial,Cleveland,Ohio,Midwest,Automotive
102947,National National Facilities Group,Institutional,Raleigh,North Carolina,South,Manufacturing
102948,Lakeside Landmark Services,Commercial,Dallas,Texas,South,Retail
102949,Liberty Allied Manufacturing,Institutional,Philadelphia,Pennsylvania,Northeast,Education
102950,Coastal Elite Systems,Commercial,Sacramento,California,West,Construction
102951,Northgate United Industries,Commercial,Columbus,Ohio,Midwest,Construction
102952,Oakridge Trusted Holdings,Commercial,Detroit,Michigan,Midwest,Education
102953,Pioneer Elite Enterprises,Government,Orlando,Florida,South,Logistics
102954,Union Allied Construction Group,Commercial,Philadelphia,Pennsylvania,Northeast,Retail
102955,Oakridge Crossroads Retail Partners,Institutional,Raleigh,North Carolina,South,Education
102956,Liberty Harbor Corp.,Government,Denver,Colorado,West,Manufacturing
102957,Coastal Regional Supply Co.,Retail Chain,Phoenix,Arizona,West,Education
102958,Pioneer First Supply Co.,Commercial,Kansas City,Missouri,Midwest,Food Service
102959,Cascade United Systems,Retail Chain,Baltimore,Maryland,Northeast,Hospitality
102960,Summitline Signature Holdings,Retail Chain,Nashville,Tennessee,South,Automotive
102961,Maple Central Corp.,Institutional,Tucson,Arizona,West,Technology
102962,Granite Landmark Supply Co.,Institutional,Houston,Texas,South,Automotive
102963,Westbrook Reliable Hospitality Services,Government,Denver,Colorado,West,Healthcare
102964,Evergreen Regional Corp.,Commercial,Charlotte,North Carolina,South,Logistics
102965,Union Metro Solutions,Retail Chain,Sacramento,California,West,Construction
102966,Evergreen Reliable Partners,Institutional,Detroit,Michigan,Midwest,Automotive
102967,Meridian Capital Supply Co.,Commercial,Seattle,Washington,West,Retail
102968,Granite National Group,Institutional,Nashville,Tennessee,South,Retail
102969,Fairmont Regional Solutions,Industrial,Portland,Oregon,West,Food Service
102970,Keystone Central Enterprises,Retail Chain,Denver,Colorado,West,Healthcare
102971,Silverline Regional Corp.,Government,Salt Lake City,Utah,West,Food Service
102972,Horizon First Systems,Commercial,Portland,Oregon,West,Construction
102973,National Legacy Partners,Government,Charlotte,North Carolina,South,Technology
102974,Summitline Metro Retail Partners,Industrial,Milwaukee,Wisconsin,Midwest,Healthcare
102975,National United Retail Partners,Retail Chain,Atlanta,Georgia,South,Education
102976,Riverside Signature Enterprises,Commercial,Albany,New York,Northeast,Retail
102977,Redwood Crossroads Enterprises,Retail Chain,Boston,Massachusetts,Northeast,Education
102978,Crestview Elite Logistics,Industrial,Atlanta,Georgia,South,Hospitality
102979,Crestview Capital Enterprises,Government,Charlotte,North Carolina,South,Retail
102980,Lakeside Signature Medical Supply,Government,Indianapolis,Indiana,Midwest,Education
102981,Northwest Crossroads Partners,Retail Chain,Columbus,Ohio,Midwest,Healthcare
102982,Allied Regional Facilities Group,Commercial,Portland,Oregon,West,Retail
102983,National Legacy Supply Co.,Government,Minneapolis,Minnesota,Midwest,Logistics
102984,Pioneer Capital Partners,Retail Chain,Phoenix,Arizona,West,Food Service
102985,Patriot Signature Enterprises,Commercial,Boston,Massachusetts,Northeast,Logistics
102986,Anchor Reliable Retail Partners,Institutional,San Antonio,Texas,South,Hospitality
102987,Ironclad Valley Construction Group,Commercial,Sacramento,California,West,Manufacturing
102988,Union Harbor Systems,Institutional,San Antonio,Texas,South,Education
102989,Allied Valley Logistics,Government,Philadelphia,Pennsylvania,Northeast,Automotive
102990,Cascade United Manufacturing,Institutional,Phoenix,Arizona,West,Construction
102991,Meridian Metro Distribution,Institutional,San Antonio,Texas,South,Retail
102992,Summitline Crossroads Enterprises,Institutional,Charlotte,North Carolina,South,Hospitality
102993,Maple Elite Solutions,Commercial,Dallas,Texas,South,Logistics
102994,Premier Harbor Solutions,Government,Denver,Colorado,West,Technology
102995,Bluepoint Summit Contractors,Commercial,Denver,Colorado,West,Healthcare
102996,Sterling Metro Enterprises,Government,Indianapolis,Indiana,Midwest,Logistics
102997,Premier Trusted Distribution,Industrial,Salt Lake City,Utah,West,Automotive
102998,Summitline National Retail Partners,Government,Salt Lake City,Utah,West,Retail
102999,Northgate Valley Solutions,Commercial,Tucson,Arizona,West,Automotive
103000,Horizon Summit Systems,Commercial,Salt Lake City,Utah,West,Manufacturing
103001,Redwood Prime Retail Partners,Institutional,Tucson,Arizona,West,Food Service
103002,Redwood National Services,Government,Milwaukee,Wisconsin,Midwest,Construction
103003,Pioneer Legacy Enterprises,Commercial,Columbus,Ohio,Midwest,Hospitality
103004,Vanguard National Manufacturing,Industrial,Tucson,Arizona,West,Healthcare
103005,Ironclad Harbor Systems,Retail Chain,Boston,Massachusetts,Northeast,Construction
103006,Heritage Legacy Construction Group,Institutional,Albany,New York,Northeast,Technology
103007,Horizon Prime Medical Supply,Government,Portland,Oregon,West,Hospitality
103008,Riverside Capital Solutions,Commercial,Philadelphia,Pennsylvania,Northeast,Healthcare
103009,Keystone Signature Corp.,Commercial,Sacramento,California,West,Technology
103010,Summitline Metro Corp.,Government,Phoenix,Arizona,West,Education
103011,Premier Landmark Partners,Government,Dallas,Texas,South,Healthcare
103012,National Harbor Industrial Systems,Commercial,Denver,Colorado,West,Automotive
103013,Continental Allied Partners,Institutional,Tucson,Arizona,West,Hospitality
103014,Cascade Signature Holdings,Government,Phoenix,Arizona,West,Manufacturing
103015,Oakridge Crossroads Partners,Industrial,Milwaukee,Wisconsin,Midwest,Automotive
103016,Bluepoint Metro Industrial Systems,Government,Detroit,Michigan,Midwest,Healthcare
103017,Cascade Industrial Systems,Commercial,Cleveland,Ohio,Midwest,Construction
103018,Crestview Elite Construction Group,Commercial,Columbus,Ohio,Midwest,Automotive
103019,Crestview Signature Holdings,Institutional,Detroit,Michigan,Midwest,Food Service
103020,Maple Legacy Corp.,Institutional,Newark,New Jersey,Northeast,Construction
103021,Union Landmark Services,Institutional,Denver,Colorado,West,Construction
103022,Northgate Central Services,Government,Albany,New York,Northeast,Automotive
103023,Pinnacle Metro Holdings,Institutional,Los Angeles,California,West,Construction
103024,Pioneer Summit Distribution,Commercial,Baltimore,Maryland,Northeast,Food Service
103025,Ironclad Hospitality Services,Commercial,Charlotte,North Carolina,South,Food Service
103026,Silverline Summit Logistics,Government,Phoenix,Arizona,West,Logistics
103027,Premier Landmark Retail Partners,Industrial,Newark,New Jersey,Northeast,Food Service
103028,Apex Valley Distribution,Government,Columbus,Ohio,Midwest,Logistics
103029,Oakridge Allied Systems,Commercial,Cleveland,Ohio,Midwest,Retail
103030,Granite Summit Facilities Group,Industrial,Denver,Colorado,West,Food Service
103031,Summitline Prime Construction Group,Retail Chain,Cleveland,Ohio,Midwest,Education
103032,Summit Legacy Holdings,Industrial,San Antonio,Texas,South,Automotive
103033,National Capital Group,Retail Chain,Nashville,Tennessee,South,Logistics
103034,Crestview First Construction Group,Retail Chain,Kansas City,Missouri,Midwest,Education
103035,Keystone Elite Industrial Systems,Government,Sacramento,California,West,Manufacturing
103036,Granite Logistics,Commercial,Indianapolis,Indiana,Midwest,Technology
103037,Summit National Corp.,Retail Chain,Indianapolis,Indiana,Midwest,Healthcare
103038,Trailhead Harbor Distribution,Government,Philadelphia,Pennsylvania,Northeast,Healthcare
103039,Lonestar Prime Holdings,Commercial,Albany,New York,Northeast,Logistics
103040,National Landmark Logistics,Industrial,Milwaukee,Wisconsin,Midwest,Education
103041,Sterling Prime Partners,Government,Kansas City,Missouri,Midwest,Healthcare
103042,Frontier Central Hospitality Services,Institutional,Sacramento,California,West,Healthcare
103043,Continental Signature Logistics,Retail Chain,Tucson,Arizona,West,Retail
103044,Trailhead Allied Group,Retail Chain,Pittsburgh,Pennsylvania,Northeast,Food Service
103045,Westbrook Construction Group,Industrial,Los Angeles,California,West,Retail
103046,Trailhead Crossroads Retail Partners,Institutional,Atlanta,Georgia,South,Automotive
103047,Maple Trusted Partners,Commercial,Seattle,Washington,West,Construction
103048,Evergreen Allied Logistics,Industrial,Boston,Massachusetts,Northeast,Hospitality
103049,Redwood Elite Supply Co.,Retail Chain,Chicago,Illinois,Midwest,Manufacturing
103050,Westbrook First Supply Co.,Institutional,Chicago,Illinois,Midwest,Food Service
103051,Continental Harbor Holdings,Institutional,Salt Lake City,Utah,West,Automotive
103052,Oakridge Trusted Logistics,Government,Sacramento,California,West,Education
103053,Patriot Central Manufacturing,Government,Sacramento,California,West,Automotive
103054,Lakeside Crossroads Corp.,Government,San Antonio,Texas,South,Food Service
103055,Lonestar Valley Facilities Group,Industrial,Baltimore,Maryland,Northeast,Healthcare
103056,National Crossroads Enterprises,Commercial,Boston,Massachusetts,Northeast,Retail
103057,Northwest Capital Enterprises,Commercial,Orlando,Florida,South,Technology
103058,Ironclad Harbor Partners,Industrial,Detroit,Michigan,Midwest,Technology
103059,Ironclad Metro Manufacturing,Retail Chain,Orlando,Florida,South,Education
103060,Keystone Harbor Hospitality Services,Industrial,Salt Lake City,Utah,West,Logistics
103061,Oakridge Central Supply Co.,Institutional,Baltimore,Maryland,Northeast,Manufacturing
103062,Summit Summit Facilities Group,Retail Chain,Atlanta,Georgia,South,Retail
103063,Union First Distribution,Government,Seattle,Washington,West,Healthcare
103064,Coastal Prime Industries,Retail Chain,Sacramento,California,West,Manufacturing
103065,Vanguard Capital Logistics,Institutional,Pittsburgh,Pennsylvania,Northeast,Construction
103066,Liberty United Medical Supply,Commercial,Minneapolis,Minnesota,Midwest,Food Service
103067,Continental Trusted Retail Partners,Government,Philadelphia,Pennsylvania,Northeast,Education
103068,Silverline Summit Hospitality Services,Industrial,Atlanta,Georgia,South,Education
103069,National Summit Contractors,Retail Chain,Seattle,Washington,West,Retail
103070,Evergreen National Holdings,Industrial,Orlando,Florida,South,Retail
103071,Summit Metro Group,Retail Chain,Portland,Oregon,West,Healthcare
103072,Redwood Central Contractors,Government,Baltimore,Maryland,Northeast,Automotive
103073,Patriot Central Hospitality Services,Commercial,Portland,Oregon,West,Retail
103074,Crestview Prime Group,Commercial,Philadelphia,Pennsylvania,Northeast,Manufacturing
103075,Silverline Regional Medical Supply,Industrial,Portland,Oregon,West,Hospitality
103076,Horizon National Manufacturing,Commercial,Kansas City,Missouri,Midwest,Education
103077,Riverside Valley Medical Supply,Institutional,Detroit,Michigan,Midwest,Education
103078,Lakeside Allied Holdings,Institutional,Milwaukee,Wisconsin,Midwest,Automotive
103079,Apex First Logistics,Industrial,Salt Lake City,Utah,West,Manufacturing
103080,Pioneer Valley Holdings,Retail Chain,Salt Lake City,Utah,West,Hospitality
103081,Meridian Capital Holdings,Industrial,Newark,New Jersey,Northeast,Construction
103082,Pinnacle Regional Supply Co.,Commercial,Atlanta,Georgia,South,Manufacturing
103083,Oakridge Harbor Manufacturing,Commercial,Atlanta,Georgia,South,Hospitality
103084,Keystone Central Supply Co.,Retail Chain,Boston,Massachusetts,Northeast,Automotive
103085,Silverline Harbor Construction Group,Retail Chain,Baltimore,Maryland,Northeast,Healthcare
103086,Sterling United Corp.,Retail Chain,Philadelphia,Pennsylvania,Northeast,Education
103087,Lakeside Legacy Industries,Institutional,Sacramento,California,West,Food Service
103088,Frontier Reliable Systems,Institutional,Indianapolis,Indiana,Midwest,Education
103089,Riverside First Systems,Retail Chain,Baltimore,Maryland,Northeast,Technology
103090,Trailhead First Medical Supply,Industrial,Columbus,Ohio,Midwest,Automotive
103091,Premier Elite Construction Group,Institutional,Los Angeles,California,West,Education
103092,Northwest Central Facilities Group,Commercial,Philadelphia,Pennsylvania,Northeast,Automotive
103093,Fairmont Valley Enterprises,Institutional,Baltimore,Maryland,Northeast,Logistics
103094,Anchor Central Hospitality Services,Institutional,Kansas City,Missouri,Midwest,Manufacturing
103095,National First Solutions,Government,San Antonio,Texas,South,Manufacturing
103096,Ironclad Central Supply Co.,Retail Chain,Albany,New York,Northeast,Technology
103097,Fairmont Landmark Retail Partners,Retail Chain,Salt Lake City,Utah,West,Healthcare
103098,Maple Regional Facilities Group,Government,Cleveland,Ohio,Midwest,Automotive
103099,Granite Capital Partners,Retail Chain,Denver,Colorado,West,Construction
103100,Pinnacle Retail Partners,Government,Portland,Oregon,West,Logistics
103101,Apex Elite Distribution,Retail Chain,Dallas,Texas,South,Construction
103102,Pioneer Crossroads Services,Government,Kansas City,Missouri,Midwest,Healthcare
103103,Lonestar Regional Supply Co.,Government,Salt Lake City,Utah,West,Technology
103104,Fairmont Central Facilities Group,Commercial,Newark,New Jersey,Northeast,Education
103105,National Signature Contractors,Retail Chain,Minneapolis,Minnesota,Midwest,Food Service
103106,Patriot Signature Partners,Industrial,Tucson,Arizona,West,Healthcare
103107,Northwest Metro Construction Group,Industrial,Minneapolis,Minnesota,Midwest,Manufacturing
103108,Vanguard Metro Holdings,Commercial,Houston,Texas,South,Education
103109,Anchor Hospitality Services,Commercial,Albany,New York,Northeast,Hospitality
103110,Riverside Landmark Contractors,Commercial,Nashville,Tennessee,South,Food Service
103111,Riverside United Distribution,Government,San Antonio,Texas,South,Hospitality
103112,Redwood First Facilities Group,Institutional,Milwaukee,Wisconsin,Midwest,Logistics
103113,Evergreen First Hospitality Services,Commercial,Sacramento,California,West,Construction
103114,Trailhead Signature Services,Commercial,San Antonio,Texas,South,Retail
103115,Premier Central Enterprises,Commercial,Minneapolis,Minnesota,Midwest,Hospitality
103116,Sterling Harbor Manufacturing,Industrial,Minneapolis,Minnesota,Midwest,Healthcare
103117,Northgate Harbor Contractors,Institutional,San Antonio,Texas,South,Automotive
103118,Westbrook Trusted Facilities Group,Commercial,Orlando,Florida,South,Retail
103119,Horizon Regional Retail Partners,Commercial,Portland,Oregon,West,Education
103120,National Signature Partners,Government,Columbus,Ohio,Midwest,Logistics
103121,Premier Reliable Holdings,Commercial,Minneapolis,Minnesota,Midwest,Hospitality
103122,Cascade Signature Hospitality Services,Industrial,Tucson,Arizona,West,Manufacturing
103123,Evergreen Central Facilities Group,Government,Tucson,Arizona,West,Logistics
103124,Ironclad Crossroads Industries,Commercial,Sacramento,California,West,Healthcare
103125,Granite Facilities Group,Retail Chain,Seattle,Washington,West,Hospitality
103126,Union Capital Supply Co.,Retail Chain,Albany,New York,Northeast,Education
103127,Northgate Capital Distribution,Commercial,Boston,Massachusetts,Northeast,Healthcare
103128,Cascade Capital Medical Supply,Government,Cleveland,Ohio,Midwest,Hospitality
103129,Lakeside Metro Hospitality Services,Commercial,Milwaukee,Wisconsin,Midwest,Healthcare
103130,Northgate Manufacturing,Commercial,Nashville,Tennessee,South,Retail
103131,Northwest Regional Supply Co.,Industrial,Raleigh,North Carolina,South,Healthcare
103132,Crestview National Facilities Group,Retail Chain,Denver,Colorado,West,Education
103133,Maple Central Logistics,Government,Kansas City,Missouri,Midwest,Healthcare
103134,Riverside Summit Hospitality Services,Retail Chain,Phoenix,Arizona,West,Construction
103135,Allied Summit Partners,Institutional,Indianapolis,Indiana,Midwest,Hospitality
103136,Union Valley Contractors,Commercial,Sacramento,California,West,Food Service
103137,Silverline Signature Corp.,Commercial,Philadelphia,Pennsylvania,Northeast,Food Service
103138,Anchor Metro Corp.,Government,Milwaukee,Wisconsin,Midwest,Manufacturing
103139,Lonestar Capital Group,Institutional,Philadelphia,Pennsylvania,Northeast,Retail
103140,Heritage Crossroads Construction Group,Industrial,Indianapolis,Indiana,Midwest,Technology
103141,Heritage Allied Industries,Government,Chicago,Illinois,Midwest,Manufacturing
103142,Fairmont First Construction Group,Retail Chain,Raleigh,North Carolina,South,Food Service
103143,National National Services,Industrial,Sacramento,California,West,Technology
103144,Vanguard Crossroads Facilities Group,Retail Chain,Indianapolis,Indiana,Midwest,Education
103145,Anchor Harbor Partners,Government,Houston,Texas,South,Automotive
103146,Northwest Central Holdings,Government,Detroit,Michigan,Midwest,Manufacturing
103147,Riverside Regional Manufacturing,Institutional,Houston,Texas,South,Food Service
103148,Silverline Signature Solutions,Institutional,Newark,New Jersey,Northeast,Logistics
103149,Trailhead United Supply Co.,Government,Sacramento,California,West,Retail
103150,Trailhead First Partners,Institutional,Seattle,Washington,West,Technology
103151,Ironclad Reliable Distribution,Commercial,Phoenix,Arizona,West,Hospitality
103152,Trailhead Industrial Systems,Government,Raleigh,North Carolina,South,Hospitality
103153,Pioneer Crossroads Corp.,Commercial,Detroit,Michigan,Midwest,Construction
103154,Redwood Prime Partners,Institutional,Cleveland,Ohio,Midwest,Retail
103155,Summitline Partners,Retail Chain,Columbus,Ohio,Midwest,Healthcare
103156,Ironclad Crossroads Systems,Industrial,Newark,New Jersey,Northeast,Construction
103157,Redwood Legacy Logistics,Government,Columbus,Ohio,Midwest,Manufacturing
103158,National Central Holdings,Institutional,Seattle,Washington,West,Food Service
103159,Horizon Signature Facilities Group,Retail Chain,Columbus,Ohio,Midwest,Food Service
103160,Lonestar Reliable Distribution,Industrial,Salt Lake City,Utah,West,Logistics
103161,Coastal National Partners,Government,Tucson,Arizona,West,Automotive
103162,Horizon Prime Enterprises,Government,Tucson,Arizona,West,Automotive
103163,Allied Crossroads Supply Co.,Retail Chain,Cleveland,Ohio,Midwest,Food Service
103164,Ironclad Capital Systems,Government,Indianapolis,Indiana,Midwest,Healthcare
103165,Ironclad Elite Industries,Industrial,Seattle,Washington,West,Healthcare
103166,Summit Valley Industrial Systems,Institutional,Charlotte,North Carolina,South,Retail
103167,Silverline Legacy Systems,Commercial,Houston,Texas,South,Education
103168,Anchor Prime Manufacturing,Government,San Antonio,Texas,South,Manufacturing
103169,Northgate Valley Enterprises,Government,Salt Lake City,Utah,West,Construction
103170,Premier National Group,Industrial,Houston,Texas,South,Food Service
103171,Cascade National Manufacturing,Commercial,Philadelphia,Pennsylvania,Northeast,Healthcare
103172,Patriot United Corp.,Commercial,Denver,Colorado,West,Education
103173,Keystone Harbor Partners,Industrial,Philadelphia,Pennsylvania,Northeast,Food Service
103174,Meridian Allied Corp.,Government,Charlotte,North Carolina,South,Hospitality
103175,Sterling Capital Services,Industrial,Charlotte,North Carolina,South,Education
103176,Meridian Signature Corp.,Institutional,Detroit,Michigan,Midwest,Healthcare
103177,Lonestar National Hospitality Services,Commercial,Dallas,Texas,South,Healthcare
103178,Premier Elite Medical Supply,Industrial,Los Angeles,California,West,Hospitality
103179,Northgate Signature Partners,Retail Chain,Salt Lake City,Utah,West,Technology
103180,Coastal Capital Medical Supply,Government,Philadelphia,Pennsylvania,Northeast,Education
103181,Cascade Central Manufacturing,Industrial,Philadelphia,Pennsylvania,Northeast,Manufacturing
103182,Continental Landmark Group,Commercial,Charlotte,North Carolina,South,Food Service
103183,Sterling Elite Manufacturing,Institutional,Salt Lake City,Utah,West,Technology
103184,Westbrook Regional Corp.,Industrial,Charlotte,North Carolina,South,Education
103185,Allied United Systems,Government,Charlotte,North Carolina,South,Construction
103186,Premier Regional Services,Government,Salt Lake City,Utah,West,Automotive
103187,Liberty Distribution,Institutional,Detroit,Michigan,Midwest,Manufacturing
103188,Superior Construction Group,Industrial,Nashville,Tennessee,South,Healthcare
103189,Frontier Systems,Industrial,Atlanta,Georgia,South,Construction
103190,National Signature Facilities Group,Industrial,Philadelphia,Pennsylvania,Northeast,Retail
103191,Fairmont Trusted Partners,Commercial,Detroit,Michigan,Midwest,Healthcare
103192,Meridian Central Medical Supply,Government,Cleveland,Ohio,Midwest,Automotive
103193,Liberty Trusted Services,Commercial,Philadelphia,Pennsylvania,Northeast,Education
103194,Summitline Crossroads Corp.,Industrial,Chicago,Illinois,Midwest,Healthcare
103195,Apex Capital Group,Institutional,Portland,Oregon,West,Manufacturing
103196,Apex Prime Corp.,Commercial,Newark,New Jersey,Northeast,Education
103197,Cascade Valley Retail Partners,Commercial,Tucson,Arizona,West,Manufacturing
103198,Heritage Elite Group,Retail Chain,Detroit,Michigan,Midwest,Technology
103199,Coastal Signature Enterprises,Institutional,Boston,Massachusetts,Northeast,Technology
103200,National Enterprises,Commercial,Milwaukee,Wisconsin,Midwest,Hospitality
103201,Northwest Summit Holdings,Retail Chain,Orlando,Florida,South,Healthcare
103202,Oakridge Central Contractors,Government,Orlando,Florida,South,Logistics
103203,Summitline United Industrial Systems,Retail Chain,Portland,Oregon,West,Technology
103204,Patriot Metro Hospitality Services,Industrial,Newark,New Jersey,Northeast,Manufacturing
103205,Sterling Harbor Group,Government,Los Angeles,California,West,Manufacturing
103206,Oakridge Valley Distribution,Retail Chain,Phoenix,Arizona,West,Logistics
103207,Pioneer Trusted Partners,Government,Albany,New York,Northeast,Construction
103208,Northgate Prime Services,Commercial,Los Angeles,California,West,Education
103209,Frontier Landmark Contractors,Institutional,Milwaukee,Wisconsin,Midwest,Technology
103210,Fairmont Landmark Services,Institutional,Los Angeles,California,West,Construction
103211,Redwood National Solutions,Retail Chain,Pittsburgh,Pennsylvania,Northeast,Education
103212,Riverside United Holdings,Institutional,Atlanta,Georgia,South,Education
103213,Meridian Summit Services,Commercial,Nashville,Tennessee,South,Construction
103214,Anchor Allied Partners,Commercial,Charlotte,North Carolina,South,Logistics
103215,Lonestar Valley Corp.,Industrial,Portland,Oregon,West,Hospitality
103216,Summitline Central Group,Government,Chicago,Illinois,Midwest,Education
103217,Bluepoint Construction Group,Institutional,Nashville,Tennessee,South,Retail
103218,Lonestar Legacy Medical Supply,Institutional,Sacramento,California,West,Education
103219,Riverside Allied Partners,Commercial,Columbus,Ohio,Midwest,Retail
103220,Westbrook Allied Logistics,Retail Chain,Boston,Massachusetts,Northeast,Construction
103221,Granite United Manufacturing,Institutional,Chicago,Illinois,Midwest,Technology
103222,Heritage Elite Partners,Institutional,Philadelphia,Pennsylvania,Northeast,Construction
103223,Vanguard Harbor Enterprises,Retail Chain,San Antonio,Texas,South,Logistics
103224,Apex Partners,Commercial,Kansas City,Missouri,Midwest,Technology
103225,Patriot First Logistics,Institutional,Detroit,Michigan,Midwest,Manufacturing
103226,Summit Capital Logistics,Government,Albany,New York,Northeast,Construction
103227,Oakridge Central Enterprises,Industrial,Pittsburgh,Pennsylvania,Northeast,Healthcare
103228,Heritage Reliable Enterprises,Institutional,Detroit,Michigan,Midwest,Hospitality
103229,Superior Trusted Services,Retail Chain,Raleigh,North Carolina,South,Manufacturing
103230,Northwest First Contractors,Commercial,Dallas,Texas,South,Education
103231,Northwest Elite Construction Group,Government,Sacramento,California,West,Automotive
103232,Pioneer Harbor Solutions,Retail Chain,Kansas City,Missouri,Midwest,Construction
103233,Lonestar National Systems,Retail Chain,Indianapolis,Indiana,Midwest,Hospitality
103234,Fairmont Facilities Group,Institutional,Philadelphia,Pennsylvania,Northeast,Logistics
103235,Cascade Prime Industries,Government,Columbus,Ohio,Midwest,Food Service
103236,Premier Valley Systems,Government,Portland,Oregon,West,Retail
103237,Horizon National Hospitality Services,Institutional,Baltimore,Maryland,Northeast,Food Service
103238,Vanguard Reliable Medical Supply,Industrial,Pittsburgh,Pennsylvania,Northeast,Healthcare
103239,Sterling Capital Partners,Institutional,Raleigh,North Carolina,South,Food Service
103240,Summit Reliable Manufacturing,Commercial,Minneapolis,Minnesota,Midwest,Retail
103241,Apex United Holdings,Government,Indianapolis,Indiana,Midwest,Food Service
103242,Lonestar Valley Contractors,Retail Chain,Minneapolis,Minnesota,Midwest,Construction
103243,Anchor Crossroads Hospitality Services,Retail Chain,Baltimore,Maryland,Northeast,Logistics
103244,Sterling Reliable Partners,Commercial,Atlanta,Georgia,South,Logistics
103245,Maple Harbor Services,Retail Chain,Pittsburgh,Pennsylvania,Northeast,Education
103246,Oakridge Elite Supply Co.,Retail Chain,Cleveland,Ohio,Midwest,Logistics
103247,Oakridge Legacy Facilities Group,Retail Chain,Nashville,Tennessee,South,Manufacturing
103248,Heritage Enterprises,Industrial,Raleigh,North Carolina,South,Automotive
103249,Crestview Prime Enterprises,Government,Albany,New York,Northeast,Healthcare
103250,Bluepoint Regional Partners,Institutional,Orlando,Florida,South,Food Service
103251,Liberty First Distribution,Institutional,Milwaukee,Wisconsin,Midwest,Food Service
103252,Union First Services,Government,Philadelphia,Pennsylvania,Northeast,Hospitality
103253,Premier United Manufacturing,Commercial,Detroit,Michigan,Midwest,Food Service
103254,Northwest Crossroads Contractors,Institutional,Albany,New York,Northeast,Healthcare
103255,Patriot Trusted Services,Industrial,Sacramento,California,West,Food Service
103256,Anchor Prime Construction Group,Retail Chain,Dallas,Texas,South,Education
103257,Crestview United Contractors,Retail Chain,Raleigh,North Carolina,South,Retail
103258,Northwest Reliable Retail Partners,Commercial,Denver,Colorado,West,Hospitality
103259,Redwood Central Logistics,Institutional,Atlanta,Georgia,South,Retail
103260,Granite Reliable Retail Partners,Commercial,Cleveland,Ohio,Midwest,Construction
103261,Cascade Metro Industries,Commercial,Los Angeles,California,West,Logistics
103262,Horizon Crossroads Industries,Government,Kansas City,Missouri,Midwest,Technology
103263,Silverline Crossroads Holdings,Industrial,Philadelphia,Pennsylvania,Northeast,Automotive
103264,Anchor National Logistics,Institutional,Detroit,Michigan,Midwest,Education
103265,Lonestar Valley Services,Institutional,Indianapolis,Indiana,Midwest,Retail
103266,Lakeside Summit Services,Institutional,Milwaukee,Wisconsin,Midwest,Retail
103267,Trailhead Signature Medical Supply,Industrial,Salt Lake City,Utah,West,Technology
103268,Oakridge Crossroads Contractors,Institutional,Tucson,Arizona,West,Logistics
103269,Meridian Central Group,Institutional,Indianapolis,Indiana,Midwest,Technology
103270,Riverside Landmark Facilities Group,Retail Chain,Atlanta,Georgia,South,Food Service
103271,National Trusted Hospitality Services,Retail Chain,San Antonio,Texas,South,Healthcare
103272,Riverside Valley Corp.,Retail Chain,Newark,New Jersey,Northeast,Logistics
103273,Riverside United Industries,Government,Raleigh,North Carolina,South,Construction
103274,National First Services,Retail Chain,Charlotte,North Carolina,South,Education
103275,Superior Reliable Construction Group,Commercial,Atlanta,Georgia,South,Healthcare
103276,Lakeside First Corp.,Commercial,San Antonio,Texas,South,Automotive
103277,Silverline Summit Manufacturing,Institutional,Charlotte,North Carolina,South,Education
103278,Ironclad Allied Distribution,Government,Phoenix,Arizona,West,Construction
103279,Northgate Crossroads Industrial Systems,Government,Cleveland,Ohio,Midwest,Hospitality
103280,Riverside Summit Contractors,Industrial,Charlotte,North Carolina,South,Automotive
103281,Lonestar Capital Construction Group,Industrial,Portland,Oregon,West,Hospitality
103282,Silverline Capital Solutions,Government,Columbus,Ohio,Midwest,Retail
103283,Evergreen Landmark Facilities Group,Industrial,Chicago,Illinois,Midwest,Manufacturing
103284,Liberty Trusted Holdings,Government,Atlanta,Georgia,South,Healthcare
103285,Union Regional Holdings,Government,Portland,Oregon,West,Retail
103286,Redwood Crossroads Systems,Government,Los Angeles,California,West,Manufacturing
103287,Meridian Trusted Retail Partners,Institutional,Denver,Colorado,West,Manufacturing
103288,Continental Reliable Corp.,Retail Chain,Sacramento,California,West,Manufacturing
103289,Horizon United Facilities Group,Government,Chicago,Illinois,Midwest,Retail
103290,Trailhead Systems,Institutional,Phoenix,Arizona,West,Healthcare
103291,Keystone Central Retail Partners,Industrial,Tucson,Arizona,West,Education
103292,Summitline Valley Solutions,Retail Chain,Atlanta,Georgia,South,Healthcare
103293,Lonestar Elite Systems,Government,Seattle,Washington,West,Technology
103294,Frontier Harbor Hospitality Services,Retail Chain,Newark,New Jersey,Northeast,Construction
103295,Ironclad Prime Enterprises,Industrial,Albany,New York,Northeast,Automotive
103296,Continental Capital Distribution,Government,Orlando,Florida,South,Healthcare
103297,Redwood Elite Distribution,Government,Atlanta,Georgia,South,Manufacturing
103298,Meridian Metro Facilities Group,Industrial,Cleveland,Ohio,Midwest,Retail
103299,Redwood Reliable Contractors,Retail Chain,Denver,Colorado,West,Automotive
103300,Allied Landmark Enterprises,Industrial,Portland,Oregon,West,Hospitality
103301,Westbrook Elite Logistics,Institutional,Charlotte,North Carolina,South,Construction
103302,Superior Metro Hospitality Services,Retail Chain,Columbus,Ohio,Midwest,Technology
103303,Evergreen National Contractors,Industrial,Salt Lake City,Utah,West,Healthcare
103304,Evergreen Trusted Construction Group,Government,Chicago,Illinois,Midwest,Hospitality
103305,Oakridge Capital Facilities Group,Industrial,Albany,New York,Northeast,Logistics
103306,Bluepoint Valley Facilities Group,Industrial,Charlotte,North Carolina,South,Automotive
103307,National Prime Medical Supply,Industrial,Los Angeles,California,West,Healthcare
103308,Redwood Services,Industrial,Pittsburgh,Pennsylvania,Northeast,Healthcare
103309,Oakridge Elite Industries,Government,Seattle,Washington,West,Healthcare
103310,Heritage Elite Construction Group,Institutional,Raleigh,North Carolina,South,Education
103311,Pioneer Capital Group,Government,San Antonio,Texas,South,Retail
103312,Apex Regional Construction Group,Commercial,Milwaukee,Wisconsin,Midwest,Manufacturing
103313,Meridian Prime Distribution,Institutional,Boston,Massachusetts,Northeast,Logistics
103314,Summitline First Enterprises,Retail Chain,Newark,New Jersey,Northeast,Technology
103315,Pinnacle Landmark Hospitality Services,Industrial,Nashville,Tennessee,South,Food Service
103316,Trailhead Harbor Manufacturing,Government,Seattle,Washington,West,Hospitality
103317,Meridian Prime Retail Partners,Government,Denver,Colorado,West,Logistics
103318,Pinnacle Crossroads Industries,Commercial,Newark,New Jersey,Northeast,Technology
103319,Pinnacle Harbor Logistics,Commercial,Boston,Massachusetts,Northeast,Education
103320,Coastal Summit Logistics,Commercial,Boston,Massachusetts,Northeast,Food Service
103321,Continental Legacy Solutions,Institutional,Philadelphia,Pennsylvania,Northeast,Technology
103322,Pinnacle Reliable Enterprises,Retail Chain,Sacramento,California,West,Manufacturing
103323,Fairmont Elite Distribution,Institutional,Denver,Colorado,West,Logistics
103324,Liberty Valley Facilities Group,Industrial,Pittsburgh,Pennsylvania,Northeast,Construction
103325,Continental Industrial Systems,Industrial,Denver,Colorado,West,Technology
103326,Westbrook Crossroads Partners,Government,Pittsburgh,Pennsylvania,Northeast,Retail
103327,Oakridge First Contractors,Government,Dallas,Texas,South,Construction
103328,Union Harbor Contractors,Industrial,Newark,New Jersey,Northeast,Manufacturing
103329,Allied Allied Systems,Institutional,Dallas,Texas,South,Construction
103330,Coastal Central Distribution,Institutional,Denver,Colorado,West,Food Service
103331,Pioneer Trusted Supply Co.,Industrial,Pittsburgh,Pennsylvania,Northeast,Hospitality
103332,Superior Capital Distribution,Institutional,Denver,Colorado,West,Technology
103333,Evergreen Regional Holdings,Retail Chain,Milwaukee,Wisconsin,Midwest,Healthcare
103334,Horizon Landmark Manufacturing,Retail Chain,Minneapolis,Minnesota,Midwest,Automotive
103335,Pioneer Summit Corp.,Institutional,Dallas,Texas,South,Education
103336,Meridian Landmark Holdings,Retail Chain,San Antonio,Texas,South,Logistics
103337,Allied Elite Manufacturing,Retail Chain,Dallas,Texas,South,Food Service
103338,Crestview United Holdings,Retail Chain,Houston,Texas,South,Logistics
103339,Superior Legacy Holdings,Institutional,Indianapolis,Indiana,Midwest,Retail
103340,Apex Prime Partners,Government,Pittsburgh,Pennsylvania,Northeast,Retail
103341,Lonestar Allied Manufacturing,Government,Portland,Oregon,West,Technology
103342,Vanguard Reliable Enterprises,Retail Chain,Sacramento,California,West,Healthcare
103343,Westbrook Reliable Industrial Systems,Retail Chain,Houston,Texas,South,Automotive
103344,Meridian United Distribution,Retail Chain,Boston,Massachusetts,Northeast,Healthcare
103345,Patriot Prime Corp.,Industrial,Indianapolis,Indiana,Midwest,Education
103346,Anchor Regional Services,Industrial,Denver,Colorado,West,Retail
103347,Horizon Valley Contractors,Retail Chain,Detroit,Michigan,Midwest,Construction
103348,Lonestar Regional Hospitality Services,Government,Tucson,Arizona,West,Automotive
103349,Evergreen Legacy Group,Retail Chain,Dallas,Texas,South,Food Service
103350,Premier Legacy Industries,Institutional,Cleveland,Ohio,Midwest,Logistics
103351,Liberty Signature Systems,Industrial,Orlando,Florida,South,Hospitality
103352,Superior Valley Facilities Group,Commercial,Albany,New York,Northeast,Retail
103353,Maple Trusted Medical Supply,Retail Chain,Portland,Oregon,West,Automotive
103354,Pinnacle Summit Medical Supply,Government,Seattle,Washington,West,Hospitality
103355,Frontier Regional Group,Industrial,Seattle,Washington,West,Construction
103356,Granite Landmark Group,Commercial,Chicago,Illinois,Midwest,Logistics
103357,Pioneer Reliable Facilities Group,Retail Chain,Nashville,Tennessee,South,Automotive
103358,Silverline National Logistics,Retail Chain,Nashville,Tennessee,South,Automotive
103359,Allied Central Group,Commercial,Sacramento,California,West,Construction
103360,Premier Allied Manufacturing,Retail Chain,Atlanta,Georgia,South,Retail
103361,Heritage Metro Supply Co.,Commercial,Denver,Colorado,West,Manufacturing
103362,Granite United Partners,Government,Phoenix,Arizona,West,Healthcare
103363,Oakridge Central Logistics,Commercial,Salt Lake City,Utah,West,Hospitality
103364,National Group,Commercial,Denver,Colorado,West,Healthcare
103365,Northwest First Industrial Systems,Commercial,Seattle,Washington,West,Food Service
103366,Riverside Trusted Systems,Commercial,Denver,Colorado,West,Construction
103367,Allied Allied Supply Co.,Commercial,Orlando,Florida,South,Retail
103368,Trailhead Metro Systems,Government,Pittsburgh,Pennsylvania,Northeast,Logistics
103369,Trailhead National Solutions,Government,Raleigh,North Carolina,South,Retail
103370,Bluepoint Allied Holdings,Industrial,Portland,Oregon,West,Hospitality
103371,Heritage Capital Systems,Government,Phoenix,Arizona,West,Construction
103372,Bluepoint Summit Systems,Retail Chain,Newark,New Jersey,Northeast,Automotive
103373,Frontier Regional Services,Industrial,Chicago,Illinois,Midwest,Education
103374,Patriot United Industrial Systems,Commercial,Albany,New York,Northeast,Hospitality
103375,Northwest Regional Corp.,Institutional,Seattle,Washington,West,Manufacturing
103376,Pioneer Landmark Holdings,Institutional,Pittsburgh,Pennsylvania,Northeast,Construction
103377,Meridian Allied Industrial Systems,Retail Chain,Phoenix,Arizona,West,Manufacturing
103378,Maple Corp.,Industrial,Raleigh,North Carolina,South,Healthcare
103379,Lakeside Valley Group,Industrial,Seattle,Washington,West,Technology
103380,Summitline Allied Solutions,Government,Denver,Colorado,West,Healthcare
103381,Premier Regional Medical Supply,Commercial,Seattle,Washington,West,Construction
103382,Trailhead Prime Partners,Government,Philadelphia,Pennsylvania,Northeast,Healthcare
103383,Meridian Signature Industrial Systems,Retail Chain,Albany,New York,Northeast,Education
103384,Ironclad Medical Supply,Retail Chain,Houston,Texas,South,Food Service
103385,Cascade Metro Contractors,Retail Chain,Tucson,Arizona,West,Food Service
103386,Vanguard Enterprises,Government,Phoenix,Arizona,West,Retail
103387,Oakridge Signature Facilities Group,Industrial,San Antonio,Texas,South,Logistics
103388,Premier Allied Construction Group,Institutional,Orlando,Florida,South,Hospitality
103389,Westbrook National Enterprises,Commercial,Charlotte,North Carolina,South,Hospitality
103390,Maple Logistics,Institutional,Atlanta,Georgia,South,Food Service
103391,Lakeside Valley Construction Group,Government,Salt Lake City,Utah,West,Manufacturing
103392,Fairmont Elite Enterprises,Institutional,Chicago,Illinois,Midwest,Hospitality
103393,Fairmont Signature Industrial Systems,Government,Kansas City,Missouri,Midwest,Logistics
103394,Summitline First Construction Group,Retail Chain,Seattle,Washington,West,Food Service
103395,Riverside Valley Services,Retail Chain,Orlando,Florida,South,Manufacturing
103396,Frontier Retail Partners,Retail Chain,Chicago,Illinois,Midwest,Logistics
103397,Bluepoint Valley Construction Group,Institutional,Boston,Massachusetts,Northeast,Retail
103398,Fairmont Summit Manufacturing,Retail Chain,Atlanta,Georgia,South,Healthcare
103399,Premier Elite Services,Institutional,Pittsburgh,Pennsylvania,Northeast,Education
103400,Silverline Central Group,Institutional,Denver,Colorado,West,Manufacturing
103401,Frontier Metro Retail Partners,Commercial,Columbus,Ohio,Midwest,Technology
103402,Evergreen Metro Industrial Systems,Industrial,Atlanta,Georgia,South,Hospitality
103403,Riverside Logistics,Retail Chain,Raleigh,North Carolina,South,Food Service
103404,Lakeside Corp.,Commercial,Orlando,Florida,South,Technology
103405,Vanguard Holdings,Retail Chain,Dallas,Texas,South,Technology
103406,Lakeside National Systems,Government,Pittsburgh,Pennsylvania,Northeast,Education
103407,Evergreen National Services,Retail Chain,Dallas,Texas,South,Hospitality
103408,Lonestar Landmark Services,Retail Chain,Milwaukee,Wisconsin,Midwest,Food Service
103409,Premier National Facilities Group,Commercial,Cleveland,Ohio,Midwest,Education
103410,Patriot Harbor Medical Supply,Institutional,Seattle,Washington,West,Food Service
103411,Continental Metro Construction Group,Commercial,Tucson,Arizona,West,Construction
103412,Oakridge First Services,Retail Chain,Minneapolis,Minnesota,Midwest,Construction
103413,Keystone Reliable Distribution,Institutional,Los Angeles,California,West,Logistics
103414,Ironclad Systems,Institutional,Dallas,Texas,South,Healthcare
103415,Summitline Metro Contractors,Government,Newark,New Jersey,Northeast,Construction
103416,Trailhead First Construction Group,Industrial,Columbus,Ohio,Midwest,Retail
103417,Apex Landmark Facilities Group,Government,Indianapolis,Indiana,Midwest,Retail
103418,Summitline Harbor Industries,Industrial,Raleigh,North Carolina,South,Education
103419,Silverline Elite Enterprises,Industrial,Raleigh,North Carolina,South,Healthcare
103420,Allied Regional Supply Co.,Institutional,Pittsburgh,Pennsylvania,Northeast,Healthcare
103421,Allied Allied Corp.,Industrial,Albany,New York,Northeast,Retail
103422,Westbrook Summit Manufacturing,Government,Denver,Colorado,West,Manufacturing
103423,Oakridge Signature Contractors,Institutional,Charlotte,North Carolina,South,Food Service
103424,Northgate Harbor Holdings,Government,Kansas City,Missouri,Midwest,Hospitality
103425,Oakridge Summit Supply Co.,Industrial,Columbus,Ohio,Midwest,Automotive
103426,Frontier National Group,Retail Chain,Detroit,Michigan,Midwest,Logistics
103427,Union Allied Systems,Government,Seattle,Washington,West,Retail
103428,Crestview Central Manufacturing,Industrial,Houston,Texas,South,Manufacturing
103429,Pinnacle Metro Contractors,Industrial,Charlotte,North Carolina,South,Hospitality
103430,Cascade Regional Facilities Group,Industrial,Indianapolis,Indiana,Midwest,Construction
103431,Oakridge Crossroads Logistics,Government,Los Angeles,California,West,Healthcare
103432,Meridian Prime Solutions,Institutional,Denver,Colorado,West,Food Service
103433,Maple Capital Services,Government,Dallas,Texas,South,Hospitality
103434,Maple Valley Supply Co.,Commercial,Sacramento,California,West,Hospitality
103435,Evergreen United Medical Supply,Retail Chain,Phoenix,Arizona,West,Technology
103436,Continental Valley Facilities Group,Institutional,Newark,New Jersey,Northeast,Technology
103437,Bluepoint First Industrial Systems,Commercial,San Antonio,Texas,South,Food Service
103438,Northgate Harbor Retail Partners,Commercial,Portland,Oregon,West,Technology
103439,Premier National Corp.,Commercial,Phoenix,Arizona,West,Logistics
103440,Horizon Allied Solutions,Industrial,Newark,New Jersey,Northeast,Automotive
103441,Fairmont Capital Logistics,Institutional,Pittsburgh,Pennsylvania,Northeast,Automotive
103442,Coastal Signature Supply Co.,Institutional,San Antonio,Texas,South,Construction
103443,Trailhead Regional Enterprises,Commercial,Sacramento,California,West,Hospitality
103444,Lakeside Crossroads Industries,Government,Seattle,Washington,West,Education
103445,Vanguard Reliable Retail Partners,Government,Dallas,Texas,South,Education
103446,Premier Landmark Facilities Group,Industrial,Boston,Massachusetts,Northeast,Construction
103447,Heritage Medical Supply,Government,Columbus,Ohio,Midwest,Logistics
103448,Granite Harbor Systems,Retail Chain,Kansas City,Missouri,Midwest,Healthcare
103449,Meridian Harbor Construction Group,Commercial,Cleveland,Ohio,Midwest,Hospitality
103450,Apex Prime Contractors,Institutional,Detroit,Michigan,Midwest,Logistics
103451,Summit Metro Solutions,Institutional,Sacramento,California,West,Logistics
103452,Summitline Central Holdings,Commercial,Orlando,Florida,South,Healthcare
103453,Liberty National Systems,Commercial,Orlando,Florida,South,Logistics
103454,Apex Summit Contractors,Government,Atlanta,Georgia,South,Education
103455,Fairmont Allied Manufacturing,Industrial,Columbus,Ohio,Midwest,Construction
103456,Redwood Valley Industrial Systems,Retail Chain,Tucson,Arizona,West,Healthcare
103457,Allied Landmark Group,Institutional,Detroit,Michigan,Midwest,Retail
103458,Cascade United Industrial Systems,Institutional,Dallas,Texas,South,Logistics
103459,Horizon National Corp.,Government,Kansas City,Missouri,Midwest,Healthcare
103460,Northwest Crossroads Services,Retail Chain,Orlando,Florida,South,Logistics
103461,Horizon Signature Industrial Systems,Commercial,Dallas,Texas,South,Construction
103462,Silverline Valley Facilities Group,Commercial,Houston,Texas,South,Education
103463,Coastal Central Industrial Systems,Institutional,Seattle,Washington,West,Logistics
103464,Premier Crossroads Industries,Government,Indianapolis,Indiana,Midwest,Automotive
103465,Anchor Trusted Services,Retail Chain,Boston,Massachusetts,Northeast,Logistics
103466,Coastal Capital Corp.,Industrial,Portland,Oregon,West,Automotive
103467,Summit Central Enterprises,Retail Chain,Boston,Massachusetts,Northeast,Education
103468,Westbrook Reliable Corp.,Institutional,Pittsburgh,Pennsylvania,Northeast,Retail
103469,Summitline Legacy Contractors,Retail Chain,Chicago,Illinois,Midwest,Hospitality
103470,Northwest Metro Supply Co.,Industrial,Milwaukee,Wisconsin,Midwest,Automotive
103471,Patriot Valley Hospitality Services,Commercial,Boston,Massachusetts,Northeast,Hospitality
103472,Continental Central Construction Group,Government,Seattle,Washington,West,Logistics
103473,Silverline Industries,Institutional,Philadelphia,Pennsylvania,Northeast,Logistics
103474,Northgate Trusted Contractors,Commercial,Indianapolis,Indiana,Midwest,Automotive
103475,Meridian Prime Supply Co.,Retail Chain,Newark,New Jersey,Northeast,Logistics
103476,Coastal Enterprises,Commercial,Raleigh,North Carolina,South,Healthcare
103477,Redwood National Medical Supply,Government,Portland,Oregon,West,Healthcare
103478,Liberty Metro Manufacturing,Industrial,Albany,New York,Northeast,Hospitality
103479,Heritage Regional Supply Co.,Institutional,Sacramento,California,West,Retail
103480,Keystone Central Industrial Systems,Government,Sacramento,California,West,Retail
103481,Frontier Valley Supply Co.,Industrial,Baltimore,Maryland,Northeast,Technology
103482,Frontier Summit Holdings,Retail Chain,Detroit,Michigan,Midwest,Automotive
103483,Evergreen Regional Systems,Government,Sacramento,California,West,Healthcare
103484,Westbrook Allied Partners,Industrial,San Antonio,Texas,South,Automotive
103485,Continental Valley Contractors,Industrial,Boston,Massachusetts,Northeast,Retail
103486,National Valley Partners,Commercial,Orlando,Florida,South,Healthcare
103487,Sterling Regional Industries,Government,Boston,Massachusetts,Northeast,Manufacturing
103488,Apex Elite Construction Group,Government,Kansas City,Missouri,Midwest,Construction
103489,Continental Summit Medical Supply,Government,Columbus,Ohio,Midwest,Healthcare
103490,Fairmont First Retail Partners,Institutional,Cleveland,Ohio,Midwest,Technology
103491,Pioneer National Corp.,Retail Chain,Raleigh,North Carolina,South,Logistics
103492,Crestview National Distribution,Retail Chain,Baltimore,Maryland,Northeast,Healthcare
103493,Anchor Construction Group,Government,Portland,Oregon,West,Healthcare
103494,Oakridge Retail Partners,Government,Charlotte,North Carolina,South,Logistics
103495,Lakeside National Industries,Retail Chain,Orlando,Florida,South,Food Service
103496,Pioneer First Services,Institutional,Columbus,Ohio,Midwest,Healthcare
103497,Lonestar Legacy Corp.,Industrial,Albany,New York,Northeast,Retail
103498,Northwest Signature Holdings,Institutional,Phoenix,Arizona,West,Construction
103499,Evergreen First Solutions,Industrial,Dallas,Texas,South,Retail
103500,Bluepoint Crossroads Holdings,Institutional,Atlanta,Georgia,South,Hospitality
103501,Pinnacle Central Contractors,Industrial,Dallas,Texas,South,Manufacturing
103502,Pioneer Trusted Medical Supply,Retail Chain,Seattle,Washington,West,Food Service
103503,Redwood Landmark Industrial Systems,Commercial,Salt Lake City,Utah,West,Manufacturing
103504,Granite Reliable Contractors,Retail Chain,Nashville,Tennessee,South,Education
103505,Pinnacle Central Enterprises,Retail Chain,San Antonio,Texas,South,Logistics
103506,Keystone Harbor Corp.,Commercial,Albany,New York,Northeast,Retail
103507,Heritage Valley Hospitality Services,Government,Orlando,Florida,South,Hospitality
103508,Lonestar Capital Hospitality Services,Commercial,Phoenix,Arizona,West,Healthcare
103509,Granite Capital Construction Group,Institutional,Kansas City,Missouri,Midwest,Healthcare
103510,Meridian National Supply Co.,Commercial,Salt Lake City,Utah,West,Hospitality
103511,Riverside Distribution,Retail Chain,Sacramento,California,West,Manufacturing
103512,Summitline Legacy Holdings,Commercial,Indianapolis,Indiana,Midwest,Technology
103513,Westbrook Signature Contractors,Commercial,Denver,Colorado,West,Logistics
103514,Frontier Harbor Retail Partners,Government,Baltimore,Maryland,Northeast,Healthcare
103515,National Elite Services,Commercial,Seattle,Washington,West,Healthcare
103516,Bluepoint Reliable Construction Group,Institutional,Detroit,Michigan,Midwest,Technology
103517,Premier First Supply Co.,Commercial,Denver,Colorado,West,Healthcare
103518,Meridian Trusted Services,Commercial,Minneapolis,Minnesota,Midwest,Healthcare
103519,Patriot Crossroads Industrial Systems,Government,Kansas City,Missouri,Midwest,Food Service
103520,Superior Landmark Medical Supply,Institutional,Milwaukee,Wisconsin,Midwest,Hospitality
103521,Keystone Legacy Corp.,Commercial,Milwaukee,Wisconsin,Midwest,Automotive
103522,Fairmont Valley Solutions,Government,Salt Lake City,Utah,West,Hospitality
103523,Maple National Industrial Systems,Industrial,Newark,New Jersey,Northeast,Food Service
103524,Coastal Legacy Group,Government,Philadelphia,Pennsylvania,Northeast,Hospitality
103525,Apex First Medical Supply,Institutional,Portland,Oregon,West,Education
103526,Superior First Supply Co.,Commercial,San Antonio,Texas,South,Construction
103527,Northgate Harbor Services,Institutional,Dallas,Texas,South,Retail
103528,Coastal Prime Distribution,Government,San Antonio,Texas,South,Manufacturing
103529,Heritage United Manufacturing,Government,Dallas,Texas,South,Construction
103530,Westbrook Elite Construction Group,Retail Chain,Cleveland,Ohio,Midwest,Retail
103531,Sterling Metro Holdings,Retail Chain,Chicago,Illinois,Midwest,Automotive
103532,Silverline Trusted Medical Supply,Government,Houston,Texas,South,Technology
103533,Lonestar First Holdings,Industrial,Pittsburgh,Pennsylvania,Northeast,Food Service
103534,Silverline Capital Group,Retail Chain,San Antonio,Texas,South,Education
103535,Keystone Signature Medical Supply,Commercial,Philadelphia,Pennsylvania,Northeast,Logistics
103536,Liberty Legacy Industries,Government,Atlanta,Georgia,South,Technology
103537,Cascade Elite Enterprises,Retail Chain,Philadelphia,Pennsylvania,Northeast,Logistics
103538,Pinnacle National Contractors,Institutional,Kansas City,Missouri,Midwest,Hospitality
103539,Granite Prime Solutions,Retail Chain,Los Angeles,California,West,Manufacturing
103540,Continental Summit Supply Co.,Commercial,Boston,Massachusetts,Northeast,Logistics
103541,Lakeside Metro Retail Partners,Institutional,Charlotte,North Carolina,South,Technology
103542,Pioneer Prime Industrial Systems,Government,Columbus,Ohio,Midwest,Technology
103543,Heritage National Distribution,Retail Chain,Philadelphia,Pennsylvania,Northeast,Automotive
103544,Lakeside Legacy Partners,Commercial,Columbus,Ohio,Midwest,Healthcare
103545,Continental Prime Services,Government,Raleigh,North Carolina,South,Food Service
103546,National Legacy Systems,Government,Kansas City,Missouri,Midwest,Food Service
103547,Continental First Industries,Institutional,Pittsburgh,Pennsylvania,Northeast,Logistics
103548,Evergreen Capital Partners,Industrial,Detroit,Michigan,Midwest,Manufacturing
103549,Premier Crossroads Systems,Commercial,Pittsburgh,Pennsylvania,Northeast,Hospitality
103550,Northgate Capital Partners,Industrial,Albany,New York,Northeast,Healthcare
103551,Continental Crossroads Medical Supply,Government,Detroit,Michigan,Midwest,Healthcare
103552,Apex Central Hospitality Services,Retail Chain,Columbus,Ohio,Midwest,Hospitality
103553,Coastal Metro Solutions,Commercial,Charlotte,North Carolina,South,Automotive
103554,Granite Prime Services,Commercial,Salt Lake City,Utah,West,Food Service
103555,Lonestar Crossroads Retail Partners,Retail Chain,Sacramento,California,West,Manufacturing
103556,Union Prime Industrial Systems,Commercial,Charlotte,North Carolina,South,Logistics
103557,Lonestar Capital Contractors,Industrial,Nashville,Tennessee,South,Technology
103558,Trailhead First Supply Co.,Institutional,Houston,Texas,South,Hospitality
103559,Superior Allied Industries,Commercial,Newark,New Jersey,Northeast,Manufacturing
103560,Premier Capital Systems,Commercial,Charlotte,North Carolina,South,Retail
103561,Crestview United Industries,Retail Chain,Denver,Colorado,West,Hospitality
103562,Meridian Legacy Enterprises,Industrial,Columbus,Ohio,Midwest,Technology
103563,Evergreen Prime Hospitality Services,Institutional,Kansas City,Missouri,Midwest,Healthcare
103564,Riverside Partners,Institutional,Boston,Massachusetts,Northeast,Logistics
103565,Lakeside United Group,Industrial,Boston,Massachusetts,Northeast,Construction
103566,Superior First Manufacturing,Industrial,Sacramento,California,West,Logistics
103567,Northgate Prime Solutions,Retail Chain,Seattle,Washington,West,Automotive
103568,Westbrook Harbor Industrial Systems,Commercial,Portland,Oregon,West,Retail
103569,Pinnacle Allied Enterprises,Institutional,Milwaukee,Wisconsin,Midwest,Hospitality
103570,Apex Summit Logistics,Retail Chain,Charlotte,North Carolina,South,Automotive
103571,Vanguard Regional Corp.,Commercial,Los Angeles,California,West,Retail
103572,Maple First Logistics,Industrial,Philadelphia,Pennsylvania,Northeast,Construction
103573,Union Capital Facilities Group,Government,Baltimore,Maryland,Northeast,Healthcare
103574,Keystone Elite Contractors,Commercial,Minneapolis,Minnesota,Midwest,Automotive
103575,Redwood Summit Retail Partners,Government,Dallas,Texas,South,Logistics
103576,Trailhead Signature Group,Retail Chain,Dallas,Texas,South,Construction
103577,Oakridge United Enterprises,Government,Columbus,Ohio,Midwest,Automotive
103578,Heritage Central Industries,Industrial,Albany,New York,Northeast,Manufacturing
103579,Fairmont National Hospitality Services,Institutional,Los Angeles,California,West,Education
103580,Continental Valley Medical Supply,Retail Chain,Seattle,Washington,West,Construction
103581,Lonestar Prime Distribution,Industrial,Portland,Oregon,West,Healthcare
103582,Anchor Summit Partners,Commercial,Salt Lake City,Utah,West,Healthcare
103583,Crestview Reliable Group,Government,Raleigh,North Carolina,South,Automotive
103584,Keystone Prime Enterprises,Commercial,Chicago,Illinois,Midwest,Automotive
103585,Maple National Corp.,Retail Chain,Philadelphia,Pennsylvania,Northeast,Education
103586,Pioneer Signature Distribution,Institutional,Charlotte,North Carolina,South,Technology
103587,Pioneer Reliable Solutions,Commercial,Sacramento,California,West,Construction
103588,Bluepoint Reliable Medical Supply,Retail Chain,Columbus,Ohio,Midwest,Manufacturing
103589,Northgate Prime Hospitality Services,Government,Kansas City,Missouri,Midwest,Retail
103590,Northwest Prime Industries,Institutional,Nashville,Tennessee,South,Manufacturing
103591,Silverline Elite Manufacturing,Industrial,Salt Lake City,Utah,West,Manufacturing
103592,Ironclad Landmark Medical Supply,Commercial,Denver,Colorado,West,Automotive
103593,Riverside First Retail Partners,Industrial,Minneapolis,Minnesota,Midwest,Manufacturing
103594,Summitline Capital Retail Partners,Government,Newark,New Jersey,Northeast,Food Service
103595,Northgate Central Supply Co.,Retail Chain,Detroit,Michigan,Midwest,Manufacturing
103596,Ironclad Elite Partners,Commercial,Pittsburgh,Pennsylvania,Northeast,Technology
103597,Fairmont Legacy Systems,Government,Sacramento,California,West,Retail
103598,Pinnacle Reliable Systems,Commercial,Nashville,Tennessee,South,Technology
103599,Oakridge Valley Services,Institutional,Charlotte,North Carolina,South,Retail
103600,Anchor Summit Contractors,Institutional,Albany,New York,Northeast,Food Service
103601,Liberty Crossroads Industries,Institutional,Detroit,Michigan,Midwest,Construction
103602,Premier Regional Enterprises,Commercial,Charlotte,North Carolina,South,Healthcare
103603,Vanguard Reliable Contractors,Retail Chain,Cleveland,Ohio,Midwest,Healthcare
103604,Anchor Summit Systems,Institutional,San Antonio,Texas,South,Manufacturing
103605,Continental Regional Enterprises,Commercial,Portland,Oregon,West,Hospitality
103606,Evergreen Holdings,Commercial,Houston,Texas,South,Technology
103607,Trailhead Trusted Manufacturing,Commercial,Dallas,Texas,South,Construction
103608,Redwood Reliable Construction Group,Industrial,Minneapolis,Minnesota,Midwest,Food Service
103609,Summitline Legacy Retail Partners,Government,Pittsburgh,Pennsylvania,Northeast,Education
103610,Granite Harbor Solutions,Institutional,San Antonio,Texas,South,Retail
103611,Northwest Reliable Group,Government,Orlando,Florida,South,Construction
103612,Ironclad Capital Partners,Government,Portland,Oregon,West,Automotive
103613,Sterling Signature Distribution,Industrial,Phoenix,Arizona,West,Manufacturing
103614,Bluepoint Crossroads Distribution,Institutional,Tucson,Arizona,West,Hospitality
103615,Lonestar Allied Medical Supply,Commercial,Phoenix,Arizona,West,Automotive
103616,Crestview Trusted Manufacturing,Government,Milwaukee,Wisconsin,Midwest,Healthcare
103617,Fairmont Allied Partners,Institutional,Minneapolis,Minnesota,Midwest,Automotive
103618,Summitline Landmark Contractors,Retail Chain,Minneapolis,Minnesota,Midwest,Logistics
103619,Continental Signature Enterprises,Commercial,Albany,New York,Northeast,Retail
103620,Summit Harbor Logistics,Institutional,Milwaukee,Wisconsin,Midwest,Education
103621,Meridian Landmark Group,Government,Minneapolis,Minnesota,Midwest,Hospitality
103622,Heritage Metro Logistics,Industrial,Detroit,Michigan,Midwest,Healthcare
103623,Meridian Reliable Corp.,Retail Chain,Raleigh,North Carolina,South,Manufacturing
103624,Northgate Allied Solutions,Institutional,Seattle,Washington,West,Healthcare
103625,Westbrook Hospitality Services,Government,Philadelphia,Pennsylvania,Northeast,Food Service
103626,Frontier National Enterprises,Industrial,Phoenix,Arizona,West,Retail
103627,Lakeside Metro Systems,Retail Chain,Portland,Oregon,West,Manufacturing
103628,Summitline Summit Services,Retail Chain,Houston,Texas,South,Education
103629,National National Distribution,Institutional,Indianapolis,Indiana,Midwest,Food Service
103630,Silverline Trusted Construction Group,Industrial,Raleigh,North Carolina,South,Manufacturing
103631,Liberty United Services,Retail Chain,Boston,Massachusetts,Northeast,Hospitality
103632,Lonestar Regional Industries,Industrial,Orlando,Florida,South,Retail
103633,Meridian Contractors,Retail Chain,Chicago,Illinois,Midwest,Education
103634,Liberty First Systems,Institutional,Phoenix,Arizona,West,Healthcare
103635,Superior Valley Systems,Industrial,Salt Lake City,Utah,West,Logistics
103636,Keystone Summit Services,Industrial,Atlanta,Georgia,South,Logistics
103637,Continental Harbor Contractors,Government,Nashville,Tennessee,South,Technology
103638,Crestview Metro Enterprises,Retail Chain,Seattle,Washington,West,Technology
103639,Lonestar Allied Services,Government,Baltimore,Maryland,Northeast,Hospitality
103640,Silverline Summit Contractors,Institutional,Pittsburgh,Pennsylvania,Northeast,Automotive
103641,Cascade Regional Industries,Commercial,Philadelphia,Pennsylvania,Northeast,Construction
103642,Fairmont Metro Contractors,Industrial,Nashville,Tennessee,South,Retail
103643,Lonestar Landmark Medical Supply,Retail Chain,Boston,Massachusetts,Northeast,Logistics
103644,Pinnacle Harbor Systems,Government,Dallas,Texas,South,Manufacturing
103645,Patriot Prime Manufacturing,Institutional,Orlando,Florida,South,Retail
103646,Sterling Reliable Facilities Group,Government,Detroit,Michigan,Midwest,Manufacturing
103647,Coastal Allied Enterprises,Retail Chain,Portland,Oregon,West,Manufacturing
103648,Crestview Central Supply Co.,Industrial,Houston,Texas,South,Retail
103649,Patriot Capital Partners,Industrial,Columbus,Ohio,Midwest,Hospitality
103650,Maple Trusted Distribution,Government,Los Angeles,California,West,Education
103651,Keystone Regional Medical Supply,Government,Boston,Massachusetts,Northeast,Education
103652,Patriot Capital Group,Industrial,Chicago,Illinois,Midwest,Healthcare
103653,Union Valley Services,Retail Chain,Atlanta,Georgia,South,Construction
103654,Northgate Signature Industrial Systems,Institutional,Indianapolis,Indiana,Midwest,Logistics
103655,Trailhead Reliable Facilities Group,Retail Chain,Nashville,Tennessee,South,Healthcare
103656,Westbrook Capital Manufacturing,Institutional,Charlotte,North Carolina,South,Technology
103657,Vanguard Elite Contractors,Commercial,Portland,Oregon,West,Automotive
103658,Vanguard United Partners,Commercial,Los Angeles,California,West,Healthcare
103659,Oakridge Industrial Systems,Industrial,Philadelphia,Pennsylvania,Northeast,Automotive
103660,Ironclad Valley Industries,Government,Philadelphia,Pennsylvania,Northeast,Technology
103661,Anchor Crossroads Medical Supply,Institutional,Cleveland,Ohio,Midwest,Automotive
103662,Fairmont Allied Group,Institutional,Albany,New York,Northeast,Retail
103663,Sterling Regional Supply Co.,Industrial,Houston,Texas,South,Manufacturing
103664,Premier Capital Industries,Retail Chain,Columbus,Ohio,Midwest,Education
103665,Fairmont Capital Holdings,Institutional,Raleigh,North Carolina,South,Manufacturing
103666,Northgate Landmark Supply Co.,Commercial,Minneapolis,Minnesota,Midwest,Logistics
103667,Evergreen United Logistics,Government,Columbus,Ohio,Midwest,Manufacturing
103668,Pinnacle Signature Industrial Systems,Institutional,Raleigh,North Carolina,South,Logistics
103669,Fairmont Landmark Solutions,Industrial,Newark,New Jersey,Northeast,Hospitality
103670,Northgate Elite Construction Group,Institutional,Salt Lake City,Utah,West,Food Service
103671,Meridian Allied Manufacturing,Industrial,Milwaukee,Wisconsin,Midwest,Technology
103672,Meridian Legacy Medical Supply,Industrial,Houston,Texas,South,Retail
103673,Frontier Holdings,Commercial,Houston,Texas,South,Construction
103674,Premier First Solutions,Industrial,Albany,New York,Northeast,Food Service
103675,Heritage Regional Holdings,Retail Chain,Sacramento,California,West,Hospitality
103676,Evergreen Reliable Medical Supply,Industrial,Detroit,Michigan,Midwest,Hospitality
103677,Northwest Central Retail Partners,Commercial,Phoenix,Arizona,West,Construction
103678,Pinnacle Legacy Retail Partners,Retail Chain,San Antonio,Texas,South,Logistics
103679,Union Allied Industries,Government,Los Angeles,California,West,Technology
103680,Lakeside Harbor Holdings,Commercial,San Antonio,Texas,South,Food Service
103681,Trailhead Summit Corp.,Retail Chain,Tucson,Arizona,West,Healthcare
103682,Continental Allied Supply Co.,Commercial,Atlanta,Georgia,South,Manufacturing
103683,Crestview Signature Industries,Commercial,Detroit,Michigan,Midwest,Manufacturing
103684,Pinnacle Legacy Construction Group,Commercial,Baltimore,Maryland,Northeast,Healthcare
103685,National Prime Manufacturing,Commercial,Pittsburgh,Pennsylvania,Northeast,Education
103686,Allied Valley Enterprises,Institutional,Charlotte,North Carolina,South,Automotive
103687,Anchor Harbor Medical Supply,Retail Chain,Chicago,Illinois,Midwest,Logistics
103688,Patriot First Group,Government,Newark,New Jersey,Northeast,Education
103689,Union Central Medical Supply,Government,Detroit,Michigan,Midwest,Manufacturing
103690,Anchor Allied Distribution,Industrial,Albany,New York,Northeast,Food Service
103691,Pioneer Reliable Supply Co.,Government,Los Angeles,California,West,Manufacturing
103692,Liberty Trusted Supply Co.,Industrial,Chicago,Illinois,Midwest,Retail
103693,Riverside Prime Services,Government,Phoenix,Arizona,West,Food Service
103694,Sterling Summit Retail Partners,Industrial,Salt Lake City,Utah,West,Construction
103695,Evergreen First Facilities Group,Institutional,Minneapolis,Minnesota,Midwest,Technology
103696,Horizon Crossroads Medical Supply,Institutional,Denver,Colorado,West,Food Service
103697,Bluepoint Allied Partners,Industrial,Denver,Colorado,West,Manufacturing
103698,Heritage Allied Group,Government,Atlanta,Georgia,South,Healthcare
103699,Silverline Crossroads Hospitality Services,Retail Chain,Raleigh,North Carolina,South,Logistics
103700,Apex Landmark Hospitality Services,Industrial,Cleveland,Ohio,Midwest,Logistics
103701,Riverside Trusted Industrial Systems,Commercial,Boston,Massachusetts,Northeast,Technology
103702,Westbrook Regional Retail Partners,Industrial,Indianapolis,Indiana,Midwest,Hospitality
103703,Bluepoint Trusted Retail Partners,Industrial,Dallas,Texas,South,Healthcare
103704,Union Legacy Retail Partners,Industrial,Kansas City,Missouri,Midwest,Food Service
103705,Bluepoint Harbor Construction Group,Industrial,San Antonio,Texas,South,Education
103706,Superior Capital Partners,Government,Milwaukee,Wisconsin,Midwest,Healthcare
103707,Lonestar Landmark Industries,Industrial,Chicago,Illinois,Midwest,Retail
103708,Liberty Contractors,Government,Pittsburgh,Pennsylvania,Northeast,Construction
103709,Frontier Harbor Contractors,Industrial,Pittsburgh,Pennsylvania,Northeast,Healthcare
103710,Northwest Reliable Industries,Commercial,Boston,Massachusetts,Northeast,Technology
103711,Anchor Regional Industries,Retail Chain,Raleigh,North Carolina,South,Construction
103712,National Summit Manufacturing,Government,Cleveland,Ohio,Midwest,Construction
103713,Silverline Landmark Logistics,Retail Chain,Minneapolis,Minnesota,Midwest,Healthcare
103714,Westbrook Regional Facilities Group,Government,Newark,New Jersey,Northeast,Education
103715,Coastal Metro Facilities Group,Commercial,Raleigh,North Carolina,South,Manufacturing
103716,Horizon Capital Supply Co.,Institutional,Houston,Texas,South,Food Service
103717,Liberty Valley Solutions,Retail Chain,Boston,Massachusetts,Northeast,Retail
103718,Northgate Trusted Solutions,Commercial,Houston,Texas,South,Education
103719,Sterling United Solutions,Commercial,Houston,Texas,South,Hospitality
103720,Horizon First Hospitality Services,Commercial,Columbus,Ohio,Midwest,Food Service
103721,Patriot Metro Manufacturing,Retail Chain,Charlotte,North Carolina,South,Food Service
103722,Meridian Trusted Industries,Industrial,Pittsburgh,Pennsylvania,Northeast,Technology
103723,Patriot United Partners,Government,Pittsburgh,Pennsylvania,Northeast,Manufacturing
103724,Meridian Harbor Partners,Government,Seattle,Washington,West,Construction
103725,Summitline First Supply Co.,Retail Chain,Columbus,Ohio,Midwest,Logistics
103726,Bluepoint Landmark Group,Commercial,Tucson,Arizona,West,Retail
103727,Riverside Metro Logistics,Retail Chain,Houston,Texas,South,Food Service
103728,Trailhead National Enterprises,Government,Columbus,Ohio,Midwest,Food Service
103729,Coastal Central Solutions,Government,Albany,New York,Northeast,Healthcare
103730,Heritage Trusted Retail Partners,Institutional,San Antonio,Texas,South,Retail
103731,Meridian Corp.,Government,San Antonio,Texas,South,Retail
103732,Northwest Legacy Industries,Institutional,Pittsburgh,Pennsylvania,Northeast,Technology
103733,Vanguard Capital Corp.,Institutional,Sacramento,California,West,Education
103734,Bluepoint Central Manufacturing,Commercial,Atlanta,Georgia,South,Hospitality
103735,Superior Trusted Systems,Government,Cleveland,Ohio,Midwest,Education
103736,Summitline Capital Services,Government,Dallas,Texas,South,Automotive
103737,Trailhead Prime Group,Institutional,Atlanta,Georgia,South,Hospitality
103738,Northgate Crossroads Enterprises,Retail Chain,Milwaukee,Wisconsin,Midwest,Education
103739,Northwest Metro Logistics,Government,San Antonio,Texas,South,Manufacturing
103740,Westbrook Summit Logistics,Retail Chain,Tucson,Arizona,West,Food Service
103741,Ironclad Reliable Construction Group,Commercial,Portland,Oregon,West,Hospitality
103742,Coastal Metro Enterprises,Institutional,Detroit,Michigan,Midwest,Hospitality
103743,Northwest Capital Systems,Industrial,Raleigh,North Carolina,South,Construction
103744,Heritage Signature Services,Retail Chain,Salt Lake City,Utah,West,Construction
103745,Continental Prime Partners,Retail Chain,Phoenix,Arizona,West,Technology
103746,Trailhead Signature Industrial Systems,Retail Chain,Seattle,Washington,West,Retail
103747,Lakeside Harbor Hospitality Services,Government,Dallas,Texas,South,Food Service
103748,Summitline Summit Group,Retail Chain,Tucson,Arizona,West,Education
103749,Westbrook Summit Industrial Systems,Commercial,Kansas City,Missouri,Midwest,Food Service
103750,National United Hospitality Services,Retail Chain,Denver,Colorado,West,Food Service
103751,Patriot Trusted Industries,Industrial,Philadelphia,Pennsylvania,Northeast,Hospitality
103752,National Reliable Medical Supply,Retail Chain,Orlando,Florida,South,Manufacturing
103753,Bluepoint Signature Hospitality Services,Government,Baltimore,Maryland,Northeast,Food Service
103754,Maple Summit Logistics,Industrial,Minneapolis,Minnesota,Midwest,Manufacturing
103755,Meridian Prime Hospitality Services,Government,Portland,Oregon,West,Technology
103756,Coastal Hospitality Services,Institutional,Detroit,Michigan,Midwest,Hospitality
103757,Frontier Valley Hospitality Services,Government,Los Angeles,California,West,Manufacturing
103758,Summitline Regional Supply Co.,Commercial,Detroit,Michigan,Midwest,Healthcare
103759,Cascade Central Construction Group,Retail Chain,Baltimore,Maryland,Northeast,Hospitality
103760,Summitline Regional Corp.,Industrial,Nashville,Tennessee,South,Automotive
103761,Liberty Prime Industrial Systems,Institutional,Denver,Colorado,West,Food Service
103762,Crestview Summit Distribution,Industrial,Minneapolis,Minnesota,Midwest,Hospitality
103763,National Valley Systems,Institutional,Milwaukee,Wisconsin,Midwest,Healthcare
103764,Cascade Crossroads Corp.,Industrial,Nashville,Tennessee,South,Logistics
103765,Maple Elite Industries,Retail Chain,Albany,New York,Northeast,Food Service
103766,Westbrook Central Medical Supply,Commercial,Tucson,Arizona,West,Technology
103767,National Capital Distribution,Institutional,Philadelphia,Pennsylvania,Northeast,Manufacturing
103768,Coastal Prime Services,Institutional,Phoenix,Arizona,West,Technology
103769,Oakridge Capital Manufacturing,Commercial,San Antonio,Texas,South,Education
103770,Northgate Crossroads Construction Group,Government,Dallas,Texas,South,Construction
103771,Coastal Legacy Services,Industrial,Philadelphia,Pennsylvania,Northeast,Education
103772,Summitline Hospitality Services,Retail Chain,Columbus,Ohio,Midwest,Automotive
103773,Ironclad Elite Services,Industrial,Detroit,Michigan,Midwest,Technology
103774,Pinnacle Holdings,Retail Chain,Denver,Colorado,West,Healthcare
103775,Meridian Harbor Industries,Commercial,Kansas City,Missouri,Midwest,Education
103776,Trailhead Prime Solutions,Industrial,Columbus,Ohio,Midwest,Education
103777,Sterling Legacy Partners,Government,Atlanta,Georgia,South,Food Service
103778,Pinnacle Harbor Facilities Group,Retail Chain,Albany,New York,Northeast,Healthcare
103779,Pinnacle Summit Construction Group,Government,Cleveland,Ohio,Midwest,Logistics
103780,Heritage Elite Industrial Systems,Commercial,Pittsburgh,Pennsylvania,Northeast,Retail
103781,Allied Prime Manufacturing,Commercial,Houston,Texas,South,Technology
103782,Lakeside Legacy Retail Partners,Commercial,Los Angeles,California,West,Automotive
103783,Sterling First Medical Supply,Industrial,Raleigh,North Carolina,South,Healthcare
103784,Riverside Regional Solutions,Retail Chain,Minneapolis,Minnesota,Midwest,Logistics
103785,Sterling Summit Industrial Systems,Industrial,Los Angeles,California,West,Construction
103786,Continental Prime Facilities Group,Government,Seattle,Washington,West,Retail
103787,Heritage Allied Contractors,Commercial,Tucson,Arizona,West,Education
103788,Lakeside Landmark Retail Partners,Commercial,Portland,Oregon,West,Technology
103789,Sterling Elite Industrial Systems,Industrial,Phoenix,Arizona,West,Logistics
103790,Frontier Elite Group,Government,Houston,Texas,South,Technology
103791,Maple Summit Distribution,Commercial,Detroit,Michigan,Midwest,Technology
103792,Summit Metro Services,Government,Chicago,Illinois,Midwest,Technology
103793,Apex First Supply Co.,Institutional,Denver,Colorado,West,Technology
103794,Frontier Regional Solutions,Retail Chain,Kansas City,Missouri,Midwest,Hospitality
103795,Evergreen Harbor Distribution,Industrial,San Antonio,Texas,South,Technology
103796,Riverside Reliable Industrial Systems,Government,Tucson,Arizona,West,Food Service
103797,Granite Legacy Enterprises,Commercial,Detroit,Michigan,Midwest,Manufacturing
103798,Lakeside Crossroads Supply Co.,Retail Chain,Atlanta,Georgia,South,Automotive
103799,Maple Elite Medical Supply,Institutional,Raleigh,North Carolina,South,Retail
103800,Liberty First Facilities Group,Government,Milwaukee,Wisconsin,Midwest,Retail
103801,Vanguard National Services,Industrial,Sacramento,California,West,Hospitality
103802,Riverside First Industrial Systems,Industrial,Phoenix,Arizona,West,Hospitality
103803,Evergreen Prime Solutions,Retail Chain,Los Angeles,California,West,Construction
103804,Union Summit Contractors,Government,San Antonio,Texas,South,Retail
103805,Union United Distribution,Government,Raleigh,North Carolina,South,Education
103806,Heritage Regional Hospitality Services,Commercial,Chicago,Illinois,Midwest,Hospitality
103807,Ironclad Signature Industrial Systems,Retail Chain,Milwaukee,Wisconsin,Midwest,Construction
103808,Frontier Trusted Group,Commercial,Los Angeles,California,West,Food Service
103809,Horizon Trusted Retail Partners,Government,Minneapolis,Minnesota,Midwest,Food Service
103810,Silverline Metro Solutions,Commercial,Portland,Oregon,West,Education
103811,Granite Trusted Manufacturing,Commercial,Baltimore,Maryland,Northeast,Food Service
103812,National Landmark Corp.,Commercial,Raleigh,North Carolina,South,Technology
103813,Northwest Signature Group,Government,Phoenix,Arizona,West,Manufacturing
103814,Keystone Construction Group,Commercial,Kansas City,Missouri,Midwest,Manufacturing
103815,Northgate Summit Retail Partners,Institutional,Boston,Massachusetts,Northeast,Logistics
103816,National Reliable Construction Group,Industrial,Pittsburgh,Pennsylvania,Northeast,Construction
103817,Pinnacle Prime Partners,Retail Chain,Newark,New Jersey,Northeast,Manufacturing
103818,Lakeside United Industrial Systems,Government,Tucson,Arizona,West,Logistics
103819,Riverside Elite Facilities Group,Institutional,Columbus,Ohio,Midwest,Construction
103820,Lonestar United Partners,Industrial,Portland,Oregon,West,Logistics
103821,Redwood Allied Services,Government,Cleveland,Ohio,Midwest,Automotive
103822,Frontier Signature Facilities Group,Government,Milwaukee,Wisconsin,Midwest,Automotive
103823,Vanguard National Solutions,Institutional,Chicago,Illinois,Midwest,Healthcare
103824,Granite Retail Partners,Government,Atlanta,Georgia,South,Logistics
103825,Pinnacle Crossroads Supply Co.,Commercial,Nashville,Tennessee,South,Logistics
103826,Lonestar Legacy Systems,Institutional,Raleigh,North Carolina,South,Construction
103827,Summit Capital Holdings,Institutional,Milwaukee,Wisconsin,Midwest,Technology
103828,Crestview Regional Retail Partners,Institutional,Tucson,Arizona,West,Automotive
103829,Bluepoint Legacy Hospitality Services,Government,Houston,Texas,South,Technology
103830,Liberty Regional Solutions,Institutional,Columbus,Ohio,Midwest,Technology
103831,Silverline Capital Distribution,Industrial,Raleigh,North Carolina,South,Manufacturing
103832,Union First Facilities Group,Institutional,Albany,New York,Northeast,Education
103833,Coastal Crossroads Facilities Group,Institutional,Boston,Massachusetts,Northeast,Logistics
103834,Heritage Metro Manufacturing,Government,Indianapolis,Indiana,Midwest,Food Service
103835,Continental Capital Retail Partners,Commercial,Newark,New Jersey,Northeast,Food Service
103836,Maple Central Facilities Group,Government,Pittsburgh,Pennsylvania,Northeast,Healthcare
103837,Heritage First Industries,Institutional,Philadelphia,Pennsylvania,Northeast,Food Service
103838,Cascade Signature Partners,Commercial,Denver,Colorado,West,Logistics
103839,Northgate Trusted Supply Co.,Institutional,Houston,Texas,South,Retail
103840,Maple Allied Corp.,Industrial,Detroit,Michigan,Midwest,Education
103841,Premier Prime Distribution,Retail Chain,Seattle,Washington,West,Food Service
103842,Evergreen Central Industrial Systems,Government,Nashville,Tennessee,South,Retail
103843,Cascade Valley Group,Institutional,Charlotte,North Carolina,South,Automotive
103844,Keystone Crossroads Systems,Institutional,Cleveland,Ohio,Midwest,Manufacturing
103845,Silverline Allied Industries,Commercial,Chicago,Illinois,Midwest,Education
103846,Evergreen First Manufacturing,Industrial,Detroit,Michigan,Midwest,Automotive
103847,Maple Harbor Manufacturing,Retail Chain,Columbus,Ohio,Midwest,Automotive
103848,Anchor Harbor Services,Government,Seattle,Washington,West,Retail
103849,Ironclad Valley Holdings,Industrial,Indianapolis,Indiana,Midwest,Automotive
103850,Summit National Logistics,Industrial,Denver,Colorado,West,Construction
103851,Riverside Signature Contractors,Institutional,Minneapolis,Minnesota,Midwest,Manufacturing
103852,Riverside Prime Systems,Government,Baltimore,Maryland,Northeast,Education
103853,Evergreen Metro Construction Group,Commercial,Newark,New Jersey,Northeast,Food Service
103854,Heritage Central Facilities Group,Retail Chain,Seattle,Washington,West,Food Service
103855,Westbrook First Corp.,Government,San Antonio,Texas,South,Retail
103856,Bluepoint Capital Distribution,Government,Columbus,Ohio,Midwest,Retail
103857,Maple United Systems,Retail Chain,Nashville,Tennessee,South,Healthcare
103858,Premier Regional Hospitality Services,Institutional,Salt Lake City,Utah,West,Food Service
103859,Vanguard Crossroads Medical Supply,Government,Phoenix,Arizona,West,Food Service
103860,Riverside Harbor Construction Group,Retail Chain,Seattle,Washington,West,Retail
103861,Sterling Signature Partners,Retail Chain,Cleveland,Ohio,Midwest,Food Service
103862,Vanguard Harbor Manufacturing,Government,San Antonio,Texas,South,Education
103863,National Summit Group,Government,Seattle,Washington,West,Food Service
103864,Crestview Trusted Services,Retail Chain,San Antonio,Texas,South,Manufacturing
103865,Vanguard Reliable Industries,Industrial,Boston,Massachusetts,Northeast,Healthcare
103866,Union Regional Enterprises,Retail Chain,Newark,New Jersey,Northeast,Construction
103867,Pinnacle Harbor Services,Retail Chain,Pittsburgh,Pennsylvania,Northeast,Food Service
103868,Liberty National Partners,Retail Chain,Portland,Oregon,West,Retail
103869,Evergreen Prime Retail Partners,Institutional,Raleigh,North Carolina,South,Technology
103870,Bluepoint Trusted Enterprises,Institutional,Sacramento,California,West,Healthcare
103871,Cascade National Group,Retail Chain,Boston,Massachusetts,Northeast,Healthcare
103872,Keystone Central Construction Group,Institutional,Atlanta,Georgia,South,Hospitality
103873,Meridian Elite Systems,Institutional,Nashville,Tennessee,South,Logistics
103874,Oakridge United Logistics,Institutional,Portland,Oregon,West,Logistics
103875,Bluepoint Crossroads Partners,Retail Chain,Orlando,Florida,South,Education
103876,Evergreen Reliable Systems,Industrial,Kansas City,Missouri,Midwest,Healthcare
103877,Northwest Group,Commercial,Indianapolis,Indiana,Midwest,Manufacturing
103878,Ironclad Facilities Group,Institutional,Denver,Colorado,West,Logistics
103879,Superior Prime Construction Group,Industrial,Houston,Texas,South,Technology
103880,National Summit Enterprises,Government,Phoenix,Arizona,West,Automotive
103881,Continental Regional Solutions,Commercial,Minneapolis,Minnesota,Midwest,Manufacturing
103882,Apex Signature Manufacturing,Government,Indianapolis,Indiana,Midwest,Technology
103883,Premier Valley Industrial Systems,Government,Nashville,Tennessee,South,Automotive
103884,Riverside Legacy Supply Co.,Industrial,Indianapolis,Indiana,Midwest,Automotive
103885,Cascade Elite Partners,Industrial,Minneapolis,Minnesota,Midwest,Technology
103886,Vanguard National Logistics,Government,Raleigh,North Carolina,South,Retail
103887,Fairmont Central Retail Partners,Retail Chain,Detroit,Michigan,Midwest,Technology
103888,Westbrook Elite Systems,Industrial,Minneapolis,Minnesota,Midwest,Hospitality
103889,Westbrook Landmark Enterprises,Industrial,Dallas,Texas,South,Construction
103890,Crestview Partners,Institutional,Minneapolis,Minnesota,Midwest,Construction
103891,Apex Valley Systems,Retail Chain,Tucson,Arizona,West,Construction
103892,Evergreen Prime Partners,Commercial,Orlando,Florida,South,Education
103893,Oakridge Valley Solutions,Retail Chain,Albany,New York,Northeast,Automotive
103894,Anchor First Systems,Commercial,Columbus,Ohio,Midwest,Education
103895,Premier Metro Holdings,Industrial,San Antonio,Texas,South,Technology
103896,Lonestar United Logistics,Institutional,Houston,Texas,South,Technology
103897,Maple United Enterprises,Retail Chain,Kansas City,Missouri,Midwest,Logistics
103898,Meridian First Enterprises,Commercial,Baltimore,Maryland,Northeast,Education
103899,Evergreen Landmark Construction Group,Retail Chain,Salt Lake City,Utah,West,Healthcare
103900,Sterling Signature Corp.,Retail Chain,Newark,New Jersey,Northeast,Logistics
103901,Pinnacle Valley Medical Supply,Retail Chain,Denver,Colorado,West,Construction
103902,Allied Valley Corp.,Retail Chain,Charlotte,North Carolina,South,Retail
103903,Continental Metro Solutions,Retail Chain,Denver,Colorado,West,Technology
103904,Crestview Legacy Facilities Group,Institutional,Seattle,Washington,West,Manufacturing
103905,Fairmont Reliable Medical Supply,Institutional,Pittsburgh,Pennsylvania,Northeast,Technology
103906,Oakridge Legacy Logistics,Commercial,Chicago,Illinois,Midwest,Logistics
103907,Redwood Metro Supply Co.,Commercial,Salt Lake City,Utah,West,Logistics
103908,Trailhead Signature Construction Group,Government,Raleigh,North Carolina,South,Food Service
103909,Evergreen Metro Logistics,Government,Baltimore,Maryland,Northeast,Retail
103910,Granite First Corp.,Government,Detroit,Michigan,Midwest,Healthcare
103911,Premier First Corp.,Institutional,Boston,Massachusetts,Northeast,Food Service
103912,Redwood First Enterprises,Government,Philadelphia,Pennsylvania,Northeast,Food Service
103913,Superior Reliable Solutions,Institutional,Orlando,Florida,South,Construction
103914,Bluepoint Summit Group,Retail Chain,Denver,Colorado,West,Manufacturing
103915,Meridian Central Hospitality Services,Industrial,Charlotte,North Carolina,South,Logistics
103916,Horizon First Contractors,Industrial,Chicago,Illinois,Midwest,Construction
103917,Bluepoint Landmark Medical Supply,Retail Chain,Philadelphia,Pennsylvania,Northeast,Education
103918,Silverline National Corp.,Institutional,Atlanta,Georgia,South,Hospitality
103919,Maple Allied Medical Supply,Institutional,Baltimore,Maryland,Northeast,Technology
103920,Superior Landmark Industrial Systems,Industrial,Columbus,Ohio,Midwest,Technology
103921,Frontier Summit Systems,Commercial,Salt Lake City,Utah,West,Logistics
103922,Apex Capital Distribution,Industrial,San Antonio,Texas,South,Food Service
103923,Superior Allied Retail Partners,Industrial,Sacramento,California,West,Technology
103924,Patriot United Services,Institutional,Portland,Oregon,West,Education
103925,Maple Metro Logistics,Institutional,Philadelphia,Pennsylvania,Northeast,Logistics
103926,Coastal Harbor Industrial Systems,Institutional,Detroit,Michigan,Midwest,Hospitality
103927,Anchor First Contractors,Government,Los Angeles,California,West,Technology
103928,Trailhead Regional Distribution,Institutional,Albany,New York,Northeast,Retail
103929,Apex Metro Hospitality Services,Government,Kansas City,Missouri,Midwest,Manufacturing
103930,Patriot Signature Construction Group,Institutional,Tucson,Arizona,West,Education
103931,Oakridge Summit Holdings,Government,Cleveland,Ohio,Midwest,Manufacturing
103932,Patriot Summit Hospitality Services,Commercial,Pittsburgh,Pennsylvania,Northeast,Technology
103933,Frontier Group,Retail Chain,Albany,New York,Northeast,Education
103934,Coastal Valley Contractors,Institutional,Atlanta,Georgia,South,Retail
103935,Patriot Elite Group,Retail Chain,Detroit,Michigan,Midwest,Retail
103936,Bluepoint Legacy Solutions,Government,San Antonio,Texas,South,Retail
103937,Sterling Central Holdings,Retail Chain,Cleveland,Ohio,Midwest,Education
103938,Pioneer Central Systems,Industrial,Milwaukee,Wisconsin,Midwest,Healthcare
103939,Allied Metro Medical Supply,Commercial,Philadelphia,Pennsylvania,Northeast,Healthcare
103940,Coastal Capital Holdings,Institutional,Charlotte,North Carolina,South,Education
103941,Bluepoint Central Enterprises,Government,Dallas,Texas,South,Healthcare
103942,Superior Metro Holdings,Government,Chicago,Illinois,Midwest,Manufacturing
103943,Westbrook Valley Distribution,Retail Chain,San Antonio,Texas,South,Manufacturing
103944,Premier Prime Corp.,Government,Atlanta,Georgia,South,Technology
103945,National Summit Hospitality Services,Institutional,Orlando,Florida,South,Construction
103946,Crestview Elite Systems,Industrial,Baltimore,Maryland,Northeast,Logistics
103947,Maple Prime Logistics,Retail Chain,Orlando,Florida,South,Food Service
103948,Lonestar Signature Industries,Government,Minneapolis,Minnesota,Midwest,Food Service
103949,Lonestar Trusted Supply Co.,Commercial,Minneapolis,Minnesota,Midwest,Retail
103950,Allied Metro Group,Government,Los Angeles,California,West,Hospitality
103951,Northgate Trusted Medical Supply,Retail Chain,Tucson,Arizona,West,Retail
103952,Fairmont Reliable Industrial Systems,Retail Chain,Boston,Massachusetts,Northeast,Hospitality
103953,Granite Valley Services,Industrial,Pittsburgh,Pennsylvania,Northeast,Construction
103954,Heritage Valley Services,Government,Minneapolis,Minnesota,Midwest,Logistics
103955,Allied National Medical Supply,Institutional,Tucson,Arizona,West,Automotive
103956,Sterling Landmark Distribution,Industrial,Baltimore,Maryland,Northeast,Automotive
103957,Bluepoint Summit Supply Co.,Commercial,Baltimore,Maryland,Northeast,Education
103958,Northgate Central Enterprises,Government,Kansas City,Missouri,Midwest,Hospitality
103959,Fairmont Regional Partners,Institutional,Atlanta,Georgia,South,Retail
103960,Crestview Valley Industrial Systems,Retail Chain,Newark,New Jersey,Northeast,Healthcare
103961,Ironclad First Distribution,Institutional,Charlotte,North Carolina,South,Retail
103962,Granite Summit Logistics,Industrial,Philadelphia,Pennsylvania,Northeast,Technology
103963,Westbrook Trusted Enterprises,Institutional,Tucson,Arizona,West,Food Service
103964,Continental Solutions,Industrial,Sacramento,California,West,Food Service
103965,Apex Legacy Industries,Institutional,Nashville,Tennessee,South,Education
103966,Westbrook Summit Industries,Institutional,Pittsburgh,Pennsylvania,Northeast,Healthcare
103967,Granite Prime Construction Group,Retail Chain,Milwaukee,Wisconsin,Midwest,Education
103968,National Central Industries,Industrial,Baltimore,Maryland,Northeast,Logistics
103969,Pinnacle Legacy Manufacturing,Retail Chain,Milwaukee,Wisconsin,Midwest,Automotive
103970,Heritage First Enterprises,Government,Tucson,Arizona,West,Manufacturing
103971,Superior United Solutions,Institutional,Denver,Colorado,West,Manufacturing
103972,Summit National Services,Industrial,Orlando,Florida,South,Healthcare
103973,Oakridge United Supply Co.,Retail Chain,Columbus,Ohio,Midwest,Food Service
103974,Lonestar Allied Holdings,Industrial,Houston,Texas,South,Manufacturing
103975,Cascade First Medical Supply,Retail Chain,Minneapolis,Minnesota,Midwest,Technology
103976,Premier Elite Facilities Group,Government,Sacramento,California,West,Food Service
103977,National National Group,Commercial,Minneapolis,Minnesota,Midwest,Food Service
103978,Crestview Signature Manufacturing,Government,Nashville,Tennessee,South,Technology
103979,Frontier Capital Manufacturing,Industrial,Philadelphia,Pennsylvania,Northeast,Logistics
103980,Allied Capital Supply Co.,Retail Chain,Dallas,Texas,South,Manufacturing
103981,Evergreen Crossroads Logistics,Commercial,Raleigh,North Carolina,South,Logistics
103982,Pinnacle Trusted Services,Commercial,Denver,Colorado,West,Healthcare
103983,Ironclad Landmark Enterprises,Institutional,Houston,Texas,South,Retail
103984,Summitline Landmark Manufacturing,Industrial,Cleveland,Ohio,Midwest,Education
103985,Continental Elite Group,Industrial,San Antonio,Texas,South,Construction
103986,Continental Harbor Industrial Systems,Commercial,Newark,New Jersey,Northeast,Retail
103987,Ironclad First Systems,Commercial,Seattle,Washington,West,Logistics
103988,Continental Capital Construction Group,Institutional,Cleveland,Ohio,Midwest,Technology
103989,Meridian Signature Construction Group,Institutional,Detroit,Michigan,Midwest,Hospitality
103990,Meridian Signature Contractors,Institutional,San Antonio,Texas,South,Construction
103991,Summitline Prime Industrial Systems,Institutional,Charlotte,North Carolina,South,Logistics
103992,Keystone Prime Contractors,Retail Chain,Dallas,Texas,South,Education
103993,Lonestar Reliable Services,Industrial,Sacramento,California,West,Technology
103994,Summitline Summit Systems,Industrial,Albany,New York,Northeast,Technology
103995,Keystone Allied Group,Institutional,Pittsburgh,Pennsylvania,Northeast,Food Service
103996,Lakeside Landmark Manufacturing,Institutional,Pittsburgh,Pennsylvania,Northeast,Technology
103997,Liberty Summit Services,Industrial,Columbus,Ohio,Midwest,Technology
103998,Heritage First Holdings,Government,San Antonio,Texas,South,Education
103999,Northwest United Industries,Industrial,Chicago,Illinois,Midwest,Hospitality
104000,Summit Metro Holdings,Government,Atlanta,Georgia,South,Manufacturing
104001,Crestview Elite Partners,Commercial,Seattle,Washington,West,Logistics
104002,Riverside Metro Hospitality Services,Government,Atlanta,Georgia,South,Technology
104003,Riverside Legacy Medical Supply,Government,Seattle,Washington,West,Manufacturing
104004,Summitline Valley Supply Co.,Commercial,Dallas,Texas,South,Manufacturing
104005,Northwest Harbor Group,Industrial,Milwaukee,Wisconsin,Midwest,Healthcare
104006,Summit First Solutions,Institutional,Raleigh,North Carolina,South,Automotive
104007,Northgate Regional Holdings,Government,Orlando,Florida,South,Automotive
104008,Meridian Landmark Solutions,Retail Chain,Newark,New Jersey,Northeast,Healthcare
104009,Crestview Allied Supply Co.,Institutional,Boston,Massachusetts,Northeast,Construction
104010,Northwest First Industries,Industrial,Baltimore,Maryland,Northeast,Retail
104011,Lakeside Crossroads Holdings,Industrial,Raleigh,North Carolina,South,Hospitality
104012,Granite Legacy Corp.,Commercial,Dallas,Texas,South,Manufacturing
104013,Lonestar Valley Logistics,Institutional,Milwaukee,Wisconsin,Midwest,Manufacturing
104014,Frontier Valley Group,Retail Chain,Sacramento,California,West,Education
104015,Fairmont Allied Hospitality Services,Commercial,Newark,New Jersey,Northeast,Automotive
104016,Cascade Legacy Services,Institutional,Dallas,Texas,South,Automotive
104017,Summitline Signature Logistics,Retail Chain,Atlanta,Georgia,South,Manufacturing
104018,Heritage Reliable Hospitality Services,Retail Chain,Albany,New York,Northeast,Logistics
104019,Bluepoint Landmark Solutions,Commercial,Orlando,Florida,South,Healthcare
104020,Ironclad Landmark Supply Co.,Commercial,Dallas,Texas,South,Logistics
104021,Fairmont Valley Facilities Group,Retail Chain,Tucson,Arizona,West,Logistics
104022,Maple United Services,Commercial,Seattle,Washington,West,Healthcare
104023,Sterling Crossroads Contractors,Industrial,Phoenix,Arizona,West,Education
104024,Oakridge Elite Industrial Systems,Industrial,San Antonio,Texas,South,Automotive
104025,Coastal Harbor Facilities Group,Commercial,Philadelphia,Pennsylvania,Northeast,Food Service
104026,Summitline Trusted Hospitality Services,Industrial,Minneapolis,Minnesota,Midwest,Retail
104027,Riverside Metro Construction Group,Government,Albany,New York,Northeast,Healthcare
104028,Evergreen Legacy Facilities Group,Government,Cleveland,Ohio,Midwest,Education
104029,Pinnacle National Enterprises,Government,Dallas,Texas,South,Hospitality
104030,Maple Metro Industrial Systems,Government,Detroit,Michigan,Midwest,Hospitality
104031,Heritage Crossroads Distribution,Retail Chain,Orlando,Florida,South,Automotive
104032,Maple Harbor Facilities Group,Institutional,Atlanta,Georgia,South,Construction
104033,Trailhead Central Group,Government,Dallas,Texas,South,Automotive
104034,Coastal Signature Contractors,Commercial,Columbus,Ohio,Midwest,Automotive
104035,Frontier Capital Logistics,Industrial,Minneapolis,Minnesota,Midwest,Automotive
104036,Fairmont Legacy Industrial Systems,Industrial,Newark,New Jersey,Northeast,Education
104037,Apex Prime Systems,Commercial,Newark,New Jersey,Northeast,Hospitality
104038,Premier Contractors,Commercial,Indianapolis,Indiana,Midwest,Retail
104039,Pioneer Crossroads Holdings,Government,Columbus,Ohio,Midwest,Technology
104040,Northgate Summit Medical Supply,Industrial,Kansas City,Missouri,Midwest,Healthcare
104041,Union Prime Medical Supply,Institutional,Charlotte,North Carolina,South,Hospitality
104042,Maple Metro Supply Co.,Commercial,Atlanta,Georgia,South,Automotive
104043,Anchor Crossroads Distribution,Government,Raleigh,North Carolina,South,Healthcare
104044,Keystone First Manufacturing,Retail Chain,Philadelphia,Pennsylvania,Northeast,Food Service
104045,Redwood Signature Industries,Government,Albany,New York,Northeast,Food Service
104046,Apex Allied Services,Retail Chain,Denver,Colorado,West,Construction
104047,Crestview Capital Construction Group,Industrial,Indianapolis,Indiana,Midwest,Automotive
104048,Granite Metro Distribution,Retail Chain,Detroit,Michigan,Midwest,Healthcare
104049,Granite Elite Retail Partners,Retail Chain,Columbus,Ohio,Midwest,Healthcare
104050,Summitline Elite Contractors,Government,Minneapolis,Minnesota,Midwest,Logistics
104051,Keystone Trusted Industries,Institutional,Sacramento,California,West,Construction
104052,Bluepoint Reliable Solutions,Retail Chain,Kansas City,Missouri,Midwest,Education
104053,National Harbor Distribution,Government,Milwaukee,Wisconsin,Midwest,Hospitality
104054,Allied Trusted Logistics,Commercial,Sacramento,California,West,Retail
104055,Coastal Prime Supply Co.,Retail Chain,Pittsburgh,Pennsylvania,Northeast,Healthcare
104056,Pinnacle Legacy Industries,Institutional,Los Angeles,California,West,Manufacturing
104057,Summitline Prime Industries,Industrial,Charlotte,North Carolina,South,Manufacturing
104058,Lakeside Capital Solutions,Industrial,Phoenix,Arizona,West,Construction
104059,Summitline First Corp.,Government,Chicago,Illinois,Midwest,Retail
104060,Northwest Harbor Logistics,Institutional,Kansas City,Missouri,Midwest,Retail
104061,Pioneer Capital Hospitality Services,Government,Pittsburgh,Pennsylvania,Northeast,Construction
104062,Summit Signature Hospitality Services,Retail Chain,Houston,Texas,South,Hospitality
104063,Apex Landmark Industrial Systems,Retail Chain,Seattle,Washington,West,Healthcare
104064,Redwood Landmark Hospitality Services,Institutional,Raleigh,North Carolina,South,Retail
104065,Liberty Signature Corp.,Government,Pittsburgh,Pennsylvania,Northeast,Retail
104066,Cascade National Supply Co.,Industrial,Los Angeles,California,West,Automotive
104067,Patriot First Hospitality Services,Retail Chain,Philadelphia,Pennsylvania,Northeast,Retail
104068,Evergreen Valley Enterprises,Commercial,Milwaukee,Wisconsin,Midwest,Manufacturing
104069,Bluepoint Regional Solutions,Industrial,Dallas,Texas,South,Logistics
104070,Union Allied Holdings,Retail Chain,Raleigh,North Carolina,South,Food Service
104071,Ironclad Summit Group,Industrial,Indianapolis,Indiana,Midwest,Logistics
104072,Granite Metro Enterprises,Retail Chain,Dallas,Texas,South,Healthcare
104073,Redwood National Industries,Commercial,Newark,New Jersey,Northeast,Construction
104074,Westbrook Summit Corp.,Institutional,Albany,New York,Northeast,Education
104075,Oakridge Distribution,Institutional,Indianapolis,Indiana,Midwest,Food Service
104076,Northwest National Partners,Retail Chain,Orlando,Florida,South,Technology
104077,Riverside Allied Industries,Retail Chain,Houston,Texas,South,Technology
104078,Patriot Regional Logistics,Institutional,Detroit,Michigan,Midwest,Construction
104079,Frontier Legacy Industrial Systems,Government,Phoenix,Arizona,West,Manufacturing
104080,Evergreen Elite Facilities Group,Industrial,San Antonio,Texas,South,Automotive
104081,Pioneer Corp.,Institutional,Chicago,Illinois,Midwest,Healthcare
104082,Redwood Enterprises,Retail Chain,Raleigh,North Carolina,South,Healthcare
104083,Northwest Legacy Systems,Industrial,Chicago,Illinois,Midwest,Hospitality
104084,Bluepoint First Industries,Government,Cleveland,Ohio,Midwest,Education
104085,Liberty Trusted Group,Institutional,Cleveland,Ohio,Midwest,Automotive
104086,Lakeside Allied Retail Partners,Retail Chain,Denver,Colorado,West,Retail
104087,Cascade Landmark Enterprises,Industrial,Denver,Colorado,West,Automotive
104088,Trailhead Reliable Industrial Systems,Government,San Antonio,Texas,South,Hospitality
104089,Cascade Regional Holdings,Industrial,Milwaukee,Wisconsin,Midwest,Food Service
104090,Coastal Harbor Supply Co.,Industrial,Newark,New Jersey,Northeast,Construction
104091,Patriot Signature Solutions,Government,Sacramento,California,West,Technology
104092,Redwood Landmark Construction Group,Institutional,Nashville,Tennessee,South,Healthcare
104093,Riverside Valley Logistics,Retail Chain,Houston,Texas,South,Automotive
104094,Granite Signature Systems,Government,Cleveland,Ohio,Midwest,Technology
104095,Summit Crossroads Facilities Group,Government,Cleveland,Ohio,Midwest,Food Service
104096,Patriot Central Systems,Commercial,Philadelphia,Pennsylvania,Northeast,Manufacturing
104097,National Trusted Construction Group,Industrial,Baltimore,Maryland,Northeast,Construction
104098,Union Elite Hospitality Services,Commercial,Pittsburgh,Pennsylvania,Northeast,Retail
104099,Bluepoint Logistics,Industrial,Charlotte,North Carolina,South,Construction
104100,Pinnacle Crossroads Partners,Government,Detroit,Michigan,Midwest,Manufacturing
104101,Fairmont Capital Industrial Systems,Retail Chain,Chicago,Illinois,Midwest,Healthcare
104102,Meridian Reliable Medical Supply,Government,Houston,Texas,South,Healthcare
104103,Oakridge Legacy Retail Partners,Commercial,Seattle,Washington,West,Logistics
104104,Bluepoint Metro Construction Group,Institutional,Albany,New York,Northeast,Healthcare
104105,Ironclad Capital Manufacturing,Retail Chain,Atlanta,Georgia,South,Construction
104106,Cascade Elite Corp.,Institutional,Sacramento,California,West,Hospitality
104107,Trailhead Summit Facilities Group,Government,Dallas,Texas,South,Construction
104108,Continental Trusted Supply Co.,Institutional,Chicago,Illinois,Midwest,Construction
104109,Apex Trusted Manufacturing,Government,Cleveland,Ohio,Midwest,Logistics
104110,Pinnacle Allied Retail Partners,Institutional,Philadelphia,Pennsylvania,Northeast,Technology
104111,Westbrook National Contractors,Government,Seattle,Washington,West,Healthcare
104112,Northgate Signature Systems,Commercial,Phoenix,Arizona,West,Logistics
104113,Fairmont Prime Contractors,Industrial,Chicago,Illinois,Midwest,Hospitality
104114,Premier Reliable Logistics,Retail Chain,Philadelphia,Pennsylvania,Northeast,Education
104115,National Harbor Construction Group,Retail Chain,Philadelphia,Pennsylvania,Northeast,Construction
104116,Keystone First Logistics,Industrial,Columbus,Ohio,Midwest,Education
104117,Fairmont Metro Industries,Institutional,Minneapolis,Minnesota,Midwest,Automotive
104118,Frontier Legacy Retail Partners,Retail Chain,Phoenix,Arizona,West,Construction
104119,Cascade Summit Medical Supply,Government,Atlanta,Georgia,South,Healthcare
104120,Cascade Valley Industrial Systems,Institutional,Newark,New Jersey,Northeast,Hospitality
104121,Crestview Crossroads Contractors,Industrial,Minneapolis,Minnesota,Midwest,Construction
104122,Summitline Capital Medical Supply,Retail Chain,Tucson,Arizona,West,Hospitality
104123,Continental National Manufacturing,Retail Chain,Salt Lake City,Utah,West,Logistics
104124,Fairmont Trusted Holdings,Government,Albany,New York,Northeast,Manufacturing
104125,Lonestar Landmark Systems,Commercial,Baltimore,Maryland,Northeast,Retail
104126,Apex Valley Hospitality Services,Commercial,Pittsburgh,Pennsylvania,Northeast,Education
104127,Evergreen Legacy Services,Retail Chain,Chicago,Illinois,Midwest,Construction
104128,Northwest Capital Hospitality Services,Industrial,Phoenix,Arizona,West,Education
104129,Patriot Capital Retail Partners,Commercial,Raleigh,North Carolina,South,Food Service
104130,Granite Enterprises,Institutional,Nashville,Tennessee,South,Logistics
104131,Riverside Crossroads Facilities Group,Commercial,Chicago,Illinois,Midwest,Construction
104132,Lakeside Reliable Enterprises,Industrial,Newark,New Jersey,Northeast,Logistics
104133,Summitline Regional Group,Industrial,Cleveland,Ohio,Midwest,Hospitality
104134,Cascade National Contractors,Government,Raleigh,North Carolina,South,Retail
104135,Vanguard Valley Holdings,Commercial,Salt Lake City,Utah,West,Construction
104136,Westbrook Valley Enterprises,Government,Albany,New York,Northeast,Logistics
104137,Union Prime Facilities Group,Institutional,Tucson,Arizona,West,Healthcare
104138,Bluepoint Prime Distribution,Commercial,Baltimore,Maryland,Northeast,Construction
104139,Heritage Prime Facilities Group,Commercial,Houston,Texas,South,Retail
104140,Superior Signature Supply Co.,Government,Phoenix,Arizona,West,Automotive
104141,Granite United Facilities Group,Retail Chain,Tucson,Arizona,West,Logistics
104142,Union Summit Medical Supply,Retail Chain,Raleigh,North Carolina,South,Hospitality
104143,Sterling Capital Hospitality Services,Government,Detroit,Michigan,Midwest,Automotive
104144,Ironclad Metro Logistics,Commercial,Nashville,Tennessee,South,Retail
104145,Riverside Harbor Retail Partners,Commercial,Pittsburgh,Pennsylvania,Northeast,Manufacturing
104146,Patriot First Corp.,Commercial,Raleigh,North Carolina,South,Education
104147,Riverside Landmark Partners,Government,Cleveland,Ohio,Midwest,Education
104148,Redwood Legacy Hospitality Services,Institutional,Kansas City,Missouri,Midwest,Retail
104149,Anchor Summit Holdings,Government,Nashville,Tennessee,South,Education
104150,Granite First Contractors,Institutional,San Antonio,Texas,South,Education
104151,Ironclad Regional Contractors,Government,Portland,Oregon,West,Healthcare
104152,Granite Crossroads Medical Supply,Retail Chain,Salt Lake City,Utah,West,Technology
104153,Horizon Regional Manufacturing,Institutional,Sacramento,California,West,Retail
104154,Summit First Medical Supply,Commercial,Tucson,Arizona,West,Food Service
104155,Allied Summit Solutions,Institutional,Kansas City,Missouri,Midwest,Education
104156,Premier Crossroads Partners,Government,Chicago,Illinois,Midwest,Technology
104157,Superior Regional Supply Co.,Institutional,Nashville,Tennessee,South,Healthcare
104158,Lakeside Signature Industries,Retail Chain,Los Angeles,California,West,Healthcare
104159,Oakridge Legacy Industries,Retail Chain,Dallas,Texas,South,Retail
104160,Superior Trusted Industrial Systems,Commercial,Newark,New Jersey,Northeast,Logistics
104161,Evergreen Metro Corp.,Government,Philadelphia,Pennsylvania,Northeast,Manufacturing
104162,Vanguard Legacy Systems,Institutional,Portland,Oregon,West,Manufacturing
104163,Heritage Legacy Logistics,Commercial,Atlanta,Georgia,South,Healthcare
104164,Trailhead Metro Partners,Institutional,Boston,Massachusetts,Northeast,Healthcare
104165,Keystone Allied Solutions,Retail Chain,Nashville,Tennessee,South,Healthcare
104166,Apex Crossroads Logistics,Government,Portland,Oregon,West,Logistics
104167,Riverside Metro Industrial Systems,Retail Chain,Indianapolis,Indiana,Midwest,Construction
104168,Vanguard Valley Systems,Retail Chain,Pittsburgh,Pennsylvania,Northeast,Retail
104169,Vanguard Valley Hospitality Services,Government,Salt Lake City,Utah,West,Healthcare
104170,Northwest Allied Services,Industrial,Orlando,Florida,South,Education
104171,Cascade Valley Supply Co.,Institutional,Pittsburgh,Pennsylvania,Northeast,Education
104172,Union Harbor Enterprises,Government,Dallas,Texas,South,Automotive
104173,Keystone United Retail Partners,Commercial,Raleigh,North Carolina,South,Automotive
104174,Lonestar Crossroads Group,Retail Chain,Nashville,Tennessee,South,Automotive
104175,Vanguard Harbor Systems,Retail Chain,Charlotte,North Carolina,South,Automotive
104176,Trailhead Crossroads Distribution,Institutional,Seattle,Washington,West,Construction
104177,Lakeside Prime Distribution,Industrial,Milwaukee,Wisconsin,Midwest,Construction
104178,Fairmont Central Hospitality Services,Commercial,Phoenix,Arizona,West,Retail
104179,Redwood Capital Hospitality Services,Retail Chain,Chicago,Illinois,Midwest,Technology
104180,Ironclad Harbor Industrial Systems,Industrial,Charlotte,North Carolina,South,Healthcare
104181,Sterling Allied Industrial Systems,Commercial,Tucson,Arizona,West,Food Service
104182,Granite First Industries,Government,San Antonio,Texas,South,Education
104183,National Capital Hospitality Services,Retail Chain,Seattle,Washington,West,Manufacturing
104184,Lonestar Signature Group,Retail Chain,Albany,New York,Northeast,Food Service
104185,Westbrook Capital Corp.,Commercial,Denver,Colorado,West,Retail
104186,Riverside Metro Group,Industrial,Denver,Colorado,West,Logistics
104187,Liberty Regional Manufacturing,Institutional,Orlando,Florida,South,Retail
104188,Lakeside Elite Supply Co.,Institutional,Phoenix,Arizona,West,Retail
104189,Summitline National Group,Government,Newark,New Jersey,Northeast,Automotive
104190,Frontier Landmark Retail Partners,Commercial,Kansas City,Missouri,Midwest,Retail
104191,Anchor Elite Services,Industrial,Albany,New York,Northeast,Food Service
104192,Ironclad Metro Retail Partners,Industrial,Sacramento,California,West,Education
104193,Horizon Regional Partners,Retail Chain,Los Angeles,California,West,Healthcare
104194,Maple Harbor Enterprises,Commercial,Newark,New Jersey,Northeast,Education
104195,Sterling Summit Supply Co.,Institutional,Boston,Massachusetts,Northeast,Food Service
104196,Meridian United Facilities Group,Commercial,Kansas City,Missouri,Midwest,Construction
104197,Summit Signature Group,Industrial,Sacramento,California,West,Automotive
104198,Liberty Central Enterprises,Industrial,Dallas,Texas,South,Food Service
104199,Coastal Valley Systems,Institutional,Milwaukee,Wisconsin,Midwest,Healthcare
104200,Heritage Summit Systems,Government,Baltimore,Maryland,Northeast,Retail
104201,Bluepoint Prime Hospitality Services,Industrial,Boston,Massachusetts,Northeast,Retail
104202,Pinnacle Legacy Contractors,Retail Chain,Salt Lake City,Utah,West,Manufacturing
104203,Meridian Legacy Retail Partners,Commercial,Atlanta,Georgia,South,Automotive
104204,Sterling Summit Manufacturing,Industrial,Orlando,Florida,South,Education
104205,Redwood Valley Retail Partners,Retail Chain,Nashville,Tennessee,South,Automotive
104206,Coastal Capital Partners,Industrial,Pittsburgh,Pennsylvania,Northeast,Manufacturing
104207,Ironclad Prime Group,Industrial,Milwaukee,Wisconsin,Midwest,Manufacturing
104208,Vanguard Legacy Facilities Group,Government,Minneapolis,Minnesota,Midwest,Healthcare
104209,Riverside Harbor Group,Retail Chain,Los Angeles,California,West,Retail
104210,Riverside Regional Enterprises,Industrial,Cleveland,Ohio,Midwest,Automotive
104211,Summit Trusted Enterprises,Industrial,Indianapolis,Indiana,Midwest,Logistics
104212,Allied Elite Hospitality Services,Commercial,Columbus,Ohio,Midwest,Education
104213,Northwest Allied Corp.,Retail Chain,Philadelphia,Pennsylvania,Northeast,Food Service
104214,Summit Trusted Retail Partners,Government,Boston,Massachusetts,Northeast,Manufacturing
104215,Ironclad Landmark Partners,Retail Chain,Orlando,Florida,South,Food Service
104216,Anchor Valley Enterprises,Government,Detroit,Michigan,Midwest,Education
104217,Evergreen Landmark Services,Government,Los Angeles,California,West,Healthcare
104218,Fairmont Regional Facilities Group,Government,Dallas,Texas,South,Construction
104219,Fairmont Crossroads Contractors,Government,Nashville,Tennessee,South,Manufacturing
104220,Oakridge Metro Systems,Government,Sacramento,California,West,Automotive
104221,Granite Trusted Construction Group,Commercial,Tucson,Arizona,West,Construction
104222,Redwood Landmark Solutions,Retail Chain,Pittsburgh,Pennsylvania,Northeast,Manufacturing
104223,Riverside Valley Supply Co.,Institutional,Newark,New Jersey,Northeast,Hospitality
104224,Bluepoint Regional Construction Group,Government,Chicago,Illinois,Midwest,Logistics
104225,Trailhead Trusted Solutions,Industrial,Portland,Oregon,West,Hospitality
104226,Summitline Landmark Supply Co.,Government,Denver,Colorado,West,Logistics
104227,Bluepoint Group,Institutional,Milwaukee,Wisconsin,Midwest,Healthcare
104228,Oakridge Harbor Contractors,Government,Columbus,Ohio,Midwest,Education
104229,Liberty Capital Construction Group,Retail Chain,Indianapolis,Indiana,Midwest,Automotive
104230,Cascade Signature Industrial Systems,Commercial,Salt Lake City,Utah,West,Logistics
104231,Vanguard Crossroads Supply Co.,Institutional,Dallas,Texas,South,Construction
104232,Continental Crossroads Enterprises,Commercial,Orlando,Florida,South,Hospitality
104233,Ironclad Central Enterprises,Retail Chain,Chicago,Illinois,Midwest,Construction
104234,Northgate First Logistics,Commercial,Cleveland,Ohio,Midwest,Manufacturing
104235,Premier Central Retail Partners,Institutional,Phoenix,Arizona,West,Education
104236,Ironclad Legacy Contractors,Government,Portland,Oregon,West,Hospitality
104237,Northgate Valley Partners,Government,Detroit,Michigan,Midwest,Technology
104238,Crestview Valley Medical Supply,Institutional,Salt Lake City,Utah,West,Retail
104239,Heritage Allied Medical Supply,Commercial,Raleigh,North Carolina,South,Retail
104240,Silverline Elite Facilities Group,Government,Baltimore,Maryland,Northeast,Education
104241,Fairmont Elite Partners,Government,Atlanta,Georgia,South,Hospitality
104242,Continental Signature Holdings,Commercial,Chicago,Illinois,Midwest,Automotive
104243,Northgate Harbor Enterprises,Institutional,Raleigh,North Carolina,South,Hospitality
104244,Bluepoint United Group,Institutional,Baltimore,Maryland,Northeast,Education
104245,Summit Landmark Systems,Industrial,San Antonio,Texas,South,Education
104246,Westbrook Legacy Contractors,Government,Sacramento,California,West,Automotive
104247,Anchor Central Distribution,Commercial,Philadelphia,Pennsylvania,Northeast,Automotive
104248,Patriot Metro Services,Retail Chain,Phoenix,Arizona,West,Healthcare
104249,Summitline Harbor Contractors,Retail Chain,Sacramento,California,West,Logistics
104250,Evergreen Trusted Partners,Institutional,Phoenix,Arizona,West,Retail
104251,Silverline Valley Enterprises,Institutional,Milwaukee,Wisconsin,Midwest,Retail
104252,Coastal Reliable Manufacturing,Government,Portland,Oregon,West,Logistics
104253,Summit Metro Supply Co.,Retail Chain,Raleigh,North Carolina,South,Retail
104254,Anchor Metro Construction Group,Retail Chain,Philadelphia,Pennsylvania,Northeast,Education
104255,Silverline Regional Supply Co.,Commercial,Baltimore,Maryland,Northeast,Construction
104256,Maple Crossroads Holdings,Institutional,Los Angeles,California,West,Hospitality
104257,Allied Regional Corp.,Institutional,Albany,New York,Northeast,Technology
104258,Northgate Crossroads Logistics,Government,Nashville,Tennessee,South,Hospitality
104259,Anchor Landmark Supply Co.,Government,Boston,Massachusetts,Northeast,Education
104260,Pinnacle Legacy Logistics,Government,Seattle,Washington,West,Hospitality
104261,Apex Allied Enterprises,Institutional,Chicago,Illinois,Midwest,Technology
104262,Apex Capital Services,Retail Chain,Denver,Colorado,West,Education
104263,Liberty United Distribution,Retail Chain,Nashville,Tennessee,South,Automotive
104264,Anchor Reliable Industrial Systems,Retail Chain,Baltimore,Maryland,Northeast,Logistics
104265,Granite Contractors,Retail Chain,Tucson,Arizona,West,Automotive
104266,Summit Landmark Industrial Systems,Retail Chain,San Antonio,Texas,South,Logistics
104267,Horizon Harbor Group,Institutional,Denver,Colorado,West,Hospitality
104268,Sterling Crossroads Systems,Retail Chain,Nashville,Tennessee,South,Food Service
104269,Ironclad First Contractors,Institutional,Newark,New Jersey,Northeast,Construction
104270,Cascade Reliable Solutions,Retail Chain,Charlotte,North Carolina,South,Automotive
104271,Summit Summit Systems,Industrial,Sacramento,California,West,Technology
104272,Vanguard Trusted Supply Co.,Commercial,Dallas,Texas,South,Logistics
104273,Lakeside Trusted Supply Co.,Institutional,Detroit,Michigan,Midwest,Education
104274,Redwood Signature Systems,Institutional,Orlando,Florida,South,Healthcare
104275,Redwood Capital Systems,Commercial,Salt Lake City,Utah,West,Manufacturing
104276,Lakeside Signature Logistics,Government,Charlotte,North Carolina,South,Automotive
104277,Union Logistics,Retail Chain,San Antonio,Texas,South,Hospitality
104278,Vanguard Central Contractors,Industrial,Milwaukee,Wisconsin,Midwest,Hospitality
104279,Bluepoint Trusted Hospitality Services,Commercial,Kansas City,Missouri,Midwest,Construction
104280,Continental Legacy Supply Co.,Institutional,Tucson,Arizona,West,Automotive
104281,Cascade Metro Industrial Systems,Government,Milwaukee,Wisconsin,Midwest,Logistics
104282,Northwest Valley Retail Partners,Commercial,Atlanta,Georgia,South,Food Service
104283,Frontier United Services,Commercial,Orlando,Florida,South,Hospitality
104284,Lonestar Prime Partners,Commercial,Philadelphia,Pennsylvania,Northeast,Construction
104285,Riverside Prime Partners,Industrial,Los Angeles,California,West,Retail
104286,Bluepoint Reliable Logistics,Industrial,Kansas City,Missouri,Midwest,Education
104287,Bluepoint Crossroads Industrial Systems,Institutional,Portland,Oregon,West,Hospitality
104288,Granite Legacy Systems,Retail Chain,Baltimore,Maryland,Northeast,Retail
104289,Frontier Harbor Enterprises,Industrial,Dallas,Texas,South,Manufacturing
104290,Evergreen United Services,Industrial,Milwaukee,Wisconsin,Midwest,Construction
104291,Premier Legacy Supply Co.,Government,Dallas,Texas,South,Technology
104292,Premier Capital Contractors,Institutional,Minneapolis,Minnesota,Midwest,Automotive
104293,Anchor United Holdings,Institutional,Salt Lake City,Utah,West,Retail
104294,Union Elite Solutions,Retail Chain,Kansas City,Missouri,Midwest,Education
104295,Granite Reliable Industries,Institutional,Albany,New York,Northeast,Automotive
104296,Superior Valley Medical Supply,Industrial,Sacramento,California,West,Food Service
104297,Coastal Signature Systems,Retail Chain,Los Angeles,California,West,Food Service
104298,Allied Legacy Medical Supply,Government,Dallas,Texas,South,Manufacturing
104299,Northgate Trusted Corp.,Retail Chain,Sacramento,California,West,Technology
104300,Bluepoint Allied Hospitality Services,Government,Baltimore,Maryland,Northeast,Education
104301,Lakeside Central Industries,Industrial,Dallas,Texas,South,Manufacturing
104302,Apex National Services,Commercial,Sacramento,California,West,Automotive
104303,Redwood Elite Industrial Systems,Government,Detroit,Michigan,Midwest,Education
104304,Ironclad Signature Holdings,Retail Chain,Orlando,Florida,South,Retail
104305,Fairmont Crossroads Manufacturing,Institutional,Atlanta,Georgia,South,Retail
104306,Meridian Crossroads Medical Supply,Commercial,Salt Lake City,Utah,West,Manufacturing
104307,Maple Harbor Solutions,Industrial,Minneapolis,Minnesota,Midwest,Construction
104308,Lakeside Regional Services,Institutional,Los Angeles,California,West,Retail
104309,Summitline National Supply Co.,Commercial,Detroit,Michigan,Midwest,Education
104310,Apex Central Industrial Systems,Retail Chain,Phoenix,Arizona,West,Retail
104311,Meridian Elite Retail Partners,Institutional,Cleveland,Ohio,Midwest,Education
104312,Evergreen Regional Manufacturing,Government,Phoenix,Arizona,West,Automotive
104313,Pinnacle Allied Industrial Systems,Institutional,Atlanta,Georgia,South,Automotive
104314,Premier Allied Facilities Group,Commercial,Chicago,Illinois,Midwest,Logistics
104315,Keystone Legacy Facilities Group,Institutional,Raleigh,North Carolina,South,Logistics
104316,Evergreen Summit Facilities Group,Government,Seattle,Washington,West,Food Service
104317,Anchor Regional Systems,Commercial,Atlanta,Georgia,South,Food Service
104318,Redwood Summit Medical Supply,Government,Albany,New York,Northeast,Retail
104319,Union Regional Systems,Institutional,Houston,Texas,South,Retail
104320,Riverside Trusted Contractors,Government,Dallas,Texas,South,Hospitality
104321,Keystone Signature Solutions,Government,Columbus,Ohio,Midwest,Education
104322,Apex Crossroads Facilities Group,Industrial,Denver,Colorado,West,Hospitality
104323,Horizon Legacy Construction Group,Institutional,Houston,Texas,South,Hospitality
104324,Pinnacle Signature Hospitality Services,Retail Chain,San Antonio,Texas,South,Technology
104325,Cascade Metro Holdings,Institutional,Kansas City,Missouri,Midwest,Construction
104326,Redwood Legacy Supply Co.,Commercial,Kansas City,Missouri,Midwest,Construction
104327,Coastal Reliable Enterprises,Retail Chain,Philadelphia,Pennsylvania,Northeast,Manufacturing
104328,Premier Landmark Solutions,Institutional,Nashville,Tennessee,South,Logistics
104329,Northwest Summit Facilities Group,Government,Los Angeles,California,West,Construction
104330,Anchor Harbor Distribution,Government,Orlando,Florida,South,Healthcare
104331,Coastal Legacy Manufacturing,Institutional,Portland,Oregon,West,Manufacturing
104332,Northwest Crossroads Medical Supply,Commercial,Boston,Massachusetts,Northeast,Retail
104333,Heritage Elite Contractors,Industrial,San Antonio,Texas,South,Logistics
104334,Horizon Signature Corp.,Commercial,Minneapolis,Minnesota,Midwest,Hospitality
104335,Horizon United Medical Supply,Institutional,Detroit,Michigan,Midwest,Food Service
104336,Bluepoint Metro Distribution,Commercial,Raleigh,North Carolina,South,Education
104337,Patriot Legacy Medical Supply,Commercial,Minneapolis,Minnesota,Midwest,Manufacturing
104338,Patriot Prime Medical Supply,Government,Albany,New York,Northeast,Retail
104339,Maple Prime Partners,Industrial,Nashville,Tennessee,South,Retail
104340,Ironclad Prime Construction Group,Government,Boston,Massachusetts,Northeast,Construction
104341,Evergreen Elite Enterprises,Commercial,Dallas,Texas,South,Education
104342,Apex Prime Medical Supply,Retail Chain,Indianapolis,Indiana,Midwest,Technology
104343,Summitline Systems,Government,Kansas City,Missouri,Midwest,Healthcare
104344,Bluepoint Signature Supply Co.,Retail Chain,Philadelphia,Pennsylvania,Northeast,Logistics
104345,Liberty Metro Contractors,Retail Chain,Tucson,Arizona,West,Education
104346,Riverside Regional Contractors,Industrial,Nashville,Tennessee,South,Construction
104347,Premier Trusted Industrial Systems,Industrial,Kansas City,Missouri,Midwest,Hospitality
104348,Cascade Reliable Facilities Group,Commercial,Charlotte,North Carolina,South,Automotive
104349,Cascade United Supply Co.,Retail Chain,Denver,Colorado,West,Healthcare
104350,Sterling Landmark Logistics,Retail Chain,Detroit,Michigan,Midwest,Hospitality
104351,Liberty Regional Partners,Industrial,Phoenix,Arizona,West,Manufacturing
104352,Bluepoint Valley Services,Retail Chain,Pittsburgh,Pennsylvania,Northeast,Automotive
104353,Vanguard National Industrial Systems,Retail Chain,Boston,Massachusetts,Northeast,Healthcare
104354,Ironclad Prime Manufacturing,Institutional,Raleigh,North Carolina,South,Food Service
104355,Premier Legacy Construction Group,Retail Chain,Baltimore,Maryland,Northeast,Retail
104356,Redwood Elite Retail Partners,Government,Albany,New York,Northeast,Technology
104357,Lonestar Trusted Corp.,Government,Phoenix,Arizona,West,Construction
104358,Riverside National Contractors,Institutional,Columbus,Ohio,Midwest,Logistics
104359,Patriot Crossroads Solutions,Industrial,Tucson,Arizona,West,Logistics
104360,Pioneer First Distribution,Commercial,Sacramento,California,West,Automotive
104361,Maple Valley Construction Group,Institutional,Sacramento,California,West,Manufacturing
104362,Trailhead Landmark Logistics,Institutional,Cleveland,Ohio,Midwest,Education
104363,Patriot Metro Logistics,Government,Pittsburgh,Pennsylvania,Northeast,Construction
104364,Redwood Regional Manufacturing,Retail Chain,Detroit,Michigan,Midwest,Technology
104365,Granite Harbor Partners,Commercial,Seattle,Washington,West,Manufacturing
104366,Fairmont Central Contractors,Institutional,Chicago,Illinois,Midwest,Automotive
104367,Northwest First Solutions,Institutional,Los Angeles,California,West,Retail
104368,Bluepoint Holdings,Institutional,Minneapolis,Minnesota,Midwest,Manufacturing
104369,Frontier Summit Retail Partners,Government,Dallas,Texas,South,Education
104370,Silverline Systems,Institutional,Pittsburgh,Pennsylvania,Northeast,Automotive
104371,Horizon Prime Supply Co.,Industrial,Phoenix,Arizona,West,Manufacturing
104372,Fairmont Regional Construction Group,Commercial,Albany,New York,Northeast,Automotive
104373,Crestview Summit Systems,Institutional,Charlotte,North Carolina,South,Food Service
104374,Patriot Holdings,Retail Chain,Denver,Colorado,West,Hospitality
104375,Northgate Industrial Systems,Industrial,Portland,Oregon,West,Food Service
104376,Apex Summit Services,Government,Denver,Colorado,West,Technology
104377,Vanguard Central Manufacturing,Industrial,Philadelphia,Pennsylvania,Northeast,Food Service
104378,Lakeside Crossroads Enterprises,Government,Cleveland,Ohio,Midwest,Manufacturing
104379,Pioneer Metro Enterprises,Government,Denver,Colorado,West,Education
104380,Heritage Landmark Systems,Government,Salt Lake City,Utah,West,Manufacturing
104381,Cascade Trusted Industries,Government,Pittsburgh,Pennsylvania,Northeast,Construction
104382,Summit Signature Supply Co.,Commercial,Baltimore,Maryland,Northeast,Hospitality
104383,Silverline Metro Manufacturing,Commercial,Indianapolis,Indiana,Midwest,Education
104384,Northwest Valley Facilities Group,Government,Baltimore,Maryland,Northeast,Construction
104385,Riverside Summit Partners,Industrial,Orlando,Florida,South,Retail
104386,Westbrook United Contractors,Institutional,Indianapolis,Indiana,Midwest,Healthcare
104387,Frontier Legacy Partners,Institutional,Albany,New York,Northeast,Hospitality
104388,Sterling Elite Industries,Institutional,Minneapolis,Minnesota,Midwest,Retail
104389,Vanguard Crossroads Logistics,Commercial,Orlando,Florida,South,Logistics
104390,Maple Regional Contractors,Retail Chain,Charlotte,North Carolina,South,Manufacturing
104391,Evergreen Elite Distribution,Commercial,Newark,New Jersey,Northeast,Retail
104392,Meridian First Corp.,Government,Raleigh,North Carolina,South,Automotive
104393,Silverline National Enterprises,Commercial,Kansas City,Missouri,Midwest,Automotive
104394,Crestview Prime Logistics,Government,Detroit,Michigan,Midwest,Retail
104395,Crestview National Enterprises,Institutional,Indianapolis,Indiana,Midwest,Hospitality
104396,Pinnacle Crossroads Group,Commercial,San Antonio,Texas,South,Technology
104397,Patriot Regional Partners,Commercial,Boston,Massachusetts,Northeast,Hospitality
104398,Sterling Legacy Hospitality Services,Retail Chain,Kansas City,Missouri,Midwest,Automotive
104399,National Landmark Systems,Retail Chain,Albany,New York,Northeast,Retail
104400,Northwest Central Distribution,Commercial,Charlotte,North Carolina,South,Hospitality
104401,Meridian United Retail Partners,Industrial,Cleveland,Ohio,Midwest,Food Service
104402,Granite Signature Hospitality Services,Institutional,Salt Lake City,Utah,West,Logistics
104403,Union Enterprises,Institutional,Chicago,Illinois,Midwest,Healthcare
104404,Summit Holdings,Institutional,Seattle,Washington,West,Logistics
104405,Trailhead Harbor Construction Group,Retail Chain,Sacramento,California,West,Healthcare
104406,Northwest Legacy Industrial Systems,Government,Minneapolis,Minnesota,Midwest,Education
104407,Pioneer Prime Contractors,Commercial,Portland,Oregon,West,Technology
104408,Coastal Capital Logistics,Commercial,Portland,Oregon,West,Food Service
104409,Union Signature Logistics,Commercial,Charlotte,North Carolina,South,Automotive
104410,Redwood First Services,Commercial,Philadelphia,Pennsylvania,Northeast,Food Service
104411,Continental Industries,Retail Chain,Salt Lake City,Utah,West,Retail
104412,Trailhead Legacy Industries,Industrial,Tucson,Arizona,West,Food Service
104413,Riverside National Group,Retail Chain,Milwaukee,Wisconsin,Midwest,Manufacturing
104414,Liberty Signature Medical Supply,Industrial,Albany,New York,Northeast,Education
104415,Redwood Reliable Holdings,Industrial,Baltimore,Maryland,Northeast,Technology
104416,Patriot Allied Facilities Group,Government,Houston,Texas,South,Food Service
104417,Riverside Group,Commercial,San Antonio,Texas,South,Education
104418,Silverline Trusted Industrial Systems,Government,Pittsburgh,Pennsylvania,Northeast,Construction
104419,Allied Trusted Services,Retail Chain,Orlando,Florida,South,Manufacturing
104420,Cascade Capital Construction Group,Commercial,Kansas City,Missouri,Midwest,Food Service
104421,Horizon Capital Group,Commercial,Baltimore,Maryland,Northeast,Automotive
104422,Lonestar Landmark Facilities Group,Institutional,Los Angeles,California,West,Education
104423,Continental Landmark Construction Group,Government,Cleveland,Ohio,Midwest,Food Service
104424,Pioneer Central Facilities Group,Government,Detroit,Michigan,Midwest,Food Service
104425,Trailhead Legacy Distribution,Commercial,Houston,Texas,South,Healthcare
104426,Meridian Metro Medical Supply,Institutional,Salt Lake City,Utah,West,Manufacturing
104427,Redwood Harbor Enterprises,Institutional,Tucson,Arizona,West,Automotive
104428,Crestview First Retail Partners,Commercial,Pittsburgh,Pennsylvania,Northeast,Food Service
104429,Frontier First Manufacturing,Industrial,Cleveland,Ohio,Midwest,Education
104430,Vanguard Signature Enterprises,Industrial,Indianapolis,Indiana,Midwest,Education
104431,Silverline Metro Contractors,Institutional,Baltimore,Maryland,Northeast,Food Service
104432,Keystone National Enterprises,Institutional,Nashville,Tennessee,South,Construction
104433,Summitline Central Logistics,Commercial,Indianapolis,Indiana,Midwest,Hospitality
104434,Westbrook Valley Corp.,Government,Orlando,Florida,South,Hospitality
104435,Pioneer Central Hospitality Services,Institutional,Nashville,Tennessee,South,Healthcare
104436,Sterling Elite Construction Group,Institutional,Philadelphia,Pennsylvania,Northeast,Education
104437,Riverside Prime Distribution,Institutional,Dallas,Texas,South,Hospitality
104438,Summitline Industries,Retail Chain,Los Angeles,California,West,Hospitality
104439,Cascade Enterprises,Retail Chain,Minneapolis,Minnesota,Midwest,Hospitality
104440,Northgate Prime Distribution,Institutional,Phoenix,Arizona,West,Automotive
104441,Keystone Prime Distribution,Government,Boston,Massachusetts,Northeast,Hospitality
104442,Riverside Landmark Solutions,Industrial,Minneapolis,Minnesota,Midwest,Automotive
104443,Continental Allied Corp.,Retail Chain,Dallas,Texas,South,Healthcare
104444,Pinnacle United Systems,Government,Orlando,Florida,South,Manufacturing
104445,Summit Prime Hospitality Services,Government,Boston,Massachusetts,Northeast,Construction
104446,Liberty Central Industrial Systems,Industrial,Minneapolis,Minnesota,Midwest,Food Service
104447,Patriot Prime Industries,Industrial,Charlotte,North Carolina,South,Automotive
104448,Liberty Trusted Solutions,Industrial,Columbus,Ohio,Midwest,Technology
104449,Riverside Valley Industries,Retail Chain,Baltimore,Maryland,Northeast,Healthcare
104450,Pinnacle Reliable Contractors,Commercial,Atlanta,Georgia,South,Retail
104451,Oakridge Crossroads Supply Co.,Government,Nashville,Tennessee,South,Food Service
104452,Frontier Regional Holdings,Retail Chain,Charlotte,North Carolina,South,Construction
104453,Union Prime Systems,Government,Seattle,Washington,West,Manufacturing
104454,Northwest Legacy Construction Group,Commercial,Baltimore,Maryland,Northeast,Healthcare
104455,Pinnacle Prime Holdings,Retail Chain,Raleigh,North Carolina,South,Manufacturing
104456,Riverside Reliable Medical Supply,Institutional,Newark,New Jersey,Northeast,Manufacturing
104457,Evergreen Reliable Manufacturing,Institutional,Dallas,Texas,South,Construction
104458,Oakridge Prime Supply Co.,Institutional,Cleveland,Ohio,Midwest,Technology
104459,Keystone Harbor Holdings,Industrial,Tucson,Arizona,West,Manufacturing
104460,Coastal United Holdings,Industrial,Raleigh,North Carolina,South,Manufacturing
104461,Vanguard Summit Distribution,Institutional,Boston,Massachusetts,Northeast,Automotive
104462,Trailhead Signature Logistics,Retail Chain,Dallas,Texas,South,Retail
104463,Ironclad Allied Contractors,Government,Houston,Texas,South,Logistics
104464,Evergreen First Logistics,Government,Salt Lake City,Utah,West,Manufacturing
104465,Lonestar United Construction Group,Retail Chain,Chicago,Illinois,Midwest,Hospitality
104466,Union Allied Services,Government,Detroit,Michigan,Midwest,Retail
104467,Lonestar Prime Construction Group,Government,Raleigh,North Carolina,South,Retail
104468,Coastal Harbor Systems,Government,Salt Lake City,Utah,West,Construction
104469,Pinnacle National Manufacturing,Institutional,Denver,Colorado,West,Technology
104470,Lonestar Reliable Logistics,Institutional,Indianapolis,Indiana,Midwest,Food Service
104471,Keystone First Supply Co.,Institutional,Orlando,Florida,South,Education
104472,Continental Summit Industrial Systems,Government,Dallas,Texas,South,Construction
104473,Fairmont Crossroads Industrial Systems,Institutional,Sacramento,California,West,Healthcare
104474,Redwood Central Hospitality Services,Government,Houston,Texas,South,Retail
104475,Coastal Trusted Services,Government,Indianapolis,Indiana,Midwest,Hospitality
104476,National United Holdings,Retail Chain,Philadelphia,Pennsylvania,Northeast,Food Service
104477,Bluepoint Regional Systems,Industrial,Minneapolis,Minnesota,Midwest,Hospitality
104478,Anchor Legacy Corp.,Industrial,Nashville,Tennessee,South,Food Service
104479,Bluepoint Capital Hospitality Services,Commercial,Milwaukee,Wisconsin,Midwest,Logistics
104480,Superior Regional Partners,Institutional,Minneapolis,Minnesota,Midwest,Hospitality
104481,Vanguard Harbor Corp.,Industrial,Portland,Oregon,West,Automotive
104482,Granite Reliable Medical Supply,Government,Houston,Texas,South,Healthcare
104483,Silverline Metro Industries,Retail Chain,Columbus,Ohio,Midwest,Technology
104484,Lonestar Signature Corp.,Commercial,Nashville,Tennessee,South,Healthcare
104485,Liberty Harbor Partners,Commercial,Atlanta,Georgia,South,Technology
104486,Continental Reliable Medical Supply,Institutional,Philadelphia,Pennsylvania,Northeast,Hospitality
104487,Lonestar Legacy Hospitality Services,Industrial,Pittsburgh,Pennsylvania,Northeast,Retail
104488,Meridian Harbor Facilities Group,Commercial,Los Angeles,California,West,Education
104489,Heritage Manufacturing,Industrial,Detroit,Michigan,Midwest,Construction
104490,Fairmont Valley Corp.,Retail Chain,Chicago,Illinois,Midwest,Retail
104491,Union Metro Industries,Commercial,Denver,Colorado,West,Construction
104492,Union Harbor Hospitality Services,Institutional,Salt Lake City,Utah,West,Construction
104493,Frontier First Industries,Industrial,Milwaukee,Wisconsin,Midwest,Education
104494,Redwood Elite Systems,Government,Dallas,Texas,South,Manufacturing
104495,Summit Elite Corp.,Commercial,Philadelphia,Pennsylvania,Northeast,Logistics
104496,Northgate United Logistics,Retail Chain,Denver,Colorado,West,Logistics
104497,Horizon Allied Logistics,Retail Chain,Columbus,Ohio,Midwest,Technology
104498,Union Elite Manufacturing,Retail Chain,San Antonio,Texas,South,Automotive
104499,Redwood Signature Facilities Group,Retail Chain,Baltimore,Maryland,Northeast,Manufacturing
104500,Premier Summit Logistics,Institutional,Orlando,Florida,South,Automotive
104501,Ironclad Reliable Industries,Government,Newark,New Jersey,Northeast,Hospitality
104502,Sterling Landmark Industries,Government,Tucson,Arizona,West,Education
104503,Union Reliable Industries,Retail Chain,Denver,Colorado,West,Healthcare
104504,Lonestar Prime Hospitality Services,Institutional,Boston,Massachusetts,Northeast,Automotive
104505,Premier Summit Systems,Government,Tucson,Arizona,West,Education
104506,Coastal Landmark Hospitality Services,Government,Philadelphia,Pennsylvania,Northeast,Retail
104507,Meridian Capital Medical Supply,Retail Chain,Pittsburgh,Pennsylvania,Northeast,Automotive
104508,Coastal Harbor Enterprises,Retail Chain,Albany,New York,Northeast,Construction
104509,Northgate Elite Supply Co.,Commercial,Pittsburgh,Pennsylvania,Northeast,Healthcare
104510,Summit Metro Manufacturing,Commercial,Sacramento,California,West,Healthcare
104511,Liberty First Contractors,Institutional,Newark,New Jersey,Northeast,Automotive
104512,Silverline Metro Enterprises,Institutional,Seattle,Washington,West,Manufacturing
104513,Pioneer Prime Hospitality Services,Commercial,Orlando,Florida,South,Technology
104514,Coastal Capital Solutions,Industrial,Orlando,Florida,South,Healthcare
104515,Trailhead Landmark Partners,Industrial,Tucson,Arizona,West,Education
104516,Northgate Harbor Industrial Systems,Retail Chain,Denver,Colorado,West,Food Service
104517,Evergreen Capital Medical Supply,Government,Baltimore,Maryland,Northeast,Healthcare
104518,Meridian Valley Group,Industrial,Nashville,Tennessee,South,Manufacturing
104519,Fairmont Elite Services,Industrial,Orlando,Florida,South,Construction
104520,Crestview Harbor Facilities Group,Institutional,Pittsburgh,Pennsylvania,Northeast,Hospitality
104521,National Metro Partners,Government,Houston,Texas,South,Technology
104522,Northgate Reliable Industrial Systems,Government,Pittsburgh,Pennsylvania,Northeast,Retail
104523,Sterling Elite Contractors,Government,Portland,Oregon,West,Manufacturing
104524,Redwood Elite Enterprises,Commercial,Salt Lake City,Utah,West,Food Service
104525,Lonestar United Medical Supply,Commercial,Pittsburgh,Pennsylvania,Northeast,Manufacturing
104526,Summitline Prime Distribution,Retail Chain,Chicago,Illinois,Midwest,Technology
104527,Maple Valley Contractors,Commercial,Detroit,Michigan,Midwest,Automotive
104528,Apex Legacy Medical Supply,Government,Baltimore,Maryland,Northeast,Manufacturing
104529,Granite Valley Facilities Group,Commercial,Chicago,Illinois,Midwest,Manufacturing
104530,Oakridge Allied Supply Co.,Retail Chain,Boston,Massachusetts,Northeast,Logistics
104531,Trailhead Harbor Supply Co.,Retail Chain,Detroit,Michigan,Midwest,Technology
104532,Pioneer Elite Distribution,Retail Chain,Milwaukee,Wisconsin,Midwest,Education
104533,Evergreen Harbor Construction Group,Commercial,Boston,Massachusetts,Northeast,Logistics
104534,Union Retail Partners,Commercial,Seattle,Washington,West,Automotive
104535,Riverside Harbor Industrial Systems,Government,Phoenix,Arizona,West,Education
104536,Pinnacle Hospitality Services,Retail Chain,Cleveland,Ohio,Midwest,Technology
104537,Trailhead Central Retail Partners,Commercial,Cleveland,Ohio,Midwest,Technology
104538,Bluepoint Capital Industrial Systems,Institutional,Kansas City,Missouri,Midwest,Manufacturing
104539,Liberty First Medical Supply,Retail Chain,Pittsburgh,Pennsylvania,Northeast,Healthcare
104540,Pioneer Reliable Construction Group,Institutional,Tucson,Arizona,West,Logistics
104541,Lonestar Metro Construction Group,Commercial,Nashville,Tennessee,South,Manufacturing
104542,Oakridge Prime Hospitality Services,Institutional,Houston,Texas,South,Manufacturing
104543,Riverside Central Services,Government,Dallas,Texas,South,Automotive
104544,Anchor Regional Hospitality Services,Retail Chain,Phoenix,Arizona,West,Automotive
104545,Continental Trusted Holdings,Retail Chain,Detroit,Michigan,Midwest,Manufacturing
104546,Union National Distribution,Institutional,Orlando,Florida,South,Retail
104547,Heritage Systems,Institutional,Kansas City,Missouri,Midwest,Hospitality
104548,Summitline First Partners,Institutional,Kansas City,Missouri,Midwest,Food Service
104549,Horizon United Logistics,Government,Minneapolis,Minnesota,Midwest,Automotive
104550,Liberty Legacy Solutions,Retail Chain,Kansas City,Missouri,Midwest,Healthcare
104551,Horizon Elite Industries,Industrial,Denver,Colorado,West,Manufacturing
104552,Keystone First Partners,Commercial,Philadelphia,Pennsylvania,Northeast,Construction
104553,Meridian Capital Solutions,Industrial,Minneapolis,Minnesota,Midwest,Construction
104554,Fairmont National Solutions,Institutional,Minneapolis,Minnesota,Midwest,Construction
104555,Summit Valley Group,Institutional,Denver,Colorado,West,Healthcare
104556,Cascade Trusted Retail Partners,Commercial,Minneapolis,Minnesota,Midwest,Logistics
104557,Premier Valley Logistics,Commercial,Salt Lake City,Utah,West,Technology
104558,Pinnacle Reliable Retail Partners,Institutional,Nashville,Tennessee,South,Construction
104559,Cascade Central Corp.,Government,Atlanta,Georgia,South,Construction
104560,Lakeside Signature Retail Partners,Institutional,Houston,Texas,South,Manufacturing
104561,Redwood Trusted Holdings,Government,Detroit,Michigan,Midwest,Hospitality
104562,Horizon Trusted Construction Group,Government,San Antonio,Texas,South,Food Service
104563,Keystone National Hospitality Services,Industrial,Orlando,Florida,South,Automotive
104564,Summit Regional Corp.,Retail Chain,Portland,Oregon,West,Manufacturing
104565,Liberty Prime Medical Supply,Government,Albany,New York,Northeast,Hospitality
104566,Trailhead First Distribution,Institutional,Cleveland,Ohio,Midwest,Hospitality
104567,Apex Allied Contractors,Retail Chain,Albany,New York,Northeast,Manufacturing
104568,Anchor United Manufacturing,Institutional,Los Angeles,California,West,Education
104569,National First Enterprises,Retail Chain,Indianapolis,Indiana,Midwest,Healthcare
104570,Pinnacle Signature Medical Supply,Government,Minneapolis,Minnesota,Midwest,Automotive
104571,Superior Landmark Contractors,Industrial,Denver,Colorado,West,Hospitality
104572,Horizon Prime Hospitality Services,Government,Orlando,Florida,South,Automotive
104573,Heritage Crossroads Logistics,Government,Denver,Colorado,West,Construction
104574,Continental Trusted Construction Group,Commercial,Atlanta,Georgia,South,Healthcare
104575,Sterling Legacy Logistics,Institutional,Los Angeles,California,West,Healthcare
104576,Summitline United Systems,Retail Chain,Indianapolis,Indiana,Midwest,Manufacturing
104577,Fairmont Landmark Partners,Industrial,Newark,New Jersey,Northeast,Logistics
104578,Maple Trusted Supply Co.,Industrial,Los Angeles,California,West,Hospitality
104579,Patriot Valley Industrial Systems,Industrial,Atlanta,Georgia,South,Food Service
104580,Keystone Summit Systems,Institutional,Houston,Texas,South,Hospitality
104581,Maple Metro Hospitality Services,Institutional,Charlotte,North Carolina,South,Food Service
104582,Maple Crossroads Retail Partners,Industrial,Denver,Colorado,West,Education
104583,Apex Crossroads Industries,Industrial,San Antonio,Texas,South,Automotive
104584,Granite First Hospitality Services,Government,Minneapolis,Minnesota,Midwest,Healthcare
104585,Anchor United Retail Partners,Industrial,Los Angeles,California,West,Construction
104586,Riverside Summit Industrial Systems,Commercial,Kansas City,Missouri,Midwest,Education
104587,Sterling Capital Supply Co.,Commercial,Chicago,Illinois,Midwest,Logistics
104588,Northwest Harbor Systems,Institutional,Raleigh,North Carolina,South,Healthcare
104589,Lonestar Crossroads Industries,Industrial,Minneapolis,Minnesota,Midwest,Automotive
104590,Summitline Capital Manufacturing,Retail Chain,San Antonio,Texas,South,Healthcare
104591,Heritage Crossroads Services,Industrial,Baltimore,Maryland,Northeast,Logistics
104592,Liberty Construction Group,Government,Philadelphia,Pennsylvania,Northeast,Food Service
104593,Silverline United Contractors,Industrial,Columbus,Ohio,Midwest,Construction
104594,Lakeside Medical Supply,Industrial,Philadelphia,Pennsylvania,Northeast,Healthcare
104595,Summit Elite Logistics,Government,Cleveland,Ohio,Midwest,Construction
104596,Summitline Harbor Systems,Government,Tucson,Arizona,West,Logistics
104597,Heritage Landmark Contractors,Retail Chain,Charlotte,North Carolina,South,Construction
104598,Summitline Central Partners,Institutional,Milwaukee,Wisconsin,Midwest,Education
104599,Liberty Manufacturing,Government,Raleigh,North Carolina,South,Retail
104600,Vanguard Signature Group,Institutional,Tucson,Arizona,West,Food Service
104601,Vanguard National Distribution,Industrial,Pittsburgh,Pennsylvania,Northeast,Automotive
104602,Keystone Legacy Services,Government,Indianapolis,Indiana,Midwest,Retail
104603,Fairmont Allied Solutions,Industrial,Columbus,Ohio,Midwest,Healthcare
104604,Pinnacle Valley Facilities Group,Government,Salt Lake City,Utah,West,Healthcare
104605,Continental Reliable Solutions,Industrial,Phoenix,Arizona,West,Food Service
104606,Summitline Regional Medical Supply,Retail Chain,Kansas City,Missouri,Midwest,Manufacturing
104607,Superior Capital Corp.,Government,Los Angeles,California,West,Construction
104608,Northgate Regional Industries,Institutional,Charlotte,North Carolina,South,Healthcare
104609,Union Trusted Medical Supply,Industrial,Houston,Texas,South,Automotive
104610,Northgate Signature Manufacturing,Industrial,Newark,New Jersey,Northeast,Education
104611,Redwood Metro Retail Partners,Industrial,Detroit,Michigan,Midwest,Manufacturing
104612,Northgate Crossroads Corp.,Retail Chain,Boston,Massachusetts,Northeast,Healthcare
104613,Allied Legacy Holdings,Industrial,Atlanta,Georgia,South,Retail
104614,Premier Summit Group,Institutional,Portland,Oregon,West,Automotive
104615,Apex Reliable Group,Institutional,Albany,New York,Northeast,Food Service
104616,Summit Legacy Industries,Commercial,Atlanta,Georgia,South,Manufacturing
104617,Vanguard Trusted Logistics,Retail Chain,Indianapolis,Indiana,Midwest,Manufacturing
104618,Pinnacle Central Industries,Institutional,Chicago,Illinois,Midwest,Technology
104619,Heritage Landmark Holdings,Government,Los Angeles,California,West,Retail
104620,Silverline First Hospitality Services,Industrial,Cleveland,Ohio,Midwest,Healthcare
104621,Coastal Prime Systems,Retail Chain,Raleigh,North Carolina,South,Retail
104622,Sterling Landmark Medical Supply,Institutional,Indianapolis,Indiana,Midwest,Construction
104623,Redwood Signature Holdings,Institutional,Seattle,Washington,West,Hospitality
104624,Northwest Central Partners,Institutional,Nashville,Tennessee,South,Education
104625,Northgate Summit Industries,Government,Indianapolis,Indiana,Midwest,Healthcare
104626,Northwest Landmark Medical Supply,Institutional,Sacramento,California,West,Education
104627,Trailhead Valley Industrial Systems,Commercial,Orlando,Florida,South,Retail
104628,Meridian United Hospitality Services,Commercial,Columbus,Ohio,Midwest,Education
104629,Cascade Signature Services,Commercial,Sacramento,California,West,Hospitality
104630,Granite Allied Distribution,Government,Nashville,Tennessee,South,Food Service
104631,Frontier Landmark Medical Supply,Commercial,Raleigh,North Carolina,South,Food Service
104632,Allied Summit Industrial Systems,Retail Chain,Chicago,Illinois,Midwest,Retail
104633,Horizon Hospitality Services,Government,Houston,Texas,South,Healthcare
104634,Premier Elite Solutions,Institutional,Atlanta,Georgia,South,Automotive
104635,Apex Metro Partners,Industrial,Philadelphia,Pennsylvania,Northeast,Construction
104636,Summit Regional Medical Supply,Institutional,Minneapolis,Minnesota,Midwest,Healthcare
104637,Lakeside Summit Retail Partners,Industrial,Houston,Texas,South,Healthcare
104638,Patriot Capital Manufacturing,Industrial,Atlanta,Georgia,South,Education
104639,Vanguard Regional Manufacturing,Institutional,Raleigh,North Carolina,South,Food Service
104640,Allied Legacy Solutions,Industrial,Atlanta,Georgia,South,Logistics
104641,Trailhead Regional Systems,Retail Chain,Columbus,Ohio,Midwest,Healthcare
104642,Bluepoint Regional Supply Co.,Institutional,Dallas,Texas,South,Food Service
104643,Sterling Crossroads Retail Partners,Government,Charlotte,North Carolina,South,Manufacturing
104644,Oakridge Metro Industrial Systems,Industrial,Detroit,Michigan,Midwest,Technology
104645,Northwest National Holdings,Institutional,Cleveland,Ohio,Midwest,Hospitality
104646,Northwest Central Supply Co.,Commercial,Salt Lake City,Utah,West,Technology
104647,Meridian Metro Retail Partners,Industrial,Salt Lake City,Utah,West,Manufacturing
104648,Redwood Capital Partners,Industrial,Cleveland,Ohio,Midwest,Hospitality
104649,Westbrook Holdings,Industrial,Atlanta,Georgia,South,Technology
104650,Granite Summit Retail Partners,Commercial,Milwaukee,Wisconsin,Midwest,Retail
104651,Sterling Legacy Industries,Retail Chain,Philadelphia,Pennsylvania,Northeast,Hospitality
104652,Sterling Capital Corp.,Institutional,Phoenix,Arizona,West,Technology
104653,Summit Signature Manufacturing,Institutional,Chicago,Illinois,Midwest,Hospitality
104654,Oakridge Metro Distribution,Retail Chain,Salt Lake City,Utah,West,Education
104655,Riverside Harbor Industries,Commercial,Seattle,Washington,West,Hospitality
104656,Maple Legacy Manufacturing,Commercial,Cleveland,Ohio,Midwest,Retail
104657,Horizon Reliable Supply Co.,Government,Raleigh,North Carolina,South,Food Service
104658,Silverline Logistics,Commercial,Denver,Colorado,West,Construction
104659,Apex Trusted Solutions,Commercial,Baltimore,Maryland,Northeast,Automotive
104660,Coastal Metro Supply Co.,Retail Chain,Dallas,Texas,South,Technology
104661,Trailhead Legacy Systems,Government,Pittsburgh,Pennsylvania,Northeast,Manufacturing
104662,Oakridge Valley Hospitality Services,Retail Chain,Albany,New York,Northeast,Healthcare
104663,Heritage United Holdings,Institutional,Charlotte,North Carolina,South,Logistics
104664,Coastal Landmark Industrial Systems,Industrial,Chicago,Illinois,Midwest,Manufacturing
104665,Frontier Valley Systems,Commercial,Atlanta,Georgia,South,Retail
104666,Coastal Harbor Solutions,Government,San Antonio,Texas,South,Construction
104667,Cascade First Partners,Retail Chain,Tucson,Arizona,West,Hospitality
104668,Meridian Summit Medical Supply,Government,Raleigh,North Carolina,South,Technology
104669,Maple Reliable Supply Co.,Institutional,Chicago,Illinois,Midwest,Manufacturing
104670,Union Regional Corp.,Commercial,Albany,New York,Northeast,Logistics
104671,Lonestar Reliable Holdings,Industrial,Nashville,Tennessee,South,Technology
104672,Horizon Prime Distribution,Retail Chain,Sacramento,California,West,Healthcare
104673,Horizon Reliable Logistics,Commercial,Detroit,Michigan,Midwest,Manufacturing
104674,Summit Trusted Partners,Industrial,Portland,Oregon,West,Hospitality
104675,Redwood Summit Industries,Government,Phoenix,Arizona,West,Logistics
104676,Coastal Metro Construction Group,Retail Chain,Sacramento,California,West,Manufacturing
104677,Vanguard Allied Supply Co.,Government,Denver,Colorado,West,Technology
104678,Evergreen Valley Services,Industrial,Detroit,Michigan,Midwest,Healthcare
104679,Crestview Crossroads Medical Supply,Government,Nashville,Tennessee,South,Hospitality
104680,Lonestar Regional Group,Institutional,Los Angeles,California,West,Healthcare
104681,Allied Capital Logistics,Institutional,Charlotte,North Carolina,South,Logistics
104682,Ironclad Trusted Manufacturing,Institutional,San Antonio,Texas,South,Healthcare
104683,Riverside Reliable Supply Co.,Commercial,Detroit,Michigan,Midwest,Healthcare
104684,Anchor Legacy Contractors,Retail Chain,Cleveland,Ohio,Midwest,Logistics
104685,Trailhead Valley Group,Government,Cleveland,Ohio,Midwest,Logistics
104686,Keystone Allied Construction Group,Government,Kansas City,Missouri,Midwest,Technology
104687,Lakeside Regional Holdings,Institutional,Seattle,Washington,West,Automotive
104688,Union Reliable Supply Co.,Commercial,Minneapolis,Minnesota,Midwest,Automotive
104689,Premier Reliable Industries,Commercial,Detroit,Michigan,Midwest,Manufacturing
104690,Liberty United Supply Co.,Government,Pittsburgh,Pennsylvania,Northeast,Construction
104691,Granite Valley Industries,Industrial,Salt Lake City,Utah,West,Technology
104692,Union Summit Manufacturing,Industrial,Seattle,Washington,West,Food Service
104693,Keystone Prime Partners,Institutional,Phoenix,Arizona,West,Construction
104694,Liberty Reliable Construction Group,Government,San Antonio,Texas,South,Healthcare
104695,Keystone Regional Logistics,Retail Chain,Chicago,Illinois,Midwest,Education
104696,Apex Central Group,Commercial,Seattle,Washington,West,Retail
104697,Liberty Landmark Holdings,Commercial,Chicago,Illinois,Midwest,Logistics
104698,Trailhead First Solutions,Industrial,Milwaukee,Wisconsin,Midwest,Construction
104699,Apex Summit Systems,Commercial,Albany,New York,Northeast,Automotive
104700,Northwest Elite Corp.,Retail Chain,Philadelphia,Pennsylvania,Northeast,Hospitality
104701,Lonestar Harbor Facilities Group,Retail Chain,Chicago,Illinois,Midwest,Automotive
104702,Crestview Metro Retail Partners,Retail Chain,Portland,Oregon,West,Logistics
104703,Meridian First Group,Government,Pittsburgh,Pennsylvania,Northeast,Retail
104704,Coastal Prime Contractors,Government,Orlando,Florida,South,Automotive
104705,Meridian First Industrial Systems,Industrial,Los Angeles,California,West,Education
104706,Pioneer Regional Corp.,Institutional,Atlanta,Georgia,South,Manufacturing
104707,Pinnacle Summit Solutions,Government,San Antonio,Texas,South,Construction
104708,Lakeside Valley Retail Partners,Industrial,Newark,New Jersey,Northeast,Manufacturing
104709,Union Central Partners,Institutional,San Antonio,Texas,South,Education
104710,Northwest Prime Supply Co.,Commercial,Sacramento,California,West,Automotive
104711,Westbrook Metro Manufacturing,Government,Denver,Colorado,West,Healthcare
104712,Riverside Central Retail Partners,Government,Minneapolis,Minnesota,Midwest,Retail
104713,Granite Elite Group,Commercial,Dallas,Texas,South,Retail
104714,Bluepoint Capital Medical Supply,Government,Charlotte,North Carolina,South,Education
104715,Pinnacle United Hospitality Services,Commercial,Atlanta,Georgia,South,Hospitality
104716,Summitline Logistics,Retail Chain,Los Angeles,California,West,Food Service
104717,Cascade Harbor Facilities Group,Government,Cleveland,Ohio,Midwest,Technology
104718,Crestview Prime Services,Industrial,Albany,New York,Northeast,Construction
104719,Oakridge Metro Industries,Government,Kansas City,Missouri,Midwest,Automotive
104720,Oakridge Allied Solutions,Retail Chain,Seattle,Washington,West,Manufacturing
104721,Patriot Industries,Institutional,Albany,New York,Northeast,Hospitality
104722,Frontier Central Logistics,Commercial,Dallas,Texas,South,Hospitality
104723,Maple Landmark Systems,Commercial,Portland,Oregon,West,Logistics
104724,Riverside Crossroads Manufacturing,Institutional,Portland,Oregon,West,Manufacturing
104725,Lakeside Valley Industries,Institutional,Salt Lake City,Utah,West,Manufacturing
104726,Vanguard Legacy Group,Industrial,Portland,Oregon,West,Logistics
104727,Trailhead National Logistics,Retail Chain,Los Angeles,California,West,Manufacturing
104728,Pioneer Prime Medical Supply,Institutional,Los Angeles,California,West,Retail
104729,Liberty National Medical Supply,Retail Chain,Charlotte,North Carolina,South,Healthcare
104730,National United Logistics,Commercial,Portland,Oregon,West,Hospitality
104731,Apex Summit Retail Partners,Institutional,Chicago,Illinois,Midwest,Retail
104732,Continental Valley Hospitality Services,Commercial,Pittsburgh,Pennsylvania,Northeast,Logistics
104733,Pioneer First Group,Retail Chain,Indianapolis,Indiana,Midwest,Food Service
104734,Silverline First Industrial Systems,Retail Chain,Pittsburgh,Pennsylvania,Northeast,Food Service
104735,Frontier Metro Medical Supply,Government,Philadelphia,Pennsylvania,Northeast,Retail
104736,Vanguard Reliable Supply Co.,Institutional,Indianapolis,Indiana,Midwest,Food Service
104737,Northwest Central Industrial Systems,Industrial,Atlanta,Georgia,South,Logistics
104738,Lakeside First Contractors,Industrial,Dallas,Texas,South,Retail
104739,Crestview Signature Medical Supply,Retail Chain,Tucson,Arizona,West,Food Service
104740,Oakridge Elite Manufacturing,Institutional,Columbus,Ohio,Midwest,Education
104741,Superior Harbor Manufacturing,Industrial,Nashville,Tennessee,South,Logistics
104742,Liberty Valley Industries,Commercial,Atlanta,Georgia,South,Technology
104743,Granite Partners,Retail Chain,Atlanta,Georgia,South,Education
104744,Lakeside Landmark Industrial Systems,Institutional,Portland,Oregon,West,Retail
104745,Allied Elite Retail Partners,Institutional,Orlando,Florida,South,Technology
104746,Liberty Elite Hospitality Services,Retail Chain,Los Angeles,California,West,Automotive
104747,Granite Crossroads Partners,Industrial,Boston,Massachusetts,Northeast,Logistics
104748,Liberty Reliable Distribution,Industrial,Seattle,Washington,West,Manufacturing
104749,Premier Elite Holdings,Institutional,Cleveland,Ohio,Midwest,Logistics
104750,Evergreen Metro Enterprises,Industrial,Detroit,Michigan,Midwest,Retail
104751,Anchor Reliable Solutions,Commercial,Nashville,Tennessee,South,Construction
104752,Lakeside Valley Distribution,Commercial,Kansas City,Missouri,Midwest,Hospitality
104753,Summitline Harbor Hospitality Services,Industrial,Albany,New York,Northeast,Manufacturing
104754,Pioneer Landmark Contractors,Government,Columbus,Ohio,Midwest,Food Service
104755,Crestview Elite Industries,Retail Chain,Boston,Massachusetts,Northeast,Healthcare
104756,Sterling First Distribution,Retail Chain,Sacramento,California,West,Education
104757,Allied Capital Enterprises,Commercial,Pittsburgh,Pennsylvania,Northeast,Retail
104758,Westbrook Crossroads Holdings,Retail Chain,Atlanta,Georgia,South,Automotive
104759,Horizon Landmark Retail Partners,Retail Chain,Albany,New York,Northeast,Logistics
104760,Granite Central Systems,Government,Baltimore,Maryland,Northeast,Logistics
104761,Heritage National Facilities Group,Industrial,Philadelphia,Pennsylvania,Northeast,Technology
104762,Summitline First Systems,Retail Chain,Indianapolis,Indiana,Midwest,Food Service
104763,Continental Crossroads Distribution,Institutional,Indianapolis,Indiana,Midwest,Hospitality
104764,Heritage Summit Retail Partners,Commercial,Detroit,Michigan,Midwest,Food Service
104765,Pioneer Signature Services,Government,Newark,New Jersey,Northeast,Food Service
104766,Northgate Trusted Construction Group,Industrial,Newark,New Jersey,Northeast,Hospitality
104767,Fairmont Valley Manufacturing,Government,Denver,Colorado,West,Logistics
104768,Redwood First Distribution,Retail Chain,Phoenix,Arizona,West,Food Service
104769,Allied Allied Enterprises,Institutional,Sacramento,California,West,Food Service
104770,Lakeside Landmark Solutions,Commercial,San Antonio,Texas,South,Manufacturing
104771,Premier Capital Partners,Commercial,Newark,New Jersey,Northeast,Retail
104772,Summit Signature Holdings,Retail Chain,Charlotte,North Carolina,South,Hospitality
104773,Premier National Contractors,Institutional,Orlando,Florida,South,Manufacturing
104774,Northgate Signature Enterprises,Commercial,Boston,Massachusetts,Northeast,Manufacturing
104775,National Trusted Services,Commercial,Tucson,Arizona,West,Education
104776,Evergreen Capital Retail Partners,Institutional,Columbus,Ohio,Midwest,Hospitality
104777,Premier Regional Systems,Government,Sacramento,California,West,Automotive
104778,Vanguard Harbor Supply Co.,Commercial,Albany,New York,Northeast,Construction
104779,Maple Crossroads Enterprises,Government,Nashville,Tennessee,South,Food Service
104780,Meridian Legacy Distribution,Commercial,Kansas City,Missouri,Midwest,Manufacturing
104781,Apex First Enterprises,Commercial,Houston,Texas,South,Technology
104782,Summit Contractors,Retail Chain,Tucson,Arizona,West,Construction
104783,Lakeside Prime Enterprises,Commercial,Charlotte,North Carolina,South,Education
104784,Oakridge Legacy Manufacturing,Industrial,Sacramento,California,West,Hospitality
104785,Heritage National Medical Supply,Industrial,Newark,New Jersey,Northeast,Retail
104786,Allied Legacy Services,Retail Chain,Boston,Massachusetts,Northeast,Technology
104787,Horizon Crossroads Solutions,Commercial,Sacramento,California,West,Logistics
104788,Pioneer Landmark Facilities Group,Industrial,San Antonio,Texas,South,Logistics
104789,Crestview Allied Corp.,Institutional,Indianapolis,Indiana,Midwest,Logistics
104790,Oakridge Reliable Solutions,Commercial,Baltimore,Maryland,Northeast,Food Service
104791,Heritage Metro Services,Government,San Antonio,Texas,South,Food Service
104792,Northwest Landmark Holdings,Government,Phoenix,Arizona,West,Manufacturing
104793,Pinnacle Capital Retail Partners,Institutional,Newark,New Jersey,Northeast,Education
104794,Keystone Valley Hospitality Services,Retail Chain,Columbus,Ohio,Midwest,Construction
104795,Granite Reliable Services,Commercial,Orlando,Florida,South,Healthcare
104796,Superior Holdings,Industrial,Newark,New Jersey,Northeast,Construction
104797,Superior Elite Corp.,Commercial,Orlando,Florida,South,Manufacturing
104798,Vanguard First Enterprises,Retail Chain,Houston,Texas,South,Food Service
104799,Silverline First Retail Partners,Retail Chain,Dallas,Texas,South,Retail
104800,Maple National Hospitality Services,Commercial,Sacramento,California,West,Hospitality
104801,Granite Metro Solutions,Retail Chain,Nashville,Tennessee,South,Education
104802,Coastal Legacy Corp.,Institutional,Philadelphia,Pennsylvania,Northeast,Retail
104803,Northgate Trusted Systems,Retail Chain,Charlotte,North Carolina,South,Construction
104804,Cascade Reliable Distribution,Institutional,Chicago,Illinois,Midwest,Hospitality
104805,Horizon Summit Manufacturing,Industrial,Tucson,Arizona,West,Food Service
104806,Frontier Capital Industries,Retail Chain,Columbus,Ohio,Midwest,Automotive
104807,Northgate Legacy Systems,Institutional,Los Angeles,California,West,Food Service
104808,Heritage Prime Corp.,Retail Chain,Milwaukee,Wisconsin,Midwest,Automotive
104809,Liberty Systems,Retail Chain,Portland,Oregon,West,Retail
104810,Evergreen Reliable Holdings,Institutional,Phoenix,Arizona,West,Retail
104811,Bluepoint Trusted Corp.,Government,Dallas,Texas,South,Hospitality
104812,Trailhead Valley Facilities Group,Retail Chain,Denver,Colorado,West,Manufacturing
104813,Silverline Elite Supply Co.,Government,Newark,New Jersey,Northeast,Technology
104814,Westbrook United Group,Commercial,Detroit,Michigan,Midwest,Manufacturing
104815,Keystone Trusted Facilities Group,Industrial,Minneapolis,Minnesota,Midwest,Food Service
104816,Anchor First Construction Group,Government,Minneapolis,Minnesota,Midwest,Construction
104817,Granite Trusted Corp.,Government,Phoenix,Arizona,West,Logistics
104818,Granite Services,Industrial,Kansas City,Missouri,Midwest,Food Service
104819,Sterling Enterprises,Institutional,Detroit,Michigan,Midwest,Automotive
104820,Cascade Trusted Manufacturing,Government,Kansas City,Missouri,Midwest,Food Service
104821,Westbrook First Services,Retail Chain,Chicago,Illinois,Midwest,Technology
104822,Ironclad Logistics,Institutional,Milwaukee,Wisconsin,Midwest,Retail
104823,Vanguard Trusted Enterprises,Retail Chain,Houston,Texas,South,Automotive
104824,Crestview First Solutions,Industrial,Cleveland,Ohio,Midwest,Construction
104825,Oakridge Signature Industrial Systems,Retail Chain,Detroit,Michigan,Midwest,Education
104826,Sterling Legacy Retail Partners,Institutional,San Antonio,Texas,South,Logistics
104827,Patriot Capital Hospitality Services,Commercial,Seattle,Washington,West,Retail
104828,Pinnacle United Distribution,Institutional,Newark,New Jersey,Northeast,Food Service
104829,Horizon Trusted Solutions,Government,Houston,Texas,South,Hospitality
104830,Horizon Central Partners,Government,Pittsburgh,Pennsylvania,Northeast,Hospitality
104831,Silverline Metro Hospitality Services,Retail Chain,Pittsburgh,Pennsylvania,Northeast,Logistics
104832,Redwood Allied Group,Commercial,Pittsburgh,Pennsylvania,Northeast,Construction
104833,Liberty Allied Corp.,Government,Seattle,Washington,West,Food Service
104834,Patriot Allied Manufacturing,Commercial,Tucson,Arizona,West,Automotive
104835,Pinnacle Trusted Corp.,Commercial,Dallas,Texas,South,Construction
104836,Premier Trusted Logistics,Commercial,Charlotte,North Carolina,South,Technology
104837,Crestview United Manufacturing,Commercial,Los Angeles,California,West,Technology
104838,Fairmont Elite Industries,Government,Indianapolis,Indiana,Midwest,Healthcare
104839,Riverside Elite Industries,Commercial,Detroit,Michigan,Midwest,Healthcare
104840,Crestview Trusted Distribution,Commercial,Chicago,Illinois,Midwest,Food Service
104841,Horizon Valley Enterprises,Retail Chain,Minneapolis,Minnesota,Midwest,Logistics
104842,Pinnacle National Industrial Systems,Institutional,Albany,New York,Northeast,Technology
104843,Patriot National Holdings,Retail Chain,Atlanta,Georgia,South,Retail
104844,Pinnacle Allied Supply Co.,Industrial,Cleveland,Ohio,Midwest,Retail
104845,Bluepoint Crossroads Contractors,Commercial,Baltimore,Maryland,Northeast,Healthcare
104846,Sterling Regional Group,Retail Chain,Los Angeles,California,West,Education
104847,Riverside Allied Facilities Group,Commercial,Newark,New Jersey,Northeast,Construction
104848,Heritage Trusted Corp.,Institutional,Denver,Colorado,West,Automotive
104849,Crestview Metro Logistics,Government,Cleveland,Ohio,Midwest,Retail
104850,Horizon Summit Industrial Systems,Retail Chain,Boston,Massachusetts,Northeast,Healthcare
104851,Heritage First Medical Supply,Industrial,Cleveland,Ohio,Midwest,Food Service
104852,Trailhead Regional Facilities Group,Commercial,Orlando,Florida,South,Food Service
104853,Silverline Landmark Facilities Group,Government,Dallas,Texas,South,Technology
104854,Pinnacle Valley Supply Co.,Industrial,Atlanta,Georgia,South,Manufacturing
104855,Meridian Elite Services,Government,Columbus,Ohio,Midwest,Retail
104856,Sterling Hospitality Services,Institutional,Boston,Massachusetts,Northeast,Hospitality
104857,Crestview Legacy Retail Partners,Institutional,San Antonio,Texas,South,Hospitality
104858,Silverline Valley Group,Government,Chicago,Illinois,Midwest,Hospitality
104859,Meridian Allied Hospitality Services,Government,Milwaukee,Wisconsin,Midwest,Manufacturing
104860,National Capital Manufacturing,Commercial,Raleigh,North Carolina,South,Retail
104861,Meridian Valley Industrial Systems,Institutional,Baltimore,Maryland,Northeast,Healthcare
104862,Maple Summit Supply Co.,Government,Indianapolis,Indiana,Midwest,Logistics
104863,Coastal Trusted Supply Co.,Government,Houston,Texas,South,Education
104864,Sterling Landmark Retail Partners,Industrial,Orlando,Florida,South,Automotive
104865,Summit National Partners,Government,Salt Lake City,Utah,West,Construction
104866,Heritage Landmark Industries,Retail Chain,Philadelphia,Pennsylvania,Northeast,Food Service
104867,Liberty Elite Industrial Systems,Institutional,Sacramento,California,West,Manufacturing
104868,Heritage Allied Retail Partners,Retail Chain,Orlando,Florida,South,Food Service
104869,Superior Landmark Group,Government,Detroit,Michigan,Midwest,Automotive
104870,Bluepoint Signature Solutions,Commercial,San Antonio,Texas,South,Education
104871,Keystone Harbor Contractors,Government,Denver,Colorado,West,Logistics
104872,Apex Elite Logistics,Industrial,Tucson,Arizona,West,Education
104873,Patriot Metro Industries,Government,Minneapolis,Minnesota,Midwest,Food Service
104874,Keystone Elite Construction Group,Institutional,Sacramento,California,West,Food Service
104875,Silverline Regional Construction Group,Government,Nashville,Tennessee,South,Healthcare
104876,Horizon Regional Solutions,Institutional,Sacramento,California,West,Manufacturing
104877,Summit Reliable Solutions,Government,Cleveland,Ohio,Midwest,Food Service
104878,Westbrook Valley Systems,Institutional,Charlotte,North Carolina,South,Healthcare
104879,Anchor Valley Manufacturing,Retail Chain,Salt Lake City,Utah,West,Retail
104880,Continental Metro Systems,Institutional,Atlanta,Georgia,South,Automotive
104881,Cascade Medical Supply,Commercial,Denver,Colorado,West,Retail
104882,Coastal Legacy Industrial Systems,Commercial,Orlando,Florida,South,Logistics
104883,Horizon Trusted Distribution,Retail Chain,Albany,New York,Northeast,Construction
104884,Westbrook Valley Medical Supply,Retail Chain,Chicago,Illinois,Midwest,Automotive
104885,Lonestar Central Industrial Systems,Government,Minneapolis,Minnesota,Midwest,Logistics
104886,Silverline Crossroads Manufacturing,Industrial,Kansas City,Missouri,Midwest,Construction
104887,Apex Capital Manufacturing,Retail Chain,Atlanta,Georgia,South,Construction
104888,Sterling Signature Industrial Systems,Government,Atlanta,Georgia,South,Healthcare
104889,Northwest Reliable Construction Group,Retail Chain,Cleveland,Ohio,Midwest,Hospitality
104890,Northgate National Solutions,Government,Indianapolis,Indiana,Midwest,Retail
104891,Bluepoint Distribution,Industrial,Kansas City,Missouri,Midwest,Construction
104892,Coastal Legacy Distribution,Industrial,Charlotte,North Carolina,South,Hospitality
104893,Cascade First Construction Group,Commercial,Houston,Texas,South,Logistics
104894,Riverside Regional Services,Industrial,Pittsburgh,Pennsylvania,Northeast,Education
104895,Liberty Elite Group,Institutional,Albany,New York,Northeast,Healthcare
104896,Cascade Landmark Construction Group,Retail Chain,Dallas,Texas,South,Healthcare
104897,Northwest Landmark Hospitality Services,Commercial,Pittsburgh,Pennsylvania,Northeast,Education
104898,Lonestar Regional Solutions,Retail Chain,Los Angeles,California,West,Logistics
104899,Patriot Summit Supply Co.,Government,Minneapolis,Minnesota,Midwest,Education
104900,Summit Reliable Retail Partners,Industrial,Sacramento,California,West,Logistics
104901,Patriot Harbor Solutions,Industrial,Boston,Massachusetts,Northeast,Retail
104902,Fairmont Harbor Logistics,Government,Charlotte,North Carolina,South,Retail
104903,Horizon Corp.,Institutional,Cleveland,Ohio,Midwest,Healthcare
104904,Trailhead Construction Group,Commercial,Chicago,Illinois,Midwest,Healthcare
104905,Horizon Summit Services,Industrial,Philadelphia,Pennsylvania,Northeast,Automotive
104906,Bluepoint Prime Medical Supply,Industrial,Detroit,Michigan,Midwest,Food Service
104907,Keystone United Medical Supply,Retail Chain,Phoenix,Arizona,West,Healthcare
104908,Heritage Crossroads Industrial Systems,Retail Chain,Atlanta,Georgia,South,Healthcare
104909,Patriot Construction Group,Government,Sacramento,California,West,Food Service
104910,Maple Allied Industries,Government,Chicago,Illinois,Midwest,Hospitality
104911,Redwood Central Solutions,Retail Chain,Boston,Massachusetts,Northeast,Education
104912,Evergreen United Hospitality Services,Retail Chain,Columbus,Ohio,Midwest,Construction
104913,Trailhead Metro Contractors,Retail Chain,Albany,New York,Northeast,Retail
104914,Silverline Crossroads Medical Supply,Industrial,Boston,Massachusetts,Northeast,Logistics
104915,Lakeside Metro Manufacturing,Commercial,Minneapolis,Minnesota,Midwest,Logistics
104916,Pinnacle Landmark Industries,Retail Chain,Pittsburgh,Pennsylvania,Northeast,Hospitality
104917,Westbrook Harbor Retail Partners,Institutional,Philadelphia,Pennsylvania,Northeast,Hospitality
104918,Pioneer Summit Services,Industrial,Newark,New Jersey,Northeast,Technology
104919,Fairmont Allied Services,Retail Chain,Minneapolis,Minnesota,Midwest,Food Service
104920,Sterling First Partners,Commercial,Philadelphia,Pennsylvania,Northeast,Logistics
104921,Allied Supply Co.,Commercial,Indianapolis,Indiana,Midwest,Education
104922,Allied Trusted Solutions,Industrial,Baltimore,Maryland,Northeast,Healthcare
104923,Redwood Central Holdings,Retail Chain,Nashville,Tennessee,South,Healthcare
104924,Evergreen National Supply Co.,Institutional,Pittsburgh,Pennsylvania,Northeast,Technology
104925,Sterling Central Industries,Government,San Antonio,Texas,South,Construction
104926,Silverline Legacy Partners,Commercial,Salt Lake City,Utah,West,Logistics
104927,Fairmont National Contractors,Commercial,Houston,Texas,South,Retail
104928,Lonestar Regional Medical Supply,Institutional,Pittsburgh,Pennsylvania,Northeast,Retail
104929,Pioneer Valley Facilities Group,Institutional,Cleveland,Ohio,Midwest,Retail
104930,Liberty Prime Construction Group,Institutional,Indianapolis,Indiana,Midwest,Education
104931,Horizon Harbor Hospitality Services,Retail Chain,Indianapolis,Indiana,Midwest,Education
104932,Union Legacy Hospitality Services,Institutional,Sacramento,California,West,Education
104933,Granite Harbor Manufacturing,Retail Chain,Orlando,Florida,South,Hospitality
104934,Pioneer Trusted Distribution,Institutional,Houston,Texas,South,Retail
104935,Liberty Harbor Systems,Institutional,Chicago,Illinois,Midwest,Healthcare
104936,Keystone Reliable Hospitality Services,Industrial,Detroit,Michigan,Midwest,Food Service
104937,Union Signature Solutions,Retail Chain,Columbus,Ohio,Midwest,Education
104938,Keystone Allied Industries,Industrial,Phoenix,Arizona,West,Food Service
104939,Anchor Central Manufacturing,Commercial,Los Angeles,California,West,Automotive
104940,Riverside Elite Enterprises,Industrial,Indianapolis,Indiana,Midwest,Healthcare
104941,Oakridge Harbor Corp.,Institutional,Houston,Texas,South,Technology
104942,Pinnacle Metro Partners,Commercial,Denver,Colorado,West,Education
104943,Lakeside Crossroads Services,Industrial,Phoenix,Arizona,West,Technology
104944,Frontier United Holdings,Government,Boston,Massachusetts,Northeast,Education
104945,Fairmont Manufacturing,Commercial,Pittsburgh,Pennsylvania,Northeast,Technology
104946,Trailhead Landmark Industries,Commercial,Newark,New Jersey,Northeast,Retail
104947,Granite Landmark Hospitality Services,Retail Chain,Denver,Colorado,West,Logistics
104948,Coastal Regional Group,Industrial,San Antonio,Texas,South,Retail
104949,Vanguard Landmark Distribution,Government,Tucson,Arizona,West,Technology
104950,Cascade Landmark Solutions,Commercial,Raleigh,North Carolina,South,Retail
104951,Granite Crossroads Holdings,Retail Chain,Phoenix,Arizona,West,Logistics
104952,Ironclad Regional Holdings,Retail Chain,Salt Lake City,Utah,West,Retail
104953,Evergreen Reliable Industrial Systems,Institutional,Cleveland,Ohio,Midwest,Food Service
104954,Bluepoint Valley Group,Commercial,Albany,New York,Northeast,Construction
104955,Trailhead United Systems,Industrial,Atlanta,Georgia,South,Education
104956,Ironclad First Enterprises,Institutional,Houston,Texas,South,Technology
104957,Superior Capital Manufacturing,Institutional,Cleveland,Ohio,Midwest,Construction
104958,Bluepoint Elite Facilities Group,Institutional,Nashville,Tennessee,South,Hospitality
104959,Summit Capital Group,Industrial,Orlando,Florida,South,Healthcare
104960,Ironclad Valley Corp.,Retail Chain,Orlando,Florida,South,Technology
104961,Bluepoint Landmark Construction Group,Institutional,Columbus,Ohio,Midwest,Retail
104962,Pinnacle Elite Facilities Group,Industrial,Boston,Massachusetts,Northeast,Logistics
104963,Frontier Summit Services,Institutional,Columbus,Ohio,Midwest,Manufacturing
104964,Granite Allied Group,Retail Chain,Albany,New York,Northeast,Technology
104965,Vanguard Prime Contractors,Commercial,Dallas,Texas,South,Food Service
104966,Summit Landmark Hospitality Services,Institutional,Raleigh,North Carolina,South,Food Service
104967,Apex Central Manufacturing,Industrial,Boston,Massachusetts,Northeast,Education
104968,Union Landmark Group,Institutional,Houston,Texas,South,Education
104969,Riverside National Partners,Industrial,Baltimore,Maryland,Northeast,Healthcare
104970,National Capital Services,Retail Chain,Houston,Texas,South,Healthcare
104971,Maple Metro Facilities Group,Government,Atlanta,Georgia,South,Construction
104972,Frontier Reliable Construction Group,Commercial,Minneapolis,Minnesota,Midwest,Healthcare
104973,Silverline Elite Corp.,Industrial,Salt Lake City,Utah,West,Automotive
104974,Union Harbor Group,Industrial,Detroit,Michigan,Midwest,Technology
104975,Premier Reliable Solutions,Institutional,Charlotte,North Carolina,South,Automotive
104976,Coastal Landmark Facilities Group,Government,Orlando,Florida,South,Technology
104977,Maple Central Supply Co.,Institutional,Raleigh,North Carolina,South,Food Service
104978,Meridian Legacy Industries,Institutional,Cleveland,Ohio,Midwest,Construction
104979,Evergreen Prime Corp.,Government,Chicago,Illinois,Midwest,Technology
104980,Coastal Landmark Supply Co.,Commercial,Charlotte,North Carolina,South,Healthcare
104981,Pinnacle Reliable Medical Supply,Institutional,Los Angeles,California,West,Automotive
104982,Allied Regional Holdings,Retail Chain,Atlanta,Georgia,South,Education
104983,Anchor Metro Enterprises,Government,Raleigh,North Carolina,South,Food Service
104984,Lakeside National Group,Commercial,Orlando,Florida,South,Education
104985,Heritage Allied Facilities Group,Institutional,Boston,Massachusetts,Northeast,Hospitality
104986,Westbrook Landmark Facilities Group,Government,Milwaukee,Wisconsin,Midwest,Manufacturing
104987,Continental Regional Industrial Systems,Industrial,Detroit,Michigan,Midwest,Food Service
104988,Oakridge Signature Supply Co.,Institutional,Baltimore,Maryland,Northeast,Manufacturing
104989,Frontier Regional Manufacturing,Retail Chain,Philadelphia,Pennsylvania,Northeast,Manufacturing
104990,Continental National Systems,Industrial,Newark,New Jersey,Northeast,Technology
104991,Silverline Trusted Enterprises,Government,Philadelphia,Pennsylvania,Northeast,Logistics
104992,Apex Hospitality Services,Institutional,Boston,Massachusetts,Northeast,Construction
104993,Meridian United Solutions,Industrial,Raleigh,North Carolina,South,Hospitality
104994,Bluepoint Allied Corp.,Government,Pittsburgh,Pennsylvania,Northeast,Education
104995,Apex Regional Distribution,Government,Tucson,Arizona,West,Construction
104996,Silverline Elite Holdings,Government,Indianapolis,Indiana,Midwest,Logistics
104997,Coastal First Industrial Systems,Government,Cleveland,Ohio,Midwest,Food Service
104998,Coastal First Holdings,Retail Chain,Minneapolis,Minnesota,Midwest,Retail
104999,Superior Landmark Manufacturing,Commercial,Orlando,Florida,South,Manufacturing
