Product_ID,Product_Name,Category,Subcategory,Supplier_ID,Unit_Cost,Unit_Price
50000,Commercial-Grade Pallet Jack,Material Handling,Pallet Jack,3152,467.68,660.64
50001,Extra-Large Bubble Wrap Roll,Packaging,Bubble Wrap Roll,3115,613.69,833.09
50002,Standard Angle Grinder,Tools,Angle Grinder,3065,268.07,376.98
50003,Multi-Pack Circuit Breaker,Electrical,Circuit Breaker,3095,369.08,598.76
50004,Conveyor Roller - 1101 lb,Material Handling,Conveyor Roller,3192,302.82,479.26
50005,Industrial Hex Bolt Set,Fasteners,Hex Bolt Set,3123,433.02,574.78
50006,Heavy-Duty Hydraulic Jack,Tools,Hydraulic Jack,3206,649.05,997.62
50007,Reinforced Washer Assortment - 40 pc,Fasteners,Washer Assortment,3195,28.01,38.84
50008,Standard Packing Tape,Packaging,Packing Tape,3189,559.94,719.41
50009,Extra-Large Hard Hats - 3539 lb,Safety Equipment,Hard Hats,3184,292.07,419.13
50010,Reinforced Power Strip - S,Electrical,Power Strip,3020,642.13,818.64
50011,Premium Bubble Wrap Roll - 3721 lb,Packaging,Bubble Wrap Roll,3029,234.74,382.03
50012,Heavy-Duty Wire Connector Kit - 4958 lb,Electrical,Wire Connector Kit,3056,449.55,631.26
50013,Washer Assortment - S,Fasteners,Washer Assortment,3074,653.06,1065.85
50014,Commercial Extension Cord - XL,Electrical,Commercial Extension Cord,3058,112.86,171.13
50015,Premium Commercial Extension Cord - 253 lb,Electrical,Commercial Extension Cord,3147,783.26,1316.7
50016,Premium Washer Assortment - 1043 lb,Fasteners,Washer Assortment,3205,21.16,29.89
50017,Heavy-Duty Trash Receptacle - 2093 lb,Cleaning & Facility,Trash Receptacle,3101,501.98,758.98
50018,Standard Poly Mailer,Packaging,Poly Mailer,3130,435.62,569.36
50019,Standard Hydraulic Jack - L,Tools,Hydraulic Jack,3050,203.5,269.28
50020,Commercial-Grade Conveyor Roller - 5244 lb,Material Handling,Conveyor Roller,3148,396.24,606.99
50021,Reinforced Microfiber Cloth Pack - L,Cleaning & Facility,Microfiber Cloth Pack,3161,375.76,557.8
50022,Industrial Strapping Kit,Packaging,Strapping Kit,3014,266.26,392.99
50023,Heavy-Duty LED Work Light,Electrical,LED Work Light,3244,328.96,506.65
50024,Reinforced Fall Protection Harness - 5056 lb,Safety Equipment,Fall Protection Harness,3115,427.91,739.8
50025,Standard Modular Drawer System - S,Storage,Modular Drawer System,3112,36.63,58.75
50026,Standard Utility Cart - 26 pc,Material Handling,Utility Cart,3161,578.19,737.88
50027,Standard Commercial Extension Cord - 37 pc,Electrical,Commercial Extension Cord,3246,216.81,363.33
50028,Heavy-Duty Utility Cart - 2641 lb,Material Handling,Utility Cart,3021,112.66,180.75
50029,Premium Shipping Label Printer,Packaging,Shipping Label Printer,3092,550.36,804.46
50030,Industrial Respirator Masks - 2899 lb,Safety Equipment,Respirator Masks,3039,166.03,290.55
50031,Heavy-Duty Stackable Tote,Storage,Stackable Tote,3041,114.43,164.59
50032,Reinforced Drum Handler,Material Handling,Drum Handler,3060,351.29,557.91
50033,Industrial Microfiber Cloth Pack - XL,Cleaning & Facility,Microfiber Cloth Pack,3120,265.46,439.15
50034,Reinforced Torque Wrench Set - 2408 lb,Tools,Torque Wrench Set,3041,429.21,626.36
50035,Reinforced Hydraulic Jack - 527 lb,Tools,Hydraulic Jack,3026,743.44,1135.43
50036,Heavy-Duty Stackable Tote,Storage,Stackable Tote,3242,128.23,188.34
50037,Multi-Pack Hydraulic Jack,Tools,Hydraulic Jack,3098,339.1,487.28
50038,Compact Stackable Tote - 22 pc,Storage,Stackable Tote,3073,673.4,888.08
50039,Multi-Pack Floor Scrubber Pads,Cleaning & Facility,Floor Scrubber Pads,3038,19.59,26.6
50040,Industrial Hex Bolt Set,Fasteners,Hex Bolt Set,3159,205.34,322.28
50041,Heavy-Duty Industrial Mop,Cleaning & Facility,Industrial Mop,3183,538.45,827.88
50042,Premium Utility Cart - S,Material Handling,Utility Cart,3171,486.57,653.78
50043,Standard Storage Cabinet,Storage,Storage Cabinet,3005,669.2,1006.35
50044,Rivet Kit,Fasteners,Rivet Kit,3061,305.78,392.55
50045,Reinforced Modular Drawer System - 10 pc,Storage,Modular Drawer System,3044,465.7,771.55
50046,Commercial-Grade Degreaser Concentrate,Cleaning & Facility,Degreaser Concentrate,3051,251.9,320.39
50047,Industrial Respirator Masks - 36 pc,Safety Equipment,Respirator Masks,3073,34.5,54.28
50048,Standard Commercial Extension Cord - 3114 lb,Electrical,Commercial Extension Cord,3229,756.45,1226.7
50049,Commercial-Grade Self-Tapping Screws - 46 pc,Fasteners,Self-Tapping Screws,3205,785.93,1186.47
50050,Premium Bulk Storage Container - S,Storage,Bulk Storage Container,3020,465.24,656.27
50051,Industrial Cable Management Tray - 5036 lb,Electrical,Cable Management Tray,3114,144.56,212.79
50052,Reinforced Respirator Masks,Safety Equipment,Respirator Masks,3093,67.02,105.14
50053,Commercial-Grade Pallet Jack,Material Handling,Pallet Jack,3092,203.27,319.66
50054,Washer Assortment - 45 pc,Fasteners,Washer Assortment,3146,318.41,519.5
50055,Standard Conveyor Roller - 22 pc,Material Handling,Conveyor Roller,3188,214.8,280.68
50056,Extra-Large Forklift Attachment - 37 pc,Material Handling,Forklift Attachment,3054,659.51,1056.55
50057,Multi-Pack Poly Mailer,Packaging,Poly Mailer,3113,386.15,656.2
50058,Standard Modular Drawer System,Storage,Modular Drawer System,3217,462.45,784.16
50059,Commercial-Grade Dock Plate,Material Handling,Dock Plate,3060,837.41,1378.4
50060,Standard Industrial Mop - L,Cleaning & Facility,Industrial Mop,3079,521.51,674.37
50061,Extra-Large Rivet Kit,Fasteners,Rivet Kit,3018,109.59,154.36
50062,Extra-Large Degreaser Concentrate,Cleaning & Facility,Degreaser Concentrate,3110,157.53,273.02
50063,Extra-Large Hard Hats - M,Safety Equipment,Hard Hats,3088,276.63,443.9
50064,Heavy-Duty Strapping Kit,Packaging,Strapping Kit,3157,235.82,368.47
50065,Commercial-Grade Storage Cabinet,Storage,Storage Cabinet,3215,613.52,952.53
50066,Heavy-Duty Safety Vests - 43 pc,Safety Equipment,Safety Vests,3106,554.68,906.06
50067,Extra-Large Fall Protection Harness - 2574 lb,Safety Equipment,Fall Protection Harness,3103,210.79,348.58
50068,Heavy-Duty Bubble Wrap Roll - 3701 lb,Packaging,Bubble Wrap Roll,3155,413.42,558.95
50069,Standard Utility Cart - 27 pc,Material Handling,Utility Cart,3061,439.43,572.62
50070,Industrial Industrial Mop,Cleaning & Facility,Industrial Mop,3221,46.34,79.83
50071,Commercial-Grade Anchor Bolt Kit - L,Fasteners,Anchor Bolt Kit,3131,649.48,973.66
50072,Industrial Degreaser Concentrate - 837 lb,Cleaning & Facility,Degreaser Concentrate,3055,431.36,747.69
50073,Commercial Extension Cord - 4994 lb,Electrical,Commercial Extension Cord,3027,245.39,307.74
50074,Industrial Anchor Bolt Kit - 50 pc,Fasteners,Anchor Bolt Kit,3143,41.8,53.32
50075,Extra-Large Torque Wrench Set,Tools,Torque Wrench Set,3211,384.72,586.67
50076,Heavy-Duty Steel Shelving Unit,Storage,Steel Shelving Unit,3050,798.32,1299.25
50077,Washer Assortment - 4 pc,Fasteners,Washer Assortment,3038,684.06,1032.7
50078,Reinforced Utility Cart,Material Handling,Utility Cart,3086,629.33,880.82
50079,Industrial Microfiber Cloth Pack - 3 pc,Cleaning & Facility,Microfiber Cloth Pack,3149,573.88,998.52
50080,Strapping Kit,Packaging,Strapping Kit,3149,492.47,793.22
50081,Extra-Large Floor Scrubber Pads,Cleaning & Facility,Floor Scrubber Pads,3048,488.18,781.22
50082,Standard Fall Protection Harness - XL,Safety Equipment,Fall Protection Harness,3235,350.88,574.56
50083,Commercial-Grade Industrial Mop - 2762 lb,Cleaning & Facility,Industrial Mop,3044,448.32,630.73
50084,Standard Microfiber Cloth Pack - 45 pc,Cleaning & Facility,Microfiber Cloth Pack,3063,519.93,699.89
50085,Industrial Shipping Label Printer - M,Packaging,Shipping Label Printer,3122,587.79,878.45
50086,Industrial Power Strip,Electrical,Power Strip,3209,324.91,565.37
50087,Industrial Circuit Breaker - 20 pc,Electrical,Circuit Breaker,3191,785.67,1239.78
50088,Compact Floor Scrubber Pads - L,Cleaning & Facility,Floor Scrubber Pads,3061,95.96,155.5
50089,Extra-Large Cordless Drill,Tools,Cordless Drill,3120,88.32,124.99
50090,Commercial-Grade Bulk Storage Container - 1393 lb,Storage,Bulk Storage Container,3121,556.17,940.11
50091,Industrial Floor Scrubber Pads,Cleaning & Facility,Floor Scrubber Pads,3146,772.07,999.62
50092,Tool Chest,Tools,Tool Chest,3126,847.61,1227.76
50093,Industrial Dock Plate,Material Handling,Dock Plate,3085,513.76,880.7
50094,Extra-Large Bubble Wrap Roll - 4230 lb,Packaging,Bubble Wrap Roll,3084,234.46,387.89
50095,Multi-Pack Dock Plate,Material Handling,Dock Plate,3145,627.05,1031.74
50096,Reinforced Impact Wrench - 29 pc,Tools,Impact Wrench,3047,76.92,121.89
50097,Standard Forklift Attachment - 2236 lb,Material Handling,Forklift Attachment,3244,202.87,330.04
50098,Reinforced LED Work Light - 18 pc,Electrical,LED Work Light,3030,589.93,755.74
50099,Commercial-Grade Trash Receptacle - 45 pc,Cleaning & Facility,Trash Receptacle,3240,587.83,922.51
50100,Reinforced Packing Tape - 1194 lb,Packaging,Packing Tape,3155,133.17,216.25
50101,Extra-Large Wire Connector Kit - XL,Electrical,Wire Connector Kit,3152,648.41,1031.08
50102,Multi-Pack Storage Cabinet,Storage,Storage Cabinet,3129,55.78,85.0
50103,Extra-Large Tool Chest,Tools,Tool Chest,3183,377.52,600.31
50104,Extra-Large Industrial Mop - XL,Cleaning & Facility,Industrial Mop,3014,437.96,647.48
50105,Trash Receptacle - XL,Cleaning & Facility,Trash Receptacle,3088,493.04,627.46
50106,Storage Cabinet - 32 pc,Storage,Storage Cabinet,3196,349.61,571.43
50107,Premium Self-Tapping Screws,Fasteners,Self-Tapping Screws,3138,581.43,919.18
50108,Standard Dock Plate - 4501 lb,Material Handling,Dock Plate,3057,451.17,728.16
50109,Industrial Safety Vests - 4560 lb,Safety Equipment,Safety Vests,3063,453.78,754.04
50110,Commercial-Grade Trash Receptacle,Cleaning & Facility,Trash Receptacle,3196,688.72,1005.27
50111,Compact Safety Goggles,Safety Equipment,Safety Goggles,3223,381.41,604.92
50112,Safety Goggles,Safety Equipment,Safety Goggles,3014,187.42,315.22
50113,Industrial Conveyor Roller - 48 pc,Material Handling,Conveyor Roller,3209,492.33,805.58
50114,Industrial Circuit Breaker - M,Electrical,Circuit Breaker,3142,353.58,490.62
50115,Premium Dock Plate - 2921 lb,Material Handling,Dock Plate,3106,668.68,942.42
50116,Industrial Anchor Bolt Kit - 4506 lb,Fasteners,Anchor Bolt Kit,3219,207.48,282.73
50117,Multi-Pack Drum Handler - 3480 lb,Material Handling,Drum Handler,3062,475.24,625.91
50118,Standard Stretch Wrap Roll,Packaging,Stretch Wrap Roll,3013,456.92,760.64
50119,Reinforced Bubble Wrap Roll,Packaging,Bubble Wrap Roll,3122,616.62,943.07
50120,Standard Hydraulic Jack - L,Tools,Hydraulic Jack,3193,817.9,1070.35
50121,Reinforced Floor Scrubber Pads,Cleaning & Facility,Floor Scrubber Pads,3119,275.75,383.71
50122,Industrial LED Work Light - 4173 lb,Electrical,LED Work Light,3120,86.97,151.39
50123,Standard Circuit Breaker,Electrical,Circuit Breaker,3004,734.95,1191.08
50124,Reinforced Shipping Label Printer - XL,Packaging,Shipping Label Printer,3213,282.73,407.11
50125,Extra-Large Angle Grinder - 4102 lb,Tools,Angle Grinder,3090,393.59,636.19
50126,Extra-Large Hand Truck,Material Handling,Hand Truck,3019,447.02,746.32
50127,Premium Safety Vests,Safety Equipment,Safety Vests,3129,602.12,755.4
50128,Trash Receptacle,Cleaning & Facility,Trash Receptacle,3003,9.1,13.88
50129,Extra-Large Ear Protection - 4214 lb,Safety Equipment,Ear Protection,3027,685.92,1169.42
50130,Commercial-Grade Storage Cabinet,Storage,Storage Cabinet,3203,217.17,309.95
50131,Standard Hex Bolt Set - XL,Fasteners,Hex Bolt Set,3175,841.73,1147.22
50132,Bulk Storage Container - 3206 lb,Storage,Bulk Storage Container,3002,471.36,602.43
50133,Multi-Pack Pallet Jack,Material Handling,Pallet Jack,3229,830.81,1443.05
50134,Compact Safety Goggles,Safety Equipment,Safety Goggles,3139,582.87,810.3
50135,Standard Protective Gloves - S,Safety Equipment,Protective Gloves,3101,640.28,1028.52
50136,Commercial-Grade Stackable Tote,Storage,Stackable Tote,3035,284.31,462.8
50137,Standard Storage Cabinet - S,Storage,Storage Cabinet,3196,713.44,1013.3
50138,Self-Tapping Screws - L,Fasteners,Self-Tapping Screws,3110,304.69,524.24
50139,Reinforced Dock Plate - 7 pc,Material Handling,Dock Plate,3021,679.05,1090.93
50140,Premium Stretch Wrap Roll - 49 pc,Packaging,Stretch Wrap Roll,3241,308.83,400.17
50141,Standard Bubble Wrap Roll,Packaging,Bubble Wrap Roll,3142,162.13,239.05
50142,Hex Bolt Set,Fasteners,Hex Bolt Set,3221,508.8,835.56
50143,Industrial Hex Bolt Set,Fasteners,Hex Bolt Set,3146,769.76,1338.68
50144,Premium Dock Plate - 10 pc,Material Handling,Dock Plate,3042,230.71,305.22
50145,Premium Self-Tapping Screws - 32 pc,Fasteners,Self-Tapping Screws,3160,216.56,297.4
50146,Reinforced Microfiber Cloth Pack - M,Cleaning & Facility,Microfiber Cloth Pack,3085,261.39,450.74
50147,Multi-Pack Self-Tapping Screws,Fasteners,Self-Tapping Screws,3242,118.73,167.45
50148,Standard Angle Grinder - 27 pc,Tools,Angle Grinder,3247,625.57,979.92
50149,Premium Torque Wrench Set,Tools,Torque Wrench Set,3139,792.49,1069.78
50150,Extra-Large Dock Plate - S,Material Handling,Dock Plate,3177,374.65,522.89
50151,Premium Modular Drawer System - 10 pc,Storage,Modular Drawer System,3183,208.37,329.09
50152,Heavy-Duty Rivet Kit,Fasteners,Rivet Kit,3235,342.78,515.3
50153,Washer Assortment,Fasteners,Washer Assortment,3196,543.72,702.75
50154,Standard Socket Set,Tools,Socket Set,3165,480.27,755.23
50155,Premium Self-Tapping Screws - 2 pc,Fasteners,Self-Tapping Screws,3142,191.42,310.76
50156,Standard Angle Grinder,Tools,Angle Grinder,3123,131.11,229.29
50157,Premium Stackable Tote - 9 pc,Storage,Stackable Tote,3052,267.52,395.31
50158,Multi-Pack Trash Receptacle - 30 pc,Cleaning & Facility,Trash Receptacle,3181,60.36,76.8
50159,Standard Storage Bin - S,Storage,Storage Bin,3084,440.29,671.86
50160,Compact Rivet Kit - XL,Fasteners,Rivet Kit,3007,545.67,799.99
50161,Reinforced Angle Grinder - XL,Tools,Angle Grinder,3207,177.7,288.97
50162,Heavy-Duty Storage Cabinet - M,Storage,Storage Cabinet,3220,390.82,539.79
50163,Standard Microfiber Cloth Pack,Cleaning & Facility,Microfiber Cloth Pack,3117,100.2,142.88
50164,Industrial Drum Handler - 45 pc,Material Handling,Drum Handler,3046,103.27,144.86
50165,Commercial-Grade Cable Management Tray - XL,Electrical,Cable Management Tray,3124,490.07,716.25
50166,Commercial-Grade Conveyor Roller - XL,Material Handling,Conveyor Roller,3013,269.79,398.08
50167,Multi-Pack Commercial Extension Cord,Electrical,Commercial Extension Cord,3175,431.35,645.94
50168,Multi-Pack Degreaser Concentrate,Cleaning & Facility,Degreaser Concentrate,3074,29.62,48.3
50169,Compact Ear Protection,Safety Equipment,Ear Protection,3140,632.04,1032.1
50170,Heavy-Duty Storage Cabinet,Storage,Storage Cabinet,3184,699.84,889.36
50171,Compact Microfiber Cloth Pack - XL,Cleaning & Facility,Microfiber Cloth Pack,3115,255.51,447.05
50172,Heavy-Duty Packing Tape - XL,Packaging,Packing Tape,3089,689.76,1064.96
50173,Reinforced Anchor Bolt Kit,Fasteners,Anchor Bolt Kit,3152,486.07,736.95
50174,Industrial Utility Cart,Material Handling,Utility Cart,3024,837.72,1331.68
50175,Premium Drum Handler - S,Material Handling,Drum Handler,3037,597.26,786.2
50176,Premium Circuit Breaker - 11 pc,Electrical,Circuit Breaker,3019,534.94,769.02
50177,Extra-Large Wire Shelving - 3123 lb,Storage,Wire Shelving,3000,807.89,1142.07
50178,Multi-Pack Bulk Storage Container - 4478 lb,Storage,Bulk Storage Container,3054,187.89,275.23
50179,Standard Trash Receptacle,Cleaning & Facility,Trash Receptacle,3201,114.05,191.17
50180,Cable Management Tray - 5229 lb,Electrical,Cable Management Tray,3040,17.28,29.63
50181,Degreaser Concentrate - 14 pc,Cleaning & Facility,Degreaser Concentrate,3070,138.07,236.98
50182,Standard Bulk Storage Container - L,Storage,Bulk Storage Container,3185,47.34,73.98
50183,Heavy-Duty Angle Grinder - 1848 lb,Tools,Angle Grinder,3132,69.48,107.47
50184,Industrial Mop - L,Cleaning & Facility,Industrial Mop,3022,407.87,556.53
50185,Standard Storage Bin - 1223 lb,Storage,Storage Bin,3034,658.23,1070.66
50186,Extra-Large Pallet Jack - S,Material Handling,Pallet Jack,3160,376.04,605.88
50187,Reinforced Forklift Attachment,Material Handling,Forklift Attachment,3186,122.02,160.04
50188,Premium Self-Tapping Screws - 10 pc,Fasteners,Self-Tapping Screws,3153,549.17,754.61
50189,Strapping Kit,Packaging,Strapping Kit,3075,434.81,706.1
50190,Multi-Pack Safety Goggles - 2074 lb,Safety Equipment,Safety Goggles,3227,543.64,698.85
50191,Standard Respirator Masks - 4756 lb,Safety Equipment,Respirator Masks,3195,312.82,497.84
50192,Industrial Mop - S,Cleaning & Facility,Industrial Mop,3202,37.21,47.64
50193,Industrial Washer Assortment,Fasteners,Washer Assortment,3039,545.71,828.84
50194,Industrial Corrugated Shipping Box - S,Packaging,Corrugated Shipping Box,3162,457.55,661.33
50195,Premium Stackable Tote,Storage,Stackable Tote,3156,786.2,1028.34
50196,Commercial-Grade Ear Protection,Safety Equipment,Ear Protection,3133,142.18,245.47
50197,Standard Stretch Wrap Roll,Packaging,Stretch Wrap Roll,3206,656.52,830.29
50198,Extra-Large Self-Tapping Screws,Fasteners,Self-Tapping Screws,3014,423.49,637.52
50199,Commercial-Grade Microfiber Cloth Pack,Cleaning & Facility,Microfiber Cloth Pack,3029,760.5,1206.96
50200,Extra-Large Socket Set - S,Tools,Socket Set,3235,42.42,60.74
50201,Hand Truck - XL,Material Handling,Hand Truck,3069,355.86,572.99
50202,Standard Storage Cabinet - S,Storage,Storage Cabinet,3011,192.43,290.16
50203,Multi-Pack Hex Bolt Set,Fasteners,Hex Bolt Set,3051,471.69,591.49
50204,Industrial Shipping Label Printer,Packaging,Shipping Label Printer,3198,826.18,1444.9
50205,Extra-Large Socket Set - 152 lb,Tools,Socket Set,3162,23.74,36.1
50206,Respirator Masks,Safety Equipment,Respirator Masks,3107,177.2,308.6
50207,Commercial-Grade Industrial Mop - L,Cleaning & Facility,Industrial Mop,3179,763.05,1152.11
50208,Heavy-Duty Wire Connector Kit - 1193 lb,Electrical,Wire Connector Kit,3111,66.84,102.53
50209,Industrial Hand Truck - 22 pc,Material Handling,Hand Truck,3019,272.74,378.01
50210,Reinforced Impact Wrench - S,Tools,Impact Wrench,3030,384.06,540.38
50211,Multi-Pack Circuit Breaker,Electrical,Circuit Breaker,3077,80.04,132.37
50212,Standard Safety Goggles - 7 pc,Safety Equipment,Safety Goggles,3076,338.92,431.95
50213,Commercial-Grade Strapping Kit,Packaging,Strapping Kit,3118,636.75,875.48
50214,Commercial-Grade Modular Drawer System - S,Storage,Modular Drawer System,3095,114.15,189.7
50215,Reinforced Storage Cabinet,Storage,Storage Cabinet,3207,170.9,268.82
50216,Standard Pallet Jack,Material Handling,Pallet Jack,3210,145.7,223.93
50217,Rivet Kit - XL,Fasteners,Rivet Kit,3070,303.11,516.55
50218,Commercial-Grade Bubble Wrap Roll,Packaging,Bubble Wrap Roll,3105,211.56,295.67
50219,Heavy-Duty Industrial Mop - 1224 lb,Cleaning & Facility,Industrial Mop,3134,172.34,291.66
50220,Extra-Large Socket Set - 3041 lb,Tools,Socket Set,3233,464.43,693.09
50221,Industrial Wire Connector Kit,Electrical,Wire Connector Kit,3199,188.9,320.73
50222,Multi-Pack Corrugated Shipping Box - L,Packaging,Corrugated Shipping Box,3068,88.26,139.31
50223,Reinforced Safety Goggles - XL,Safety Equipment,Safety Goggles,3188,203.74,287.07
50224,Power Strip - L,Electrical,Power Strip,3207,480.17,645.4
50225,Industrial Microfiber Cloth Pack,Cleaning & Facility,Microfiber Cloth Pack,3005,51.05,79.17
50226,Standard Industrial Mop - M,Cleaning & Facility,Industrial Mop,3082,781.25,1306.36
50227,Commercial-Grade Safety Vests - 9 pc,Safety Equipment,Safety Vests,3241,816.61,1173.3
50228,Heavy-Duty Washer Assortment - L,Fasteners,Washer Assortment,3111,829.57,1340.73
50229,Commercial-Grade Trash Receptacle - L,Cleaning & Facility,Trash Receptacle,3075,323.8,523.58
50230,Hand Truck - XL,Material Handling,Hand Truck,3247,513.42,878.21
50231,Reinforced Socket Set - 33 pc,Tools,Socket Set,3081,634.43,868.53
50232,Heavy-Duty Dock Plate - 30 pc,Material Handling,Dock Plate,3089,181.0,288.98
50233,Heavy-Duty Strapping Kit - 3261 lb,Packaging,Strapping Kit,3226,623.63,1081.72
50234,Premium Rivet Kit,Fasteners,Rivet Kit,3147,705.09,1159.43
50235,Multi-Pack Impact Wrench,Tools,Impact Wrench,3018,273.29,471.65
50236,Premium Circuit Breaker,Electrical,Circuit Breaker,3086,800.76,1392.54
50237,Premium Industrial Mop - M,Cleaning & Facility,Industrial Mop,3249,48.83,69.12
50238,Extra-Large Angle Grinder - 44 pc,Tools,Angle Grinder,3146,204.58,260.8
50239,Floor Scrubber Pads,Cleaning & Facility,Floor Scrubber Pads,3153,252.84,399.74
50240,Heavy-Duty Floor Scrubber Pads - 15 pc,Cleaning & Facility,Floor Scrubber Pads,3029,830.58,1234.89
50241,Premium Strapping Kit,Packaging,Strapping Kit,3094,546.84,789.51
50242,Commercial-Grade Self-Tapping Screws - 2256 lb,Fasteners,Self-Tapping Screws,3068,397.17,541.39
50243,Heavy-Duty Protective Gloves,Safety Equipment,Protective Gloves,3058,353.94,576.3
50244,Extra-Large First Aid Kits,Safety Equipment,First Aid Kits,3020,749.82,1115.83
50245,Extra-Large Hex Bolt Set - M,Fasteners,Hex Bolt Set,3054,806.88,1076.04
50246,Impact Wrench - XL,Tools,Impact Wrench,3213,847.69,1325.46
50247,Heavy-Duty Packing Tape - 4657 lb,Packaging,Packing Tape,3133,470.81,790.17
50248,Reinforced Industrial Mop - XL,Cleaning & Facility,Industrial Mop,3194,128.95,199.09
50249,Reinforced Storage Bin - 20 pc,Storage,Storage Bin,3167,746.64,1031.91
50250,Reinforced Microfiber Cloth Pack - 4 pc,Cleaning & Facility,Microfiber Cloth Pack,3174,344.62,537.3
50251,Premium Hex Bolt Set,Fasteners,Hex Bolt Set,3229,634.78,1085.74
50252,Standard Commercial Extension Cord - 2396 lb,Electrical,Commercial Extension Cord,3248,730.0,1162.47
50253,Industrial Impact Wrench - 2307 lb,Tools,Impact Wrench,3113,515.61,667.53
50254,Premium Hydraulic Jack - 50 pc,Tools,Hydraulic Jack,3040,698.49,1053.07
50255,Extra-Large Stackable Tote,Storage,Stackable Tote,3213,28.0,37.7
50256,Hydraulic Jack,Tools,Hydraulic Jack,3070,780.61,1250.78
50257,Extra-Large Wire Connector Kit,Electrical,Wire Connector Kit,3114,208.3,311.28
50258,Multi-Pack Drum Handler - 24 pc,Material Handling,Drum Handler,3072,637.5,1016.45
50259,First Aid Kits - M,Safety Equipment,First Aid Kits,3068,551.51,876.27
50260,Washer Assortment - S,Fasteners,Washer Assortment,3064,512.37,642.63
50261,Industrial Poly Mailer - 2956 lb,Packaging,Poly Mailer,3173,216.82,321.62
50262,Heavy-Duty Washer Assortment,Fasteners,Washer Assortment,3076,551.48,857.29
50263,Heavy-Duty Wire Shelving - 19 pc,Storage,Wire Shelving,3182,732.75,1011.62
50264,Commercial-Grade Stretch Wrap Roll - 5015 lb,Packaging,Stretch Wrap Roll,3184,562.64,894.81
50265,Industrial Fall Protection Harness - 3414 lb,Safety Equipment,Fall Protection Harness,3146,627.14,966.74
50266,Compact Torque Wrench Set,Tools,Torque Wrench Set,3168,257.61,343.91
50267,Heavy-Duty Utility Cart,Material Handling,Utility Cart,3174,649.31,871.07
50268,Heavy-Duty Cable Management Tray - 24 pc,Electrical,Cable Management Tray,3095,359.43,608.67
50269,Industrial Shipping Label Printer,Packaging,Shipping Label Printer,3241,736.9,1136.14
50270,Compact Wire Shelving,Storage,Wire Shelving,3218,256.06,327.0
50271,Compact Hand Truck - 4764 lb,Material Handling,Hand Truck,3046,124.74,209.71
50272,Standard Wire Shelving,Storage,Wire Shelving,3194,7.49,10.39
50273,Commercial-Grade Conveyor Roller - XL,Material Handling,Conveyor Roller,3103,523.66,820.44
50274,Premium Rivet Kit - S,Fasteners,Rivet Kit,3228,622.0,1072.97
50275,Compact Power Strip - S,Electrical,Power Strip,3079,195.03,329.31
50276,Premium Pallet Jack,Material Handling,Pallet Jack,3186,255.93,357.13
50277,Commercial-Grade Wire Connector Kit - L,Electrical,Wire Connector Kit,3207,143.07,243.71
50278,Compact Hex Bolt Set - M,Fasteners,Hex Bolt Set,3043,624.9,965.37
50279,Stackable Tote,Storage,Stackable Tote,3012,530.98,821.41
50280,Bulk Storage Container - 1048 lb,Storage,Bulk Storage Container,3064,379.61,497.97
50281,Compact Floor Scrubber Pads,Cleaning & Facility,Floor Scrubber Pads,3155,564.29,781.54
50282,Heavy-Duty Forklift Attachment,Material Handling,Forklift Attachment,3199,424.84,660.41
50283,Extra-Large Strapping Kit - 24 pc,Packaging,Strapping Kit,3233,139.26,212.24
50284,Multi-Pack Socket Set,Tools,Socket Set,3213,572.04,974.44
50285,Heavy-Duty Floor Scrubber Pads - 48 pc,Cleaning & Facility,Floor Scrubber Pads,3075,548.93,811.52
50286,Bubble Wrap Roll - 13 pc,Packaging,Bubble Wrap Roll,3109,308.42,489.89
50287,Storage Bin - S,Storage,Storage Bin,3244,281.71,478.14
50288,Heavy-Duty Poly Mailer,Packaging,Poly Mailer,3069,342.76,593.37
50289,Premium Rivet Kit,Fasteners,Rivet Kit,3026,834.4,1395.26
50290,Multi-Pack Washer Assortment - 5107 lb,Fasteners,Washer Assortment,3220,663.06,1031.51
50291,Multi-Pack Forklift Attachment,Material Handling,Forklift Attachment,3003,57.11,90.09
50292,Standard Socket Set - 2136 lb,Tools,Socket Set,3098,296.18,470.38
50293,Extra-Large Drum Handler - S,Material Handling,Drum Handler,3126,431.46,640.56
50294,Multi-Pack Pallet Jack - 17 pc,Material Handling,Pallet Jack,3164,46.12,62.79
50295,Compact Rivet Kit,Fasteners,Rivet Kit,3114,382.82,642.48
50296,Multi-Pack Commercial Extension Cord - 3404 lb,Electrical,Commercial Extension Cord,3211,33.83,51.58
50297,Reinforced Modular Drawer System - L,Storage,Modular Drawer System,3087,557.62,824.22
50298,Compact Commercial Extension Cord,Electrical,Commercial Extension Cord,3093,511.36,822.44
50299,Heavy-Duty Industrial Mop - 2 pc,Cleaning & Facility,Industrial Mop,3074,706.0,1222.95
50300,Heavy-Duty Cable Management Tray - S,Electrical,Cable Management Tray,3104,699.19,1133.57
50301,Reinforced Stackable Tote - 1089 lb,Storage,Stackable Tote,3048,186.0,309.18
50302,Premium Commercial Extension Cord,Electrical,Commercial Extension Cord,3168,657.12,969.42
50303,Forklift Attachment,Material Handling,Forklift Attachment,3235,412.3,620.17
50304,Reinforced Dock Plate,Material Handling,Dock Plate,3225,331.44,513.82
50305,Premium Power Strip - 40 pc,Electrical,Power Strip,3075,340.3,483.71
50306,Commercial-Grade Floor Scrubber Pads - 40 pc,Cleaning & Facility,Floor Scrubber Pads,3080,717.16,1092.88
50307,Compact Impact Wrench - L,Tools,Impact Wrench,3245,834.2,1313.9
50308,Extra-Large Conveyor Roller - 47 pc,Material Handling,Conveyor Roller,3241,479.47,739.06
50309,Industrial Washer Assortment,Fasteners,Washer Assortment,3171,24.89,32.92
50310,Industrial Safety Goggles - M,Safety Equipment,Safety Goggles,3075,714.04,1139.11
50311,Extra-Large Hydraulic Jack,Tools,Hydraulic Jack,3143,525.04,833.64
50312,Extra-Large Socket Set - 17 pc,Tools,Socket Set,3097,590.07,751.45
50313,Standard Rivet Kit - S,Fasteners,Rivet Kit,3222,528.81,867.49
50314,Standard Floor Scrubber Pads - 48 pc,Cleaning & Facility,Floor Scrubber Pads,3019,383.42,667.81
50315,Extra-Large Hand Truck - 432 lb,Material Handling,Hand Truck,3041,239.77,331.39
50316,Standard Corrugated Shipping Box,Packaging,Corrugated Shipping Box,3013,133.61,188.57
50317,Reinforced Bubble Wrap Roll,Packaging,Bubble Wrap Roll,3017,189.7,254.56
50318,Extra-Large Forklift Attachment - XL,Material Handling,Forklift Attachment,3084,751.3,1188.31
50319,Compact LED Work Light,Electrical,LED Work Light,3061,100.61,143.17
50320,Standard Cordless Drill - 9 pc,Tools,Cordless Drill,3233,460.81,641.18
50321,Extra-Large Power Strip - 33 pc,Electrical,Power Strip,3131,763.9,1028.41
50322,Commercial-Grade Storage Bin - S,Storage,Storage Bin,3221,570.94,934.51
50323,Compact Hex Bolt Set - XL,Fasteners,Hex Bolt Set,3009,23.61,37.98
50324,Storage Bin,Storage,Storage Bin,3066,490.21,668.56
50325,Multi-Pack Rivet Kit,Fasteners,Rivet Kit,3001,333.21,436.22
50326,Reinforced Modular Drawer System - 46 pc,Storage,Modular Drawer System,3201,789.09,1028.24
50327,Heavy-Duty Shipping Label Printer - 3685 lb,Packaging,Shipping Label Printer,3121,337.96,534.1
50328,Compact Conveyor Roller,Material Handling,Conveyor Roller,3076,253.2,396.77
50329,Extra-Large Commercial Extension Cord,Electrical,Commercial Extension Cord,3140,488.31,706.6
50330,Compact Stackable Tote,Storage,Stackable Tote,3157,124.09,166.53
50331,Heavy-Duty Stretch Wrap Roll,Packaging,Stretch Wrap Roll,3140,724.2,1242.86
50332,Heavy-Duty Microfiber Cloth Pack - 44 pc,Cleaning & Facility,Microfiber Cloth Pack,3124,86.63,139.72
50333,Commercial-Grade LED Work Light,Electrical,LED Work Light,3124,62.59,84.29
50334,Reinforced Trash Receptacle - L,Cleaning & Facility,Trash Receptacle,3080,482.24,690.69
50335,Anchor Bolt Kit - 1914 lb,Fasteners,Anchor Bolt Kit,3173,237.71,339.86
50336,Multi-Pack Wire Connector Kit - 2602 lb,Electrical,Wire Connector Kit,3155,470.49,629.46
50337,Industrial Modular Drawer System - 36 pc,Storage,Modular Drawer System,3186,624.45,976.21
50338,Extra-Large Storage Bin - 4842 lb,Storage,Storage Bin,3009,654.63,887.93
50339,Extra-Large Shipping Label Printer - 43 pc,Packaging,Shipping Label Printer,3150,335.75,569.34
50340,Multi-Pack Stretch Wrap Roll,Packaging,Stretch Wrap Roll,3246,12.47,17.08
50341,Extra-Large Drum Handler - M,Material Handling,Drum Handler,3223,482.92,740.27
50342,Multi-Pack Dock Plate - 1892 lb,Material Handling,Dock Plate,3059,199.68,275.99
50343,Extra-Large Safety Goggles - 3947 lb,Safety Equipment,Safety Goggles,3166,749.73,952.12
50344,Extra-Large Commercial Extension Cord,Electrical,Commercial Extension Cord,3167,464.29,620.72
50345,Reinforced Self-Tapping Screws - 2160 lb,Fasteners,Self-Tapping Screws,3103,826.87,1125.74
50346,Multi-Pack LED Work Light,Electrical,LED Work Light,3058,750.14,1102.67
50347,Industrial Storage Cabinet - M,Storage,Storage Cabinet,3030,310.12,498.87
50348,Standard Angle Grinder - 4022 lb,Tools,Angle Grinder,3213,181.86,241.99
50349,Compact Hex Bolt Set,Fasteners,Hex Bolt Set,3010,139.9,218.91
50350,Commercial-Grade Pallet Jack - 4332 lb,Material Handling,Pallet Jack,3004,510.86,782.54
50351,Compact Corrugated Shipping Box - 3961 lb,Packaging,Corrugated Shipping Box,3153,147.88,246.25
50352,Reinforced Drum Handler - 41 pc,Material Handling,Drum Handler,3236,145.48,231.72
50353,Reinforced Microfiber Cloth Pack - 3198 lb,Cleaning & Facility,Microfiber Cloth Pack,3133,115.42,145.23
50354,Reinforced Anchor Bolt Kit,Fasteners,Anchor Bolt Kit,3136,511.24,863.42
50355,Multi-Pack Storage Bin,Storage,Storage Bin,3166,762.78,1249.0
50356,Premium Washer Assortment - 4440 lb,Fasteners,Washer Assortment,3202,197.76,326.53
50357,Reinforced Self-Tapping Screws - 29 pc,Fasteners,Self-Tapping Screws,3219,407.4,556.61
50358,Reinforced Stackable Tote,Storage,Stackable Tote,3147,603.79,993.06
50359,Storage Cabinet - 43 pc,Storage,Storage Cabinet,3109,349.59,455.62
50360,Extra-Large Packing Tape,Packaging,Packing Tape,3193,236.76,376.52
50361,Extra-Large Angle Grinder,Tools,Angle Grinder,3078,473.23,651.59
50362,Premium Cable Management Tray - M,Electrical,Cable Management Tray,3041,381.54,610.33
50363,Extra-Large Steel Shelving Unit,Storage,Steel Shelving Unit,3041,593.56,951.71
50364,Heavy-Duty Hex Bolt Set - 5017 lb,Fasteners,Hex Bolt Set,3094,78.11,107.91
50365,Storage Cabinet,Storage,Storage Cabinet,3014,246.0,426.01
50366,Multi-Pack Dock Plate,Material Handling,Dock Plate,3153,245.6,311.13
50367,Commercial-Grade Tool Chest,Tools,Tool Chest,3070,829.38,1072.74
50368,Premium Self-Tapping Screws,Fasteners,Self-Tapping Screws,3235,16.51,26.45
50369,Industrial Storage Cabinet - L,Storage,Storage Cabinet,3238,516.79,696.25
50370,Washer Assortment,Fasteners,Washer Assortment,3075,93.62,120.41
50371,Extra-Large Commercial Extension Cord - 36 pc,Electrical,Commercial Extension Cord,3144,591.13,1024.44
50372,Standard Floor Scrubber Pads,Cleaning & Facility,Floor Scrubber Pads,3066,733.2,1093.19
50373,Compact Wire Shelving - 22 pc,Storage,Wire Shelving,3213,440.72,553.04
50374,Industrial Stretch Wrap Roll,Packaging,Stretch Wrap Roll,3080,472.93,633.37
50375,Reinforced Circuit Breaker - 1657 lb,Electrical,Circuit Breaker,3061,627.47,858.02
50376,Compact Stretch Wrap Roll - 17 pc,Packaging,Stretch Wrap Roll,3235,135.55,176.67
50377,Multi-Pack Bulk Storage Container,Storage,Bulk Storage Container,3080,721.34,1035.55
50378,Industrial Microfiber Cloth Pack - 13 pc,Cleaning & Facility,Microfiber Cloth Pack,3032,340.3,553.02
50379,Multi-Pack First Aid Kits - 2944 lb,Safety Equipment,First Aid Kits,3117,731.83,1198.7
50380,Extra-Large Bulk Storage Container,Storage,Bulk Storage Container,3025,574.13,826.58
50381,Reinforced LED Work Light - 13 pc,Electrical,LED Work Light,3156,204.24,303.43
50382,Commercial-Grade LED Work Light - 1824 lb,Electrical,LED Work Light,3218,596.65,856.88
50383,Multi-Pack Self-Tapping Screws,Fasteners,Self-Tapping Screws,3184,584.21,968.09
50384,Compact Strapping Kit - XL,Packaging,Strapping Kit,3121,680.73,1102.29
50385,Premium Protective Gloves,Safety Equipment,Protective Gloves,3124,455.52,641.31
50386,Extra-Large Packing Tape - S,Packaging,Packing Tape,3121,54.32,90.0
50387,Standard Wire Shelving,Storage,Wire Shelving,3088,475.42,786.82
50388,Heavy-Duty First Aid Kits - L,Safety Equipment,First Aid Kits,3137,491.81,774.57
50389,Industrial Drum Handler - 4281 lb,Material Handling,Drum Handler,3020,659.32,971.48
50390,Industrial Washer Assortment - XL,Fasteners,Washer Assortment,3107,545.75,935.57
50391,Heavy-Duty Hex Bolt Set - 23 pc,Fasteners,Hex Bolt Set,3068,271.74,379.26
50392,Multi-Pack Self-Tapping Screws,Fasteners,Self-Tapping Screws,3047,820.82,1195.93
50393,Compact Protective Gloves - L,Safety Equipment,Protective Gloves,3016,144.79,188.44
50394,Microfiber Cloth Pack,Cleaning & Facility,Microfiber Cloth Pack,3021,91.48,142.62
50395,Compact Self-Tapping Screws - 2427 lb,Fasteners,Self-Tapping Screws,3214,533.82,702.31
50396,Pallet Jack - 4000 lb,Material Handling,Pallet Jack,3069,828.82,1260.05
50397,Extra-Large Floor Scrubber Pads - 4995 lb,Cleaning & Facility,Floor Scrubber Pads,3144,537.68,843.04
50398,Extra-Large Washer Assortment,Fasteners,Washer Assortment,3078,195.76,253.47
50399,Industrial Wire Connector Kit,Electrical,Wire Connector Kit,3034,446.49,727.4
50400,Multi-Pack LED Work Light - 4129 lb,Electrical,LED Work Light,3204,257.12,419.86
50401,Compact Shipping Label Printer - S,Packaging,Shipping Label Printer,3101,352.03,538.7
50402,Premium Impact Wrench,Tools,Impact Wrench,3195,360.93,494.4
50403,Extra-Large Packing Tape,Packaging,Packing Tape,3163,157.91,220.25
50404,Multi-Pack Microfiber Cloth Pack - 5201 lb,Cleaning & Facility,Microfiber Cloth Pack,3012,162.46,204.65
50405,Heavy-Duty Protective Gloves - 1124 lb,Safety Equipment,Protective Gloves,3038,619.0,845.8
50406,Compact Fall Protection Harness - 2652 lb,Safety Equipment,Fall Protection Harness,3202,848.28,1257.02
50407,Heavy-Duty Respirator Masks - 2283 lb,Safety Equipment,Respirator Masks,3049,63.93,94.94
50408,Premium Strapping Kit - 2139 lb,Packaging,Strapping Kit,3188,656.34,965.79
50409,Multi-Pack Safety Goggles - 1807 lb,Safety Equipment,Safety Goggles,3239,332.89,576.1
50410,Circuit Breaker - 18 pc,Electrical,Circuit Breaker,3221,171.72,290.85
50411,Compact Cordless Drill - XL,Tools,Cordless Drill,3101,675.95,1042.55
50412,Cordless Drill - XL,Tools,Cordless Drill,3040,317.89,411.58
50413,Reinforced Industrial Mop,Cleaning & Facility,Industrial Mop,3179,54.1,85.06
50414,Multi-Pack Steel Shelving Unit - 22 pc,Storage,Steel Shelving Unit,3049,685.38,1007.07
50415,Standard First Aid Kits - 423 lb,Safety Equipment,First Aid Kits,3138,601.66,920.25
50416,Reinforced Floor Scrubber Pads - 36 pc,Cleaning & Facility,Floor Scrubber Pads,3212,623.48,865.18
50417,Extra-Large Pallet Jack - 30 pc,Material Handling,Pallet Jack,3198,461.97,682.35
50418,Anchor Bolt Kit - 41 pc,Fasteners,Anchor Bolt Kit,3137,613.83,969.33
50419,Extra-Large Anchor Bolt Kit,Fasteners,Anchor Bolt Kit,3082,243.17,353.79
50420,Extra-Large Storage Bin - S,Storage,Storage Bin,3124,742.91,1003.7
50421,Cordless Drill,Tools,Cordless Drill,3012,531.69,821.54
50422,Reinforced Circuit Breaker - 1809 lb,Electrical,Circuit Breaker,3119,789.39,1315.15
50423,Extra-Large Respirator Masks,Safety Equipment,Respirator Masks,3018,228.51,290.28
50424,Compact Corrugated Shipping Box,Packaging,Corrugated Shipping Box,3168,329.68,443.93
50425,Commercial-Grade Tool Chest,Tools,Tool Chest,3170,306.52,453.45
50426,Commercial-Grade Hex Bolt Set,Fasteners,Hex Bolt Set,3153,289.2,384.37
50427,Standard Trash Receptacle - 3477 lb,Cleaning & Facility,Trash Receptacle,3061,702.84,992.22
50428,Extra-Large Angle Grinder - 3806 lb,Tools,Angle Grinder,3008,815.99,1020.07
50429,Shipping Label Printer - 21 pc,Packaging,Shipping Label Printer,3080,836.79,1135.87
50430,Extra-Large Ear Protection - 409 lb,Safety Equipment,Ear Protection,3093,304.56,401.78
50431,Industrial Impact Wrench - 4773 lb,Tools,Impact Wrench,3019,485.21,659.26
50432,Commercial-Grade Wire Connector Kit,Electrical,Wire Connector Kit,3187,507.36,710.4
50433,Hex Bolt Set - 3657 lb,Fasteners,Hex Bolt Set,3197,790.95,1036.36
50434,Reinforced Socket Set - 5278 lb,Tools,Socket Set,3081,49.32,74.58
50435,Extra-Large Utility Cart - 513 lb,Material Handling,Utility Cart,3147,825.49,1342.59
50436,Premium Steel Shelving Unit - L,Storage,Steel Shelving Unit,3190,288.07,428.63
50437,Industrial First Aid Kits - 4210 lb,Safety Equipment,First Aid Kits,3034,658.54,866.1
50438,Compact Microfiber Cloth Pack,Cleaning & Facility,Microfiber Cloth Pack,3188,169.5,264.08
50439,Heavy-Duty Impact Wrench,Tools,Impact Wrench,3108,79.34,125.82
50440,Compact LED Work Light,Electrical,LED Work Light,3089,655.04,874.23
50441,Commercial-Grade Microfiber Cloth Pack - XL,Cleaning & Facility,Microfiber Cloth Pack,3186,583.66,775.1
50442,Storage Bin - 41 pc,Storage,Storage Bin,3028,15.13,24.16
50443,Multi-Pack Bubble Wrap Roll,Packaging,Bubble Wrap Roll,3192,182.85,278.52
50444,Multi-Pack Shipping Label Printer - 250 lb,Packaging,Shipping Label Printer,3011,497.01,786.15
50445,Stretch Wrap Roll - 14 pc,Packaging,Stretch Wrap Roll,3002,48.44,76.41
50446,Industrial Wire Shelving - 8 pc,Storage,Wire Shelving,3059,737.76,1161.75
50447,Heavy-Duty Washer Assortment,Fasteners,Washer Assortment,3247,78.01,105.27
50448,Microfiber Cloth Pack - 17 pc,Cleaning & Facility,Microfiber Cloth Pack,3040,285.87,413.57
50449,Standard Respirator Masks - L,Safety Equipment,Respirator Masks,3070,846.61,1472.5
50450,Premium Ear Protection - S,Safety Equipment,Ear Protection,3168,131.92,224.08
50451,Premium Pallet Jack,Material Handling,Pallet Jack,3232,132.8,230.44
50452,Extra-Large Wire Connector Kit - M,Electrical,Wire Connector Kit,3051,495.34,788.59
50453,Extra-Large Utility Cart,Material Handling,Utility Cart,3142,779.84,1098.6
50454,Standard Steel Shelving Unit - 48 pc,Storage,Steel Shelving Unit,3105,748.53,1090.62
50455,Industrial Bubble Wrap Roll - M,Packaging,Bubble Wrap Roll,3156,159.89,260.82
50456,Reinforced Shipping Label Printer - M,Packaging,Shipping Label Printer,3176,585.37,836.86
50457,Extra-Large Floor Scrubber Pads - 47 pc,Cleaning & Facility,Floor Scrubber Pads,3121,159.24,229.9
50458,Compact Hand Truck,Material Handling,Hand Truck,3056,786.88,1357.45
50459,Compact Hydraulic Jack,Tools,Hydraulic Jack,3117,418.24,590.74
50460,Premium Angle Grinder - 40 pc,Tools,Angle Grinder,3146,337.15,579.75
50461,Multi-Pack Hard Hats,Safety Equipment,Hard Hats,3010,458.81,799.21
50462,Washer Assortment - 3700 lb,Fasteners,Washer Assortment,3073,752.14,1231.13
50463,Premium Floor Scrubber Pads,Cleaning & Facility,Floor Scrubber Pads,3165,768.46,1138.7
50464,Extra-Large Industrial Mop,Cleaning & Facility,Industrial Mop,3115,118.04,171.96
50465,Multi-Pack Protective Gloves - 31 pc,Safety Equipment,Protective Gloves,3182,277.83,437.38
50466,Heavy-Duty Dock Plate - 9 pc,Material Handling,Dock Plate,3186,75.71,121.41
50467,Extra-Large Forklift Attachment - 4 pc,Material Handling,Forklift Attachment,3038,482.19,761.75
50468,Commercial-Grade Drum Handler - 520 lb,Material Handling,Drum Handler,3246,264.27,426.82
50469,Commercial-Grade Trash Receptacle,Cleaning & Facility,Trash Receptacle,3117,530.5,730.26
50470,Extra-Large Degreaser Concentrate - S,Cleaning & Facility,Degreaser Concentrate,3116,187.08,295.54
50471,Heavy-Duty Rivet Kit - 17 pc,Fasteners,Rivet Kit,3211,528.13,807.39
50472,Commercial-Grade Cordless Drill - 5 pc,Tools,Cordless Drill,3170,34.58,57.99
50473,Heavy-Duty Packing Tape - S,Packaging,Packing Tape,3169,140.07,195.0
50474,Reinforced Forklift Attachment - 4 pc,Material Handling,Forklift Attachment,3209,276.77,470.17
50475,Premium Modular Drawer System - S,Storage,Modular Drawer System,3084,106.79,179.38
50476,Compact Washer Assortment,Fasteners,Washer Assortment,3135,487.16,847.5
50477,Reinforced Wire Shelving - 29 pc,Storage,Wire Shelving,3159,223.3,343.34
50478,Reinforced Circuit Breaker - 5276 lb,Electrical,Circuit Breaker,3156,420.41,563.33
50479,Industrial Socket Set,Tools,Socket Set,3188,397.03,654.45
50480,Reinforced Hydraulic Jack - 28 pc,Tools,Hydraulic Jack,3054,299.48,495.05
50481,Industrial Safety Goggles - 6 pc,Safety Equipment,Safety Goggles,3001,432.41,610.55
50482,Standard Bulk Storage Container,Storage,Bulk Storage Container,3049,816.24,1359.87
50483,Multi-Pack LED Work Light - XL,Electrical,LED Work Light,3228,411.09,642.78
50484,Premium Wire Connector Kit,Electrical,Wire Connector Kit,3137,617.18,868.84
50485,Reinforced Safety Goggles - L,Safety Equipment,Safety Goggles,3096,240.91,304.89
50486,Reinforced Conveyor Roller,Material Handling,Conveyor Roller,3180,735.38,1195.56
50487,Cable Management Tray - 811 lb,Electrical,Cable Management Tray,3212,745.92,1070.99
50488,Extra-Large Stretch Wrap Roll - 13 pc,Packaging,Stretch Wrap Roll,3233,667.96,1094.72
50489,Extra-Large Wire Shelving - S,Storage,Wire Shelving,3187,164.51,281.61
50490,Standard Strapping Kit - M,Packaging,Strapping Kit,3099,177.19,224.73
50491,Industrial Storage Bin,Storage,Storage Bin,3026,285.63,484.03
50492,Reinforced Corrugated Shipping Box - 42 pc,Packaging,Corrugated Shipping Box,3136,173.27,241.41
50493,Heavy-Duty Wire Connector Kit - 11 pc,Electrical,Wire Connector Kit,3143,100.39,173.59
50494,Extra-Large Steel Shelving Unit - 37 pc,Storage,Steel Shelving Unit,3072,123.33,197.6
50495,Heavy-Duty Impact Wrench,Tools,Impact Wrench,3120,379.05,498.46
50496,Premium Hard Hats - 3593 lb,Safety Equipment,Hard Hats,3151,155.01,239.96
50497,Standard Microfiber Cloth Pack,Cleaning & Facility,Microfiber Cloth Pack,3195,69.99,119.78
50498,Commercial-Grade Microfiber Cloth Pack,Cleaning & Facility,Microfiber Cloth Pack,3181,389.15,619.62
50499,Compact Degreaser Concentrate - 11 pc,Cleaning & Facility,Degreaser Concentrate,3179,776.24,1122.47
50500,Multi-Pack LED Work Light - 635 lb,Electrical,LED Work Light,3216,99.06,147.53
50501,Standard Utility Cart - 943 lb,Material Handling,Utility Cart,3083,695.56,1146.55
50502,Industrial Modular Drawer System - 4937 lb,Storage,Modular Drawer System,3040,205.45,281.85
50503,Heavy-Duty Degreaser Concentrate - 4941 lb,Cleaning & Facility,Degreaser Concentrate,3201,667.42,979.56
50504,Compact Power Strip,Electrical,Power Strip,3152,711.81,930.45
50505,Extra-Large Trash Receptacle - 30 pc,Cleaning & Facility,Trash Receptacle,3027,812.66,1044.11
50506,Multi-Pack Self-Tapping Screws - S,Fasteners,Self-Tapping Screws,3162,754.57,1284.0
50507,Commercial-Grade Protective Gloves - 2487 lb,Safety Equipment,Protective Gloves,3052,524.58,773.01
50508,Reinforced LED Work Light,Electrical,LED Work Light,3130,496.78,772.86
50509,Industrial Anchor Bolt Kit,Fasteners,Anchor Bolt Kit,3091,4.21,6.44
50510,Industrial Modular Drawer System,Storage,Modular Drawer System,3097,337.25,475.21
50511,Premium Rivet Kit - 1520 lb,Fasteners,Rivet Kit,3215,121.22,185.19
50512,Commercial-Grade Wire Connector Kit - L,Electrical,Wire Connector Kit,3036,13.32,20.97
50513,Commercial-Grade Degreaser Concentrate - 5361 lb,Cleaning & Facility,Degreaser Concentrate,3178,731.62,1241.41
50514,Commercial-Grade Washer Assortment,Fasteners,Washer Assortment,3057,697.69,1006.32
50515,Reinforced Forklift Attachment - S,Material Handling,Forklift Attachment,3237,606.32,839.53
50516,Commercial Extension Cord,Electrical,Commercial Extension Cord,3020,494.7,856.26
50517,Extra-Large Dock Plate,Material Handling,Dock Plate,3062,446.52,694.35
50518,Extra-Large Industrial Mop - 41 pc,Cleaning & Facility,Industrial Mop,3116,456.41,572.97
50519,Standard Microfiber Cloth Pack - 24 pc,Cleaning & Facility,Microfiber Cloth Pack,3152,145.3,232.12
50520,Reinforced Poly Mailer - 5255 lb,Packaging,Poly Mailer,3168,492.9,757.31
50521,Reinforced Strapping Kit,Packaging,Strapping Kit,3200,110.85,142.82
50522,Commercial-Grade Packing Tape,Packaging,Packing Tape,3232,631.12,979.44
50523,Multi-Pack Dock Plate - L,Material Handling,Dock Plate,3220,413.98,682.94
50524,Heavy-Duty Respirator Masks - 1362 lb,Safety Equipment,Respirator Masks,3098,640.71,933.18
50525,Multi-Pack Socket Set - 15 pc,Tools,Socket Set,3209,49.49,68.4
50526,Commercial-Grade Storage Bin - 27 pc,Storage,Storage Bin,3236,406.66,701.13
50527,Premium Angle Grinder,Tools,Angle Grinder,3237,740.19,929.63
50528,Standard Degreaser Concentrate - 8 pc,Cleaning & Facility,Degreaser Concentrate,3235,812.91,1191.64
50529,Industrial Packing Tape,Packaging,Packing Tape,3191,334.61,547.61
50530,Reinforced Socket Set - M,Tools,Socket Set,3002,268.68,337.27
50531,Premium Storage Bin - 951 lb,Storage,Storage Bin,3064,301.06,485.5
50532,Cordless Drill - S,Tools,Cordless Drill,3181,808.09,1267.93
50533,Reinforced Storage Bin,Storage,Storage Bin,3028,683.41,917.4
50534,Industrial Utility Cart - 720 lb,Material Handling,Utility Cart,3109,784.56,1089.12
50535,Commercial-Grade LED Work Light - 611 lb,Electrical,LED Work Light,3066,332.44,581.1
50536,Multi-Pack Stretch Wrap Roll,Packaging,Stretch Wrap Roll,3027,335.87,528.24
50537,Premium Conveyor Roller,Material Handling,Conveyor Roller,3026,776.02,1247.61
50538,Heavy-Duty Hard Hats - 253 lb,Safety Equipment,Hard Hats,3238,129.51,203.35
50539,Industrial First Aid Kits - 2801 lb,Safety Equipment,First Aid Kits,3240,489.93,738.66
50540,Premium Degreaser Concentrate,Cleaning & Facility,Degreaser Concentrate,3176,194.68,280.77
50541,Reinforced Industrial Mop - 2580 lb,Cleaning & Facility,Industrial Mop,3165,50.22,87.81
50542,Extra-Large Stackable Tote - 7 pc,Storage,Stackable Tote,3010,551.86,738.56
50543,Industrial Anchor Bolt Kit - 8 pc,Fasteners,Anchor Bolt Kit,3112,415.33,702.99
50544,Impact Wrench - M,Tools,Impact Wrench,3138,417.64,535.2
50545,Extra-Large Bubble Wrap Roll - 3 pc,Packaging,Bubble Wrap Roll,3010,50.95,83.76
50546,Compact Hex Bolt Set - XL,Fasteners,Hex Bolt Set,3018,630.8,861.98
50547,Multi-Pack Protective Gloves,Safety Equipment,Protective Gloves,3003,208.93,328.94
50548,Dock Plate,Material Handling,Dock Plate,3209,147.99,228.72
50549,Multi-Pack Storage Bin - 1760 lb,Storage,Storage Bin,3188,289.06,482.14
50550,Heavy-Duty Self-Tapping Screws,Fasteners,Self-Tapping Screws,3030,505.55,716.74
50551,Premium Stretch Wrap Roll,Packaging,Stretch Wrap Roll,3148,143.18,196.42
50552,Heavy-Duty Protective Gloves - 228 lb,Safety Equipment,Protective Gloves,3237,71.83,90.05
50553,Reinforced Bulk Storage Container - L,Storage,Bulk Storage Container,3133,178.01,279.46
50554,Compact Degreaser Concentrate,Cleaning & Facility,Degreaser Concentrate,3243,155.87,233.8
50555,Industrial Bulk Storage Container,Storage,Bulk Storage Container,3135,202.97,265.64
50556,Standard Storage Cabinet - M,Storage,Storage Cabinet,3203,237.5,319.88
50557,Multi-Pack Dock Plate,Material Handling,Dock Plate,3053,49.23,70.5
50558,Standard Self-Tapping Screws,Fasteners,Self-Tapping Screws,3201,786.4,1052.16
50559,Extra-Large Fall Protection Harness - 2027 lb,Safety Equipment,Fall Protection Harness,3050,505.23,713.88
50560,Heavy-Duty Circuit Breaker - L,Electrical,Circuit Breaker,3096,628.0,1058.14
50561,Multi-Pack Cordless Drill - XL,Tools,Cordless Drill,3045,186.48,289.92
50562,Commercial-Grade Self-Tapping Screws - 48 pc,Fasteners,Self-Tapping Screws,3032,829.31,1120.49
50563,Industrial Safety Vests - 3913 lb,Safety Equipment,Safety Vests,3056,357.53,582.83
50564,Commercial-Grade Shipping Label Printer - M,Packaging,Shipping Label Printer,3125,76.7,128.74
50565,Multi-Pack Tool Chest - 218 lb,Tools,Tool Chest,3083,626.68,860.64
50566,Compact Washer Assortment - 141 lb,Fasteners,Washer Assortment,3120,833.23,1058.23
50567,Extra-Large First Aid Kits - 902 lb,Safety Equipment,First Aid Kits,3192,422.76,546.01
50568,Compact First Aid Kits - M,Safety Equipment,First Aid Kits,3122,551.73,714.69
50569,Multi-Pack Stretch Wrap Roll - S,Packaging,Stretch Wrap Roll,3202,743.51,1080.08
50570,Multi-Pack Cable Management Tray - 679 lb,Electrical,Cable Management Tray,3008,759.79,1076.21
50571,Industrial Bubble Wrap Roll,Packaging,Bubble Wrap Roll,3014,749.14,1212.02
50572,Heavy-Duty Commercial Extension Cord,Electrical,Commercial Extension Cord,3165,38.1,54.61
50573,Compact Storage Cabinet,Storage,Storage Cabinet,3240,99.63,148.37
50574,Compact Hydraulic Jack,Tools,Hydraulic Jack,3016,579.31,804.41
50575,Multi-Pack LED Work Light,Electrical,LED Work Light,3211,401.49,608.64
50576,Reinforced Bubble Wrap Roll - L,Packaging,Bubble Wrap Roll,3020,758.5,1121.77
50577,Industrial Anchor Bolt Kit - 8 pc,Fasteners,Anchor Bolt Kit,3038,98.33,130.19
50578,Tool Chest - L,Tools,Tool Chest,3188,404.66,590.83
50579,Compact Ear Protection,Safety Equipment,Ear Protection,3087,549.21,799.57
50580,Reinforced Wire Connector Kit,Electrical,Wire Connector Kit,3043,115.2,189.47
50581,Multi-Pack Stretch Wrap Roll - L,Packaging,Stretch Wrap Roll,3042,302.42,446.97
50582,Extra-Large Dock Plate - L,Material Handling,Dock Plate,3081,140.0,183.18
50583,Industrial Forklift Attachment,Material Handling,Forklift Attachment,3088,602.09,952.97
50584,Multi-Pack Utility Cart,Material Handling,Utility Cart,3127,782.65,1136.63
50585,Standard Forklift Attachment,Material Handling,Forklift Attachment,3121,283.93,455.06
50586,Reinforced Strapping Kit - 38 pc,Packaging,Strapping Kit,3230,586.86,948.26
50587,Extra-Large Protective Gloves - 303 lb,Safety Equipment,Protective Gloves,3091,526.23,715.77
50588,Stackable Tote - M,Storage,Stackable Tote,3050,664.86,1086.08
50589,Extra-Large Hard Hats,Safety Equipment,Hard Hats,3154,337.38,504.46
50590,Premium Respirator Masks - 47 pc,Safety Equipment,Respirator Masks,3088,330.34,414.94
50591,Multi-Pack LED Work Light - 3739 lb,Electrical,LED Work Light,3206,683.82,953.46
50592,Commercial-Grade Rivet Kit - 11 pc,Fasteners,Rivet Kit,3085,405.26,682.36
50593,Premium Storage Cabinet - 2 pc,Storage,Storage Cabinet,3181,354.39,541.47
50594,Commercial-Grade Hand Truck - 4637 lb,Material Handling,Hand Truck,3213,39.25,65.28
50595,Extra-Large Bubble Wrap Roll,Packaging,Bubble Wrap Roll,3163,133.88,187.44
50596,Industrial Industrial Mop - XL,Cleaning & Facility,Industrial Mop,3126,27.58,45.02
50597,Standard Storage Cabinet - 38 pc,Storage,Storage Cabinet,3177,535.1,796.24
50598,Extra-Large Stackable Tote,Storage,Stackable Tote,3224,53.03,74.76
50599,Commercial-Grade Utility Cart - 3058 lb,Material Handling,Utility Cart,3012,542.08,936.49
50600,Extra-Large Packing Tape - S,Packaging,Packing Tape,3042,650.81,1008.35
50601,Industrial LED Work Light,Electrical,LED Work Light,3036,455.89,650.01
50602,Extra-Large Protective Gloves - 4072 lb,Safety Equipment,Protective Gloves,3026,291.58,497.26
50603,Extra-Large Impact Wrench,Tools,Impact Wrench,3216,587.29,1013.81
50604,Multi-Pack Wire Shelving,Storage,Wire Shelving,3092,409.41,575.54
50605,Multi-Pack Drum Handler,Material Handling,Drum Handler,3032,633.69,829.69
50606,Compact Dock Plate - L,Material Handling,Dock Plate,3195,834.01,1219.66
50607,Storage Bin,Storage,Storage Bin,3168,169.71,214.92
50608,Heavy-Duty Fall Protection Harness - 4 pc,Safety Equipment,Fall Protection Harness,3200,568.61,925.28
50609,Compact Storage Cabinet,Storage,Storage Cabinet,3241,80.34,134.4
50610,Standard Shipping Label Printer,Packaging,Shipping Label Printer,3025,208.2,319.61
50611,Compact Safety Goggles,Safety Equipment,Safety Goggles,3054,827.64,1075.39
50612,Reinforced Trash Receptacle - M,Cleaning & Facility,Trash Receptacle,3108,710.11,1236.05
50613,Compact Tool Chest,Tools,Tool Chest,3126,397.89,600.76
50614,Industrial Cable Management Tray - 2787 lb,Electrical,Cable Management Tray,3153,101.46,141.21
50615,Multi-Pack Poly Mailer - 37 pc,Packaging,Poly Mailer,3219,837.27,1225.75
50616,Multi-Pack Modular Drawer System - 204 lb,Storage,Modular Drawer System,3133,572.43,828.98
50617,Commercial-Grade Storage Bin,Storage,Storage Bin,3043,631.12,1070.51
50618,Compact Stackable Tote - 4973 lb,Storage,Stackable Tote,3185,107.42,179.29
50619,Reinforced Trash Receptacle - 5374 lb,Cleaning & Facility,Trash Receptacle,3243,304.94,482.82
50620,Extra-Large Rivet Kit,Fasteners,Rivet Kit,3059,106.93,159.83
50621,Heavy-Duty Pallet Jack,Material Handling,Pallet Jack,3173,826.36,1191.05
50622,Industrial Circuit Breaker,Electrical,Circuit Breaker,3051,653.25,1075.49
50623,Multi-Pack Poly Mailer,Packaging,Poly Mailer,3139,294.37,494.49
50624,Premium Safety Vests - 26 pc,Safety Equipment,Safety Vests,3009,725.46,1067.35
50625,Extra-Large Protective Gloves - 1444 lb,Safety Equipment,Protective Gloves,3099,368.07,517.59
50626,Reinforced Industrial Mop,Cleaning & Facility,Industrial Mop,3218,487.88,725.94
50627,Conveyor Roller,Material Handling,Conveyor Roller,3090,825.34,1286.27
50628,Packing Tape - S,Packaging,Packing Tape,3189,711.96,1014.14
50629,Premium Respirator Masks - 29 pc,Safety Equipment,Respirator Masks,3062,352.2,450.19
50630,Industrial Impact Wrench - 46 pc,Tools,Impact Wrench,3137,100.4,134.02
50631,Multi-Pack Commercial Extension Cord - 4316 lb,Electrical,Commercial Extension Cord,3150,229.19,366.24
50632,Premium Respirator Masks,Safety Equipment,Respirator Masks,3172,687.75,894.09
50633,Multi-Pack Torque Wrench Set - 12 pc,Tools,Torque Wrench Set,3127,311.06,456.63
50634,Extra-Large Modular Drawer System,Storage,Modular Drawer System,3205,255.18,392.15
50635,Heavy-Duty Tool Chest - 39 pc,Tools,Tool Chest,3121,60.44,99.76
50636,Standard Anchor Bolt Kit,Fasteners,Anchor Bolt Kit,3138,684.19,1003.33
50637,Premium Circuit Breaker,Electrical,Circuit Breaker,3046,387.16,631.74
50638,Reinforced Protective Gloves - 15 pc,Safety Equipment,Protective Gloves,3157,796.81,1208.25
50639,Washer Assortment - M,Fasteners,Washer Assortment,3195,206.98,335.97
50640,Premium Strapping Kit - XL,Packaging,Strapping Kit,3073,719.61,995.56
50641,Reinforced Utility Cart,Material Handling,Utility Cart,3204,130.44,164.86
50642,Multi-Pack Bubble Wrap Roll,Packaging,Bubble Wrap Roll,3007,174.48,241.89
50643,Industrial Strapping Kit - 445 lb,Packaging,Strapping Kit,3229,665.66,850.49
50644,Reinforced Stackable Tote - 6 pc,Storage,Stackable Tote,3101,572.07,968.43
50645,Heavy-Duty Hand Truck,Material Handling,Hand Truck,3060,216.66,366.65
50646,Standard Modular Drawer System - L,Storage,Modular Drawer System,3027,795.4,1080.95
50647,Industrial Hand Truck,Material Handling,Hand Truck,3179,50.84,77.11
50648,Extra-Large Stackable Tote - 32 pc,Storage,Stackable Tote,3092,747.94,1285.32
50649,Industrial Trash Receptacle,Cleaning & Facility,Trash Receptacle,3240,715.81,1131.78
50650,Industrial Safety Goggles - 21 pc,Safety Equipment,Safety Goggles,3136,768.02,1223.17
50651,Multi-Pack Hydraulic Jack - 2 pc,Tools,Hydraulic Jack,3193,258.2,443.63
50652,Compact Torque Wrench Set - 30 pc,Tools,Torque Wrench Set,3104,747.97,1221.71
50653,Heavy-Duty Ear Protection - 32 pc,Safety Equipment,Ear Protection,3209,610.77,1031.21
50654,Commercial-Grade Modular Drawer System - 34 pc,Storage,Modular Drawer System,3140,359.77,580.89
50655,Wire Connector Kit - S,Electrical,Wire Connector Kit,3034,536.93,883.52
50656,Compact First Aid Kits,Safety Equipment,First Aid Kits,3182,97.32,133.8
50657,Reinforced Drum Handler - 3798 lb,Material Handling,Drum Handler,3044,742.92,978.24
50658,Compact LED Work Light - S,Electrical,LED Work Light,3213,336.59,484.24
50659,Cordless Drill - M,Tools,Cordless Drill,3012,225.1,377.25
50660,Premium Washer Assortment - 11 pc,Fasteners,Washer Assortment,3003,147.51,226.22
50661,Multi-Pack Rivet Kit - S,Fasteners,Rivet Kit,3068,804.33,1332.54
50662,Multi-Pack Poly Mailer - XL,Packaging,Poly Mailer,3072,511.47,893.85
50663,Commercial-Grade Angle Grinder - 11 pc,Tools,Angle Grinder,3115,829.79,1134.94
50664,Reinforced Torque Wrench Set - 184 lb,Tools,Torque Wrench Set,3177,116.26,164.12
50665,Premium Anchor Bolt Kit - 49 pc,Fasteners,Anchor Bolt Kit,3013,65.34,99.87
50666,Multi-Pack Circuit Breaker,Electrical,Circuit Breaker,3097,8.04,12.08
50667,Standard Bubble Wrap Roll,Packaging,Bubble Wrap Roll,3126,155.34,207.37
50668,Commercial-Grade Wire Connector Kit - 4445 lb,Electrical,Wire Connector Kit,3011,123.53,161.63
50669,Industrial Forklift Attachment - 29 pc,Material Handling,Forklift Attachment,3067,522.35,851.84
50670,Commercial-Grade Wire Connector Kit - L,Electrical,Wire Connector Kit,3162,473.88,811.01
50671,Compact Industrial Mop - M,Cleaning & Facility,Industrial Mop,3180,33.86,46.73
50672,Heavy-Duty Degreaser Concentrate - 4 pc,Cleaning & Facility,Degreaser Concentrate,3117,840.53,1286.37
50673,Commercial-Grade Industrial Mop - S,Cleaning & Facility,Industrial Mop,3043,738.41,989.71
50674,Reinforced Shipping Label Printer,Packaging,Shipping Label Printer,3235,652.64,874.72
50675,Multi-Pack Steel Shelving Unit - 23 pc,Storage,Steel Shelving Unit,3100,580.23,922.75
50676,Heavy-Duty Power Strip,Electrical,Power Strip,3122,393.09,630.46
50677,Reinforced Trash Receptacle,Cleaning & Facility,Trash Receptacle,3187,808.43,1141.87
50678,Hand Truck,Material Handling,Hand Truck,3023,466.67,723.87
50679,Commercial-Grade Self-Tapping Screws,Fasteners,Self-Tapping Screws,3199,725.01,965.33
50680,Commercial-Grade Self-Tapping Screws - 4121 lb,Fasteners,Self-Tapping Screws,3231,626.43,1071.73
50681,Heavy-Duty Utility Cart - 1737 lb,Material Handling,Utility Cart,3068,380.57,549.56
50682,Premium Hex Bolt Set - 1626 lb,Fasteners,Hex Bolt Set,3131,537.38,696.7
50683,Compact Wire Connector Kit,Electrical,Wire Connector Kit,3020,74.58,110.68
50684,Commercial-Grade Trash Receptacle - M,Cleaning & Facility,Trash Receptacle,3012,446.3,623.81
50685,Extra-Large Storage Bin - 3580 lb,Storage,Storage Bin,3145,83.48,131.93
50686,Industrial Packing Tape,Packaging,Packing Tape,3201,630.35,933.83
50687,Premium Drum Handler - 7 pc,Material Handling,Drum Handler,3193,269.26,434.06
50688,Industrial Microfiber Cloth Pack - L,Cleaning & Facility,Microfiber Cloth Pack,3066,69.71,121.37
50689,Extra-Large Wire Shelving,Storage,Wire Shelving,3117,14.76,23.29
50690,Multi-Pack Washer Assortment - 41 pc,Fasteners,Washer Assortment,3172,588.15,1018.42
50691,Heavy-Duty Self-Tapping Screws - M,Fasteners,Self-Tapping Screws,3248,98.23,123.57
50692,Hydraulic Jack - M,Tools,Hydraulic Jack,3160,553.5,812.48
50693,Industrial Cordless Drill - 3982 lb,Tools,Cordless Drill,3039,21.97,29.29
50694,Multi-Pack Degreaser Concentrate - S,Cleaning & Facility,Degreaser Concentrate,3213,173.93,266.93
50695,Standard Hex Bolt Set - 5264 lb,Fasteners,Hex Bolt Set,3188,832.64,1394.1
50696,Multi-Pack Corrugated Shipping Box,Packaging,Corrugated Shipping Box,3231,616.89,1059.6
50697,Floor Scrubber Pads - 29 pc,Cleaning & Facility,Floor Scrubber Pads,3165,471.83,652.98
50698,Heavy-Duty Rivet Kit - 41 pc,Fasteners,Rivet Kit,3041,383.01,562.3
50699,Compact Poly Mailer - XL,Packaging,Poly Mailer,3175,433.21,668.8
50700,Multi-Pack Power Strip - 3297 lb,Electrical,Power Strip,3188,708.7,1124.39
50701,Commercial-Grade Wire Connector Kit - 806 lb,Electrical,Wire Connector Kit,3155,112.78,152.22
50702,Premium Industrial Mop - XL,Cleaning & Facility,Industrial Mop,3091,474.86,830.83
50703,Commercial-Grade Packing Tape,Packaging,Packing Tape,3058,289.39,378.23
50704,Compact Storage Cabinet - 18 pc,Storage,Storage Cabinet,3142,654.78,1070.6
50705,Extra-Large Stretch Wrap Roll - 513 lb,Packaging,Stretch Wrap Roll,3193,679.84,1177.02
50706,Reinforced Storage Bin,Storage,Storage Bin,3222,92.73,145.12
50707,Commercial-Grade Torque Wrench Set,Tools,Torque Wrench Set,3039,425.39,716.89
50708,Commercial-Grade LED Work Light - 3697 lb,Electrical,LED Work Light,3213,654.64,820.46
50709,Industrial Trash Receptacle - 7 pc,Cleaning & Facility,Trash Receptacle,3161,608.92,887.5
50710,Extra-Large Impact Wrench - 1230 lb,Tools,Impact Wrench,3117,353.45,514.15
50711,Multi-Pack Commercial Extension Cord,Electrical,Commercial Extension Cord,3197,75.26,105.92
50712,Forklift Attachment - XL,Material Handling,Forklift Attachment,3161,767.48,981.53
50713,Premium Bubble Wrap Roll - 48 pc,Packaging,Bubble Wrap Roll,3135,10.19,14.16
50714,Premium Dock Plate,Material Handling,Dock Plate,3113,532.02,829.47
50715,Premium Cable Management Tray,Electrical,Cable Management Tray,3184,458.44,662.44
50716,Extra-Large Conveyor Roller,Material Handling,Conveyor Roller,3193,470.59,710.91
50717,Pallet Jack - 2589 lb,Material Handling,Pallet Jack,3015,838.96,1095.03
50718,Extra-Large LED Work Light,Electrical,LED Work Light,3001,383.36,588.92
50719,Compact Trash Receptacle - 24 pc,Cleaning & Facility,Trash Receptacle,3146,568.05,941.57
50720,Premium Dock Plate,Material Handling,Dock Plate,3092,496.48,824.86
50721,Commercial-Grade Industrial Mop,Cleaning & Facility,Industrial Mop,3121,56.15,95.13
50722,Heavy-Duty Angle Grinder - 4411 lb,Tools,Angle Grinder,3101,501.44,756.91
50723,Multi-Pack Shipping Label Printer - 4110 lb,Packaging,Shipping Label Printer,3032,700.86,926.66
50724,Commercial-Grade Degreaser Concentrate - 1841 lb,Cleaning & Facility,Degreaser Concentrate,3241,404.2,656.12
50725,Reinforced Commercial Extension Cord - 9 pc,Electrical,Commercial Extension Cord,3039,487.5,619.19
50726,Industrial Stackable Tote - 2508 lb,Storage,Stackable Tote,3200,27.18,35.92
50727,Industrial Hex Bolt Set - 1599 lb,Fasteners,Hex Bolt Set,3017,5.27,8.03
50728,Multi-Pack First Aid Kits - 38 pc,Safety Equipment,First Aid Kits,3184,664.91,989.13
50729,Commercial-Grade Drum Handler - 3785 lb,Material Handling,Drum Handler,3022,129.61,209.18
50730,Compact Rivet Kit,Fasteners,Rivet Kit,3188,814.51,1380.61
50731,Heavy-Duty Poly Mailer,Packaging,Poly Mailer,3079,536.89,878.24
50732,Extra-Large Bulk Storage Container,Storage,Bulk Storage Container,3145,491.81,627.76
50733,Multi-Pack Hydraulic Jack,Tools,Hydraulic Jack,3201,155.65,196.04
50734,Reinforced Impact Wrench,Tools,Impact Wrench,3125,274.74,424.32
50735,Premium Respirator Masks,Safety Equipment,Respirator Masks,3029,272.16,375.2
50736,Commercial-Grade Storage Cabinet - 11 pc,Storage,Storage Cabinet,3243,653.87,867.76
50737,Anchor Bolt Kit,Fasteners,Anchor Bolt Kit,3036,255.78,332.35
50738,Industrial Self-Tapping Screws - XL,Fasteners,Self-Tapping Screws,3060,206.34,319.52
50739,Extra-Large Microfiber Cloth Pack,Cleaning & Facility,Microfiber Cloth Pack,3016,272.97,416.71
50740,Premium Industrial Mop,Cleaning & Facility,Industrial Mop,3063,819.08,1300.33
50741,Reinforced Utility Cart,Material Handling,Utility Cart,3095,175.73,304.71
50742,Compact Drum Handler,Material Handling,Drum Handler,3212,4.35,6.45
50743,Commercial-Grade Poly Mailer - 5 pc,Packaging,Poly Mailer,3097,509.6,850.9
50744,Compact Cable Management Tray,Electrical,Cable Management Tray,3101,480.15,672.36
50745,Commercial-Grade Modular Drawer System,Storage,Modular Drawer System,3226,430.83,711.31
50746,Industrial Cable Management Tray - 19 pc,Electrical,Cable Management Tray,3153,292.69,433.15
50747,Commercial-Grade Commercial Extension Cord,Electrical,Commercial Extension Cord,3105,766.57,1216.05
50748,Extra-Large Degreaser Concentrate,Cleaning & Facility,Degreaser Concentrate,3208,459.47,779.39
50749,Standard Industrial Mop - 3032 lb,Cleaning & Facility,Industrial Mop,3178,153.49,250.8
50750,Multi-Pack Hard Hats,Safety Equipment,Hard Hats,3071,191.02,240.66
50751,Heavy-Duty Circuit Breaker - L,Electrical,Circuit Breaker,3009,833.17,1444.42
50752,Reinforced Bubble Wrap Roll - 1706 lb,Packaging,Bubble Wrap Roll,3128,97.42,135.28
50753,Extra-Large Floor Scrubber Pads,Cleaning & Facility,Floor Scrubber Pads,3032,481.89,618.11
50754,Industrial Steel Shelving Unit - M,Storage,Steel Shelving Unit,3248,721.05,909.65
50755,Extra-Large Poly Mailer,Packaging,Poly Mailer,3216,726.29,1025.16
50756,Heavy-Duty Self-Tapping Screws,Fasteners,Self-Tapping Screws,3057,646.01,1092.99
50757,Premium Ear Protection - 142 lb,Safety Equipment,Ear Protection,3146,168.24,217.18
50758,Premium Safety Goggles - S,Safety Equipment,Safety Goggles,3160,282.19,361.6
50759,Multi-Pack Storage Bin - 3 pc,Storage,Storage Bin,3121,714.99,982.09
50760,Torque Wrench Set,Tools,Torque Wrench Set,3195,660.17,1029.72
50761,Multi-Pack Bulk Storage Container,Storage,Bulk Storage Container,3177,322.96,547.43
50762,Commercial-Grade Modular Drawer System - 30 pc,Storage,Modular Drawer System,3026,520.49,763.0
50763,Industrial Safety Vests,Safety Equipment,Safety Vests,3153,640.04,874.65
50764,Premium Fall Protection Harness,Safety Equipment,Fall Protection Harness,3172,89.23,140.58
50765,Extra-Large Fall Protection Harness,Safety Equipment,Fall Protection Harness,3017,90.43,139.95
50766,Commercial-Grade Tool Chest - 3548 lb,Tools,Tool Chest,3062,616.89,908.25
50767,Drum Handler,Material Handling,Drum Handler,3193,372.45,644.29
50768,Reinforced LED Work Light - 11 pc,Electrical,LED Work Light,3248,514.22,717.61
50769,Protective Gloves,Safety Equipment,Protective Gloves,3051,360.77,486.21
50770,Heavy-Duty Hydraulic Jack - 3997 lb,Tools,Hydraulic Jack,3148,511.2,723.64
50771,Industrial Power Strip,Electrical,Power Strip,3010,388.07,638.22
50772,Floor Scrubber Pads - 1986 lb,Cleaning & Facility,Floor Scrubber Pads,3188,531.65,728.1
50773,Premium Cable Management Tray,Electrical,Cable Management Tray,3007,310.62,399.73
50774,Industrial Steel Shelving Unit,Storage,Steel Shelving Unit,3249,776.11,1109.8
50775,Compact Safety Goggles - 13 pc,Safety Equipment,Safety Goggles,3141,612.0,868.98
50776,Compact Impact Wrench,Tools,Impact Wrench,3097,21.27,33.79
50777,Compact Stackable Tote - 31 pc,Storage,Stackable Tote,3240,688.73,1088.51
50778,Heavy-Duty Hex Bolt Set - M,Fasteners,Hex Bolt Set,3081,454.31,725.61
50779,Anchor Bolt Kit - M,Fasteners,Anchor Bolt Kit,3203,280.88,358.58
50780,Commercial-Grade Strapping Kit - 766 lb,Packaging,Strapping Kit,3042,673.08,1048.28
50781,Standard Washer Assortment - XL,Fasteners,Washer Assortment,3177,275.92,396.48
50782,Multi-Pack Degreaser Concentrate,Cleaning & Facility,Degreaser Concentrate,3229,553.5,749.22
50783,Compact Angle Grinder - 2606 lb,Tools,Angle Grinder,3239,755.79,1160.66
50784,Extra-Large LED Work Light - 10 pc,Electrical,LED Work Light,3149,379.77,541.47
50785,Extra-Large Fall Protection Harness - 3795 lb,Safety Equipment,Fall Protection Harness,3127,369.62,529.94
50786,Premium LED Work Light - S,Electrical,LED Work Light,3230,228.35,294.1
50787,Extra-Large Stackable Tote,Storage,Stackable Tote,3139,103.88,148.56
50788,Compact Torque Wrench Set - 18 pc,Tools,Torque Wrench Set,3035,164.88,255.9
50789,Industrial Corrugated Shipping Box - 3408 lb,Packaging,Corrugated Shipping Box,3003,699.21,1138.95
50790,Commercial-Grade Microfiber Cloth Pack - XL,Cleaning & Facility,Microfiber Cloth Pack,3201,405.11,610.87
50791,Standard Degreaser Concentrate - 1638 lb,Cleaning & Facility,Degreaser Concentrate,3053,655.42,1048.0
50792,Extra-Large Degreaser Concentrate,Cleaning & Facility,Degreaser Concentrate,3188,743.13,1042.45
50793,Standard Fall Protection Harness - 3533 lb,Safety Equipment,Fall Protection Harness,3199,584.0,847.78
50794,Reinforced Packing Tape - S,Packaging,Packing Tape,3084,133.6,230.64
50795,Compact Rivet Kit - 4478 lb,Fasteners,Rivet Kit,3145,162.93,212.51
50796,Heavy-Duty Trash Receptacle - M,Cleaning & Facility,Trash Receptacle,3125,30.64,48.86
50797,Compact Protective Gloves - S,Safety Equipment,Protective Gloves,3017,200.77,317.17
50798,Standard Industrial Mop - 2776 lb,Cleaning & Facility,Industrial Mop,3033,334.57,583.76
50799,Heavy-Duty Rivet Kit - XL,Fasteners,Rivet Kit,3170,265.71,440.8
50800,Reinforced Floor Scrubber Pads,Cleaning & Facility,Floor Scrubber Pads,3051,610.25,902.85
50801,Multi-Pack Protective Gloves - S,Safety Equipment,Protective Gloves,3225,448.64,765.0
50802,Multi-Pack Degreaser Concentrate - 49 pc,Cleaning & Facility,Degreaser Concentrate,3088,550.59,941.2
50803,Reinforced Bubble Wrap Roll - M,Packaging,Bubble Wrap Roll,3117,765.32,1237.23
50804,Reinforced Anchor Bolt Kit - S,Fasteners,Anchor Bolt Kit,3225,753.11,1000.86
50805,Heavy-Duty Poly Mailer,Packaging,Poly Mailer,3193,106.12,152.21
50806,Standard Storage Cabinet - 30 pc,Storage,Storage Cabinet,3006,179.04,227.8
50807,Multi-Pack Bulk Storage Container - XL,Storage,Bulk Storage Container,3029,339.28,425.92
50808,Multi-Pack Utility Cart,Material Handling,Utility Cart,3243,467.74,641.34
50809,Multi-Pack Floor Scrubber Pads,Cleaning & Facility,Floor Scrubber Pads,3031,517.32,692.49
50810,Heavy-Duty Anchor Bolt Kit - S,Fasteners,Anchor Bolt Kit,3182,376.52,504.15
50811,Multi-Pack Safety Goggles,Safety Equipment,Safety Goggles,3013,334.16,469.21
50812,Premium Safety Vests - M,Safety Equipment,Safety Vests,3007,172.79,217.37
50813,Compact Respirator Masks - S,Safety Equipment,Respirator Masks,3131,616.38,784.04
50814,Standard Modular Drawer System - L,Storage,Modular Drawer System,3101,532.29,914.03
50815,Compact Hex Bolt Set - 8 pc,Fasteners,Hex Bolt Set,3080,150.47,218.34
50816,Compact First Aid Kits - 16 pc,Safety Equipment,First Aid Kits,3017,553.68,794.25
50817,Industrial Angle Grinder,Tools,Angle Grinder,3153,148.64,257.08
50818,Premium Cable Management Tray - 23 pc,Electrical,Cable Management Tray,3017,831.4,1316.26
50819,Reinforced Commercial Extension Cord - XL,Electrical,Commercial Extension Cord,3003,429.65,688.43
50820,Reinforced Cordless Drill - 2036 lb,Tools,Cordless Drill,3015,644.51,1005.36
50821,Multi-Pack Utility Cart - 1342 lb,Material Handling,Utility Cart,3236,176.51,223.98
50822,Commercial-Grade Trash Receptacle,Cleaning & Facility,Trash Receptacle,3165,444.42,772.75
50823,Strapping Kit - 48 pc,Packaging,Strapping Kit,3232,208.56,316.94
50824,Compact Hydraulic Jack - XL,Tools,Hydraulic Jack,3222,377.96,473.59
50825,Compact Industrial Mop - S,Cleaning & Facility,Industrial Mop,3140,109.79,146.77
50826,Extra-Large Impact Wrench - 29 pc,Tools,Impact Wrench,3108,142.46,192.15
50827,Compact Conveyor Roller - 4822 lb,Material Handling,Conveyor Roller,3220,822.68,1111.19
50828,Standard Industrial Mop - 1474 lb,Cleaning & Facility,Industrial Mop,3188,377.12,566.68
50829,Multi-Pack Anchor Bolt Kit - 3224 lb,Fasteners,Anchor Bolt Kit,3235,726.45,1183.7
50830,Extra-Large Shipping Label Printer - 37 pc,Packaging,Shipping Label Printer,3072,325.55,456.72
50831,Reinforced Washer Assortment - XL,Fasteners,Washer Assortment,3234,608.63,820.35
50832,Cordless Drill - 3414 lb,Tools,Cordless Drill,3095,799.45,1387.24
50833,Industrial Rivet Kit,Fasteners,Rivet Kit,3049,329.26,504.69
50834,Standard Self-Tapping Screws,Fasteners,Self-Tapping Screws,3188,554.49,949.99
50835,Multi-Pack Impact Wrench,Tools,Impact Wrench,3066,593.91,934.02
50836,Industrial Floor Scrubber Pads - M,Cleaning & Facility,Floor Scrubber Pads,3164,13.94,22.8
50837,Reinforced Rivet Kit - 1646 lb,Fasteners,Rivet Kit,3177,143.87,210.54
50838,Extra-Large Shipping Label Printer - 2622 lb,Packaging,Shipping Label Printer,3222,640.46,1096.57
50839,Reinforced Storage Bin - L,Storage,Storage Bin,3078,790.76,1145.8
50840,Multi-Pack Protective Gloves - 672 lb,Safety Equipment,Protective Gloves,3187,447.88,706.42
50841,Commercial-Grade Anchor Bolt Kit - L,Fasteners,Anchor Bolt Kit,3028,415.3,623.49
50842,Compact Microfiber Cloth Pack - M,Cleaning & Facility,Microfiber Cloth Pack,3230,688.47,926.64
50843,Reinforced Rivet Kit,Fasteners,Rivet Kit,3070,251.63,362.06
50844,Stackable Tote,Storage,Stackable Tote,3244,11.55,15.97
50845,Heavy-Duty Safety Vests - 159 lb,Safety Equipment,Safety Vests,3194,513.93,896.01
50846,Multi-Pack Bubble Wrap Roll - 40 pc,Packaging,Bubble Wrap Roll,3080,317.37,537.97
50847,Premium Torque Wrench Set - 41 pc,Tools,Torque Wrench Set,3000,742.56,1227.55
50848,Commercial-Grade Degreaser Concentrate,Cleaning & Facility,Degreaser Concentrate,3208,240.07,384.02
50849,Multi-Pack Torque Wrench Set - XL,Tools,Torque Wrench Set,3241,6.15,9.65
50850,Standard Commercial Extension Cord - 2766 lb,Electrical,Commercial Extension Cord,3189,201.21,300.26
50851,Premium Stackable Tote - 922 lb,Storage,Stackable Tote,3036,252.26,339.93
50852,Multi-Pack Protective Gloves - 4595 lb,Safety Equipment,Protective Gloves,3029,145.76,214.73
50853,Compact Microfiber Cloth Pack,Cleaning & Facility,Microfiber Cloth Pack,3007,92.78,162.06
50854,Premium Utility Cart - 2210 lb,Material Handling,Utility Cart,3170,808.95,1282.43
50855,Multi-Pack Conveyor Roller - S,Material Handling,Conveyor Roller,3153,792.25,1293.88
50856,Standard Bulk Storage Container,Storage,Bulk Storage Container,3059,821.43,1206.25
50857,Heavy-Duty Torque Wrench Set,Tools,Torque Wrench Set,3048,291.51,450.7
50858,Standard Storage Cabinet,Storage,Storage Cabinet,3151,627.3,881.61
50859,Premium Hydraulic Jack - XL,Tools,Hydraulic Jack,3056,443.47,687.74
50860,Wire Shelving - 22 pc,Storage,Wire Shelving,3116,712.2,1068.24
50861,Industrial Conveyor Roller,Material Handling,Conveyor Roller,3176,274.5,412.08
50862,Reinforced Stackable Tote - 1867 lb,Storage,Stackable Tote,3015,250.25,433.75
50863,Compact Circuit Breaker - M,Electrical,Circuit Breaker,3076,728.76,1176.0
50864,Extra-Large Pallet Jack - 3560 lb,Material Handling,Pallet Jack,3100,841.8,1371.17
50865,Industrial Storage Cabinet,Storage,Storage Cabinet,3192,336.83,443.08
50866,Multi-Pack Ear Protection - 1226 lb,Safety Equipment,Ear Protection,3037,592.63,827.04
50867,Compact Impact Wrench,Tools,Impact Wrench,3037,577.7,1007.65
50868,Commercial-Grade Rivet Kit - 3012 lb,Fasteners,Rivet Kit,3131,155.56,198.53
50869,Premium Power Strip - M,Electrical,Power Strip,3125,32.27,44.22
50870,Reinforced Poly Mailer,Packaging,Poly Mailer,3166,661.85,1113.53
50871,Multi-Pack Self-Tapping Screws,Fasteners,Self-Tapping Screws,3171,73.45,109.78
50872,Reinforced Cordless Drill,Tools,Cordless Drill,3165,156.8,233.96
50873,Reinforced Self-Tapping Screws,Fasteners,Self-Tapping Screws,3137,607.7,1021.61
50874,Forklift Attachment,Material Handling,Forklift Attachment,3149,417.07,629.55
50875,Compact Modular Drawer System - S,Storage,Modular Drawer System,3080,8.01,11.8
50876,Commercial-Grade Storage Bin,Storage,Storage Bin,3008,479.65,803.76
50877,Extra-Large Storage Bin - L,Storage,Storage Bin,3000,361.61,622.91
50878,Torque Wrench Set - 4475 lb,Tools,Torque Wrench Set,3080,121.89,182.25
50879,Extra-Large Power Strip,Electrical,Power Strip,3076,204.21,274.47
50880,Reinforced Impact Wrench - 39 pc,Tools,Impact Wrench,3019,112.27,175.27
50881,Premium Packing Tape,Packaging,Packing Tape,3240,803.22,1275.72
50882,Compact Conveyor Roller - S,Material Handling,Conveyor Roller,3165,608.28,931.78
50883,Commercial-Grade Forklift Attachment,Material Handling,Forklift Attachment,3069,819.54,1125.84
50884,Heavy-Duty Storage Cabinet,Storage,Storage Cabinet,3069,310.63,440.09
50885,Compact Drum Handler - 902 lb,Material Handling,Drum Handler,3243,832.63,1133.3
50886,Heavy-Duty Modular Drawer System,Storage,Modular Drawer System,3135,698.77,1044.53
50887,Reinforced Cable Management Tray,Electrical,Cable Management Tray,3081,87.36,111.3
50888,Standard Anchor Bolt Kit - XL,Fasteners,Anchor Bolt Kit,3182,222.8,354.99
50889,Commercial-Grade Dock Plate - 26 pc,Material Handling,Dock Plate,3249,48.25,77.81
50890,Compact Cable Management Tray - XL,Electrical,Cable Management Tray,3119,375.08,535.24
50891,Premium Packing Tape,Packaging,Packing Tape,3080,805.52,1170.63
50892,Heavy-Duty Bulk Storage Container,Storage,Bulk Storage Container,3190,143.27,183.2
50893,Multi-Pack Shipping Label Printer - S,Packaging,Shipping Label Printer,3173,409.53,617.37
50894,Wire Shelving - 159 lb,Storage,Wire Shelving,3062,598.24,972.04
50895,Commercial-Grade Fall Protection Harness - 13 pc,Safety Equipment,Fall Protection Harness,3243,714.06,1075.98
50896,Multi-Pack First Aid Kits,Safety Equipment,First Aid Kits,3212,289.58,460.3
50897,Industrial Stackable Tote - XL,Storage,Stackable Tote,3100,5.39,8.44
50898,Extra-Large Torque Wrench Set - 5160 lb,Tools,Torque Wrench Set,3117,52.17,65.37
50899,Standard LED Work Light - S,Electrical,LED Work Light,3110,343.85,431.34
50900,Heavy-Duty Floor Scrubber Pads - 1114 lb,Cleaning & Facility,Floor Scrubber Pads,3064,9.35,15.28
50901,Premium Angle Grinder - 3085 lb,Tools,Angle Grinder,3068,758.74,1151.93
50902,Multi-Pack Wire Shelving - 2997 lb,Storage,Wire Shelving,3181,8.42,14.24
50903,Compact Cordless Drill - 1195 lb,Tools,Cordless Drill,3008,359.92,509.51
50904,Compact Dock Plate,Material Handling,Dock Plate,3204,359.96,548.96
50905,Premium Utility Cart,Material Handling,Utility Cart,3088,674.53,885.7
50906,Safety Goggles,Safety Equipment,Safety Goggles,3124,371.16,517.67
50907,Premium Modular Drawer System,Storage,Modular Drawer System,3029,161.68,224.83
50908,Compact Poly Mailer,Packaging,Poly Mailer,3046,597.02,896.23
50909,Reinforced Hydraulic Jack - M,Tools,Hydraulic Jack,3049,343.19,475.98
50910,Forklift Attachment - 517 lb,Material Handling,Forklift Attachment,3162,348.28,488.71
50911,Standard Impact Wrench,Tools,Impact Wrench,3028,365.02,465.7
50912,Industrial Packing Tape - L,Packaging,Packing Tape,3010,274.25,349.33
50913,Standard Safety Vests - 20 pc,Safety Equipment,Safety Vests,3047,772.53,1004.58
50914,Standard Bubble Wrap Roll,Packaging,Bubble Wrap Roll,3197,569.76,906.76
50915,Standard Utility Cart,Material Handling,Utility Cart,3070,515.39,705.63
50916,Premium Tool Chest,Tools,Tool Chest,3233,105.38,162.63
50917,Multi-Pack Impact Wrench,Tools,Impact Wrench,3194,293.76,473.74
50918,Commercial-Grade Tool Chest - 1670 lb,Tools,Tool Chest,3224,469.49,646.14
50919,Multi-Pack LED Work Light - 654 lb,Electrical,LED Work Light,3128,358.19,614.53
50920,Reinforced Protective Gloves - 46 pc,Safety Equipment,Protective Gloves,3203,41.97,64.34
50921,Premium Socket Set,Tools,Socket Set,3192,825.91,1100.74
50922,Premium Washer Assortment - XL,Fasteners,Washer Assortment,3055,159.31,211.88
50923,Extra-Large Fall Protection Harness - 21 pc,Safety Equipment,Fall Protection Harness,3043,603.04,920.28
50924,Extra-Large Cordless Drill - M,Tools,Cordless Drill,3034,800.94,1112.41
50925,Strapping Kit,Packaging,Strapping Kit,3154,4.69,6.68
50926,Heavy-Duty LED Work Light - 1194 lb,Electrical,LED Work Light,3014,763.94,1067.57
50927,Compact Respirator Masks,Safety Equipment,Respirator Masks,3199,458.4,797.33
50928,Premium Bulk Storage Container,Storage,Bulk Storage Container,3056,469.82,779.16
50929,Compact LED Work Light - XL,Electrical,LED Work Light,3037,621.29,911.4
50930,Multi-Pack Industrial Mop - M,Cleaning & Facility,Industrial Mop,3186,163.37,244.28
50931,Industrial Dock Plate - S,Material Handling,Dock Plate,3048,695.51,1108.42
50932,Heavy-Duty Steel Shelving Unit - 3827 lb,Storage,Steel Shelving Unit,3186,88.35,133.71
50933,Premium Hard Hats,Safety Equipment,Hard Hats,3011,649.76,1021.58
50934,Heavy-Duty Hand Truck,Material Handling,Hand Truck,3245,14.93,25.88
50935,Standard Storage Cabinet - 1240 lb,Storage,Storage Cabinet,3208,646.56,1096.69
50936,Standard Utility Cart,Material Handling,Utility Cart,3139,463.6,641.5
50937,Storage Bin,Storage,Storage Bin,3036,436.52,728.22
50938,Safety Goggles - M,Safety Equipment,Safety Goggles,3235,302.58,421.62
50939,Multi-Pack Hex Bolt Set,Fasteners,Hex Bolt Set,3019,813.15,1131.02
50940,Standard Commercial Extension Cord - S,Electrical,Commercial Extension Cord,3153,154.23,233.7
50941,Premium Dock Plate,Material Handling,Dock Plate,3026,695.57,990.63
50942,Standard Bubble Wrap Roll,Packaging,Bubble Wrap Roll,3199,732.94,1274.6
50943,Commercial-Grade Utility Cart,Material Handling,Utility Cart,3186,99.29,145.33
50944,Heavy-Duty Stretch Wrap Roll - 1589 lb,Packaging,Stretch Wrap Roll,3123,301.98,452.1
50945,Standard Washer Assortment - 2114 lb,Fasteners,Washer Assortment,3136,357.9,536.33
50946,Extra-Large Microfiber Cloth Pack,Cleaning & Facility,Microfiber Cloth Pack,3198,608.68,921.22
50947,Heavy-Duty Socket Set - M,Tools,Socket Set,3142,844.84,1063.3
50948,Heavy-Duty Floor Scrubber Pads - S,Cleaning & Facility,Floor Scrubber Pads,3218,252.96,334.43
50949,Compact Anchor Bolt Kit,Fasteners,Anchor Bolt Kit,3096,817.88,1310.23
50950,Standard First Aid Kits,Safety Equipment,First Aid Kits,3222,65.95,110.05
50951,Commercial-Grade Pallet Jack - L,Material Handling,Pallet Jack,3208,68.74,105.49
50952,Commercial-Grade Anchor Bolt Kit,Fasteners,Anchor Bolt Kit,3105,594.83,832.62
50953,Wire Connector Kit,Electrical,Wire Connector Kit,3192,749.4,948.79
50954,Commercial-Grade Conveyor Roller - 3570 lb,Material Handling,Conveyor Roller,3235,472.59,786.75
50955,Compact Poly Mailer,Packaging,Poly Mailer,3032,444.95,773.75
50956,Reinforced Angle Grinder - S,Tools,Angle Grinder,3154,699.75,1216.16
50957,Multi-Pack Modular Drawer System - 5446 lb,Storage,Modular Drawer System,3205,703.77,937.71
50958,Premium Cable Management Tray,Electrical,Cable Management Tray,3216,69.36,107.62
50959,Compact Commercial Extension Cord,Electrical,Commercial Extension Cord,3193,58.79,91.04
50960,Extra-Large Stretch Wrap Roll - M,Packaging,Stretch Wrap Roll,3144,231.35,402.16
50961,Fall Protection Harness - 22 pc,Safety Equipment,Fall Protection Harness,3072,10.68,15.25
50962,Compact Washer Assortment - 50 pc,Fasteners,Washer Assortment,3024,827.86,1325.68
50963,Extra-Large Wire Connector Kit,Electrical,Wire Connector Kit,3150,500.54,721.31
50964,Commercial-Grade Ear Protection,Safety Equipment,Ear Protection,3183,752.83,976.15
50965,Commercial-Grade Impact Wrench,Tools,Impact Wrench,3087,554.91,951.73
50966,Standard Floor Scrubber Pads - 5207 lb,Cleaning & Facility,Floor Scrubber Pads,3174,37.37,60.03
50967,Compact Anchor Bolt Kit - 4744 lb,Fasteners,Anchor Bolt Kit,3196,85.95,108.08
50968,Heavy-Duty Shipping Label Printer - 8 pc,Packaging,Shipping Label Printer,3017,147.17,205.71
50969,Standard Shipping Label Printer - L,Packaging,Shipping Label Printer,3121,605.07,895.73
50970,Multi-Pack Strapping Kit - 4759 lb,Packaging,Strapping Kit,3102,37.02,62.18
50971,Commercial-Grade Washer Assortment,Fasteners,Washer Assortment,3174,809.41,1162.99
50972,Multi-Pack Washer Assortment,Fasteners,Washer Assortment,3202,830.9,1062.33
50973,Extra-Large Socket Set - 11 pc,Tools,Socket Set,3218,321.63,493.72
50974,Premium Steel Shelving Unit - 44 pc,Storage,Steel Shelving Unit,3230,397.87,625.15
50975,Heavy-Duty Industrial Mop - 987 lb,Cleaning & Facility,Industrial Mop,3084,653.8,882.46
50976,Standard Stackable Tote,Storage,Stackable Tote,3039,239.14,303.5
50977,Compact Floor Scrubber Pads,Cleaning & Facility,Floor Scrubber Pads,3206,658.86,844.13
50978,Multi-Pack Wire Connector Kit,Electrical,Wire Connector Kit,3069,809.91,1289.24
50979,Commercial-Grade Poly Mailer - 11 pc,Packaging,Poly Mailer,3182,346.39,484.66
50980,Extra-Large Degreaser Concentrate - M,Cleaning & Facility,Degreaser Concentrate,3230,706.56,915.86
50981,Industrial Self-Tapping Screws - 2961 lb,Fasteners,Self-Tapping Screws,3200,411.2,624.1
50982,Premium Dock Plate - 4772 lb,Material Handling,Dock Plate,3228,700.18,1071.59
50983,Reinforced Cordless Drill,Tools,Cordless Drill,3037,130.9,193.64
50984,Heavy-Duty Trash Receptacle,Cleaning & Facility,Trash Receptacle,3219,840.04,1446.26
50985,Multi-Pack Dock Plate - S,Material Handling,Dock Plate,3042,359.18,547.05
50986,Standard Anchor Bolt Kit,Fasteners,Anchor Bolt Kit,3077,316.92,453.8
50987,Heavy-Duty Shipping Label Printer - 3835 lb,Packaging,Shipping Label Printer,3138,350.89,500.41
50988,Standard Washer Assortment - 3858 lb,Fasteners,Washer Assortment,3041,319.35,487.45
50989,Industrial Rivet Kit,Fasteners,Rivet Kit,3025,797.43,1357.98
50990,Heavy-Duty Modular Drawer System,Storage,Modular Drawer System,3191,792.86,1032.18
50991,Multi-Pack Bulk Storage Container - 2474 lb,Storage,Bulk Storage Container,3141,182.85,299.59
50992,Compact Hex Bolt Set - 2972 lb,Fasteners,Hex Bolt Set,3180,353.05,586.14
50993,Standard Hex Bolt Set - 34 pc,Fasteners,Hex Bolt Set,3214,748.09,1034.05
50994,Anchor Bolt Kit,Fasteners,Anchor Bolt Kit,3209,133.33,191.62
50995,Commercial-Grade LED Work Light - 4652 lb,Electrical,LED Work Light,3212,166.59,261.92
50996,Commercial-Grade First Aid Kits - 1523 lb,Safety Equipment,First Aid Kits,3111,768.88,1159.96
50997,Commercial-Grade Cordless Drill - 4826 lb,Tools,Cordless Drill,3066,717.13,1121.35
50998,Compact Utility Cart - 310 lb,Material Handling,Utility Cart,3039,13.27,21.7
50999,Reinforced Hard Hats - 1169 lb,Safety Equipment,Hard Hats,3047,540.57,885.88
51000,Compact Socket Set - L,Tools,Socket Set,3096,618.32,1022.42
51001,Poly Mailer,Packaging,Poly Mailer,3026,543.89,837.42
51002,Reinforced Wire Shelving - 8 pc,Storage,Wire Shelving,3019,225.28,301.95
51003,Compact Trash Receptacle,Cleaning & Facility,Trash Receptacle,3160,353.74,528.23
51004,Premium Steel Shelving Unit - 5290 lb,Storage,Steel Shelving Unit,3002,687.94,921.77
51005,Reinforced Dock Plate - 9 pc,Material Handling,Dock Plate,3139,413.13,643.24
51006,Extra-Large Protective Gloves,Safety Equipment,Protective Gloves,3131,28.52,35.98
51007,Standard Hand Truck - 15 pc,Material Handling,Hand Truck,3177,120.8,156.04
51008,Industrial Utility Cart - 14 pc,Material Handling,Utility Cart,3119,602.89,950.13
51009,Extra-Large Degreaser Concentrate - XL,Cleaning & Facility,Degreaser Concentrate,3183,171.0,286.09
51010,Heavy-Duty Bubble Wrap Roll - 1786 lb,Packaging,Bubble Wrap Roll,3152,370.43,545.67
51011,Standard Strapping Kit - 3237 lb,Packaging,Strapping Kit,3229,172.56,246.15
51012,Commercial-Grade Wire Shelving,Storage,Wire Shelving,3224,350.4,543.8
51013,Wire Connector Kit - 2743 lb,Electrical,Wire Connector Kit,3018,672.99,961.62
51014,Standard Socket Set,Tools,Socket Set,3183,11.65,18.57
51015,Multi-Pack Circuit Breaker,Electrical,Circuit Breaker,3134,329.9,511.64
51016,Extra-Large Cordless Drill,Tools,Cordless Drill,3174,489.35,769.81
51017,Standard Self-Tapping Screws - 506 lb,Fasteners,Self-Tapping Screws,3107,425.61,742.74
51018,Multi-Pack Storage Bin,Storage,Storage Bin,3072,327.59,503.9
51019,Multi-Pack Safety Vests,Safety Equipment,Safety Vests,3010,761.82,1301.96
51020,Cable Management Tray - 879 lb,Electrical,Cable Management Tray,3192,615.73,854.22
51021,Heavy-Duty Wire Connector Kit,Electrical,Wire Connector Kit,3116,336.45,537.72
51022,Standard Industrial Mop,Cleaning & Facility,Industrial Mop,3082,702.25,926.53
51023,Commercial-Grade Anchor Bolt Kit,Fasteners,Anchor Bolt Kit,3222,841.17,1444.34
51024,Ear Protection,Safety Equipment,Ear Protection,3202,226.75,361.43
51025,Commercial-Grade Self-Tapping Screws,Fasteners,Self-Tapping Screws,3192,110.4,185.58
51026,Heavy-Duty Rivet Kit - 4015 lb,Fasteners,Rivet Kit,3187,829.98,1171.06
51027,Heavy-Duty Floor Scrubber Pads - 20 pc,Cleaning & Facility,Floor Scrubber Pads,3168,476.28,803.22
51028,Heavy-Duty Socket Set - S,Tools,Socket Set,3209,14.61,19.84
51029,Multi-Pack Anchor Bolt Kit,Fasteners,Anchor Bolt Kit,3080,648.2,976.81
51030,Multi-Pack Poly Mailer - M,Packaging,Poly Mailer,3249,188.7,270.18
51031,Extra-Large Microfiber Cloth Pack,Cleaning & Facility,Microfiber Cloth Pack,3078,238.69,317.96
51032,Multi-Pack Steel Shelving Unit - S,Storage,Steel Shelving Unit,3068,17.54,25.97
51033,Extra-Large Fall Protection Harness,Safety Equipment,Fall Protection Harness,3110,788.14,1018.3
51034,Premium Impact Wrench,Tools,Impact Wrench,3012,377.09,541.08
51035,Compact Rivet Kit - L,Fasteners,Rivet Kit,3126,506.36,767.02
51036,Hex Bolt Set,Fasteners,Hex Bolt Set,3068,48.48,61.47
51037,Extra-Large Cordless Drill,Tools,Cordless Drill,3100,595.64,865.04
51038,Industrial Steel Shelving Unit - XL,Storage,Steel Shelving Unit,3152,297.77,415.09
51039,Poly Mailer,Packaging,Poly Mailer,3232,407.08,571.0
51040,Standard Impact Wrench - 12 pc,Tools,Impact Wrench,3003,765.24,1010.82
51041,Standard Degreaser Concentrate,Cleaning & Facility,Degreaser Concentrate,3002,148.02,241.29
51042,Reinforced Wire Connector Kit - 2127 lb,Electrical,Wire Connector Kit,3145,96.1,159.47
51043,Compact Strapping Kit,Packaging,Strapping Kit,3085,88.14,145.6
51044,Standard Degreaser Concentrate - 44 pc,Cleaning & Facility,Degreaser Concentrate,3090,311.87,391.95
51045,Standard Poly Mailer,Packaging,Poly Mailer,3105,619.93,781.34
51046,Commercial-Grade Socket Set - L,Tools,Socket Set,3110,492.43,786.86
51047,Heavy-Duty Circuit Breaker,Electrical,Circuit Breaker,3173,820.76,1385.91
51048,Commercial-Grade Microfiber Cloth Pack - 45 pc,Cleaning & Facility,Microfiber Cloth Pack,3070,334.5,487.92
51049,Stretch Wrap Roll - 1107 lb,Packaging,Stretch Wrap Roll,3202,676.75,1037.68
51050,Heavy-Duty LED Work Light - 1305 lb,Electrical,LED Work Light,3074,579.9,876.57
51051,Multi-Pack Utility Cart,Material Handling,Utility Cart,3211,387.69,526.74
51052,Multi-Pack Storage Bin - 2 pc,Storage,Storage Bin,3064,562.4,703.18
51053,Industrial Utility Cart - M,Material Handling,Utility Cart,3149,846.54,1141.44
51054,Compact Stackable Tote - S,Storage,Stackable Tote,3108,690.61,1083.24
51055,Industrial Hex Bolt Set - L,Fasteners,Hex Bolt Set,3082,480.85,764.29
51056,Compact Dock Plate,Material Handling,Dock Plate,3076,172.4,241.79
51057,Commercial-Grade Microfiber Cloth Pack - XL,Cleaning & Facility,Microfiber Cloth Pack,3128,449.24,717.47
51058,Standard Wire Connector Kit - 3544 lb,Electrical,Wire Connector Kit,3006,393.98,672.24
51059,Commercial-Grade Hex Bolt Set,Fasteners,Hex Bolt Set,3230,319.34,498.31
51060,Premium Corrugated Shipping Box - 148 lb,Packaging,Corrugated Shipping Box,3117,687.03,1159.33
51061,Hard Hats - 43 pc,Safety Equipment,Hard Hats,3144,506.61,841.46
51062,Trash Receptacle,Cleaning & Facility,Trash Receptacle,3052,629.37,803.4
51063,Multi-Pack Conveyor Roller - M,Material Handling,Conveyor Roller,3239,258.21,362.9
51064,Reinforced Fall Protection Harness,Safety Equipment,Fall Protection Harness,3133,133.03,224.81
51065,Compact Steel Shelving Unit,Storage,Steel Shelving Unit,3031,379.19,484.54
51066,Multi-Pack Bubble Wrap Roll - 17 pc,Packaging,Bubble Wrap Roll,3219,699.06,1111.97
51067,Commercial-Grade Wire Shelving - S,Storage,Wire Shelving,3139,148.06,239.98
51068,Multi-Pack Angle Grinder,Tools,Angle Grinder,3100,420.79,666.47
51069,Multi-Pack Hex Bolt Set,Fasteners,Hex Bolt Set,3099,243.42,318.9
51070,Ear Protection - XL,Safety Equipment,Ear Protection,3070,399.58,643.94
51071,Standard Protective Gloves - 4401 lb,Safety Equipment,Protective Gloves,3038,437.79,585.43
51072,Reinforced Cable Management Tray - 31 pc,Electrical,Cable Management Tray,3236,667.97,1054.87
51073,Multi-Pack Hex Bolt Set - XL,Fasteners,Hex Bolt Set,3198,491.12,841.64
51074,Standard Stretch Wrap Roll - 5158 lb,Packaging,Stretch Wrap Roll,3187,60.7,76.77
51075,Heavy-Duty Hand Truck - 33 pc,Material Handling,Hand Truck,3206,646.76,1125.79
51076,Commercial-Grade Cordless Drill,Tools,Cordless Drill,3009,55.92,76.9
51077,Standard Wire Shelving,Storage,Wire Shelving,3163,594.97,856.05
51078,Industrial Impact Wrench - XL,Tools,Impact Wrench,3208,173.81,231.35
51079,Reinforced Cordless Drill - S,Tools,Cordless Drill,3001,31.64,41.77
51080,Reinforced Wire Connector Kit,Electrical,Wire Connector Kit,3146,423.51,705.65
51081,Standard Microfiber Cloth Pack - L,Cleaning & Facility,Microfiber Cloth Pack,3160,682.05,1002.23
51082,Reinforced Hex Bolt Set - 10 pc,Fasteners,Hex Bolt Set,3013,88.92,133.32
51083,Compact Commercial Extension Cord - 18 pc,Electrical,Commercial Extension Cord,3247,61.02,102.86
51084,Extra-Large Corrugated Shipping Box,Packaging,Corrugated Shipping Box,3139,267.81,417.6
51085,Multi-Pack Storage Cabinet,Storage,Storage Cabinet,3085,289.66,399.86
51086,Compact Protective Gloves - L,Safety Equipment,Protective Gloves,3144,421.29,696.32
51087,Heavy-Duty Respirator Masks,Safety Equipment,Respirator Masks,3033,754.78,1124.16
51088,Poly Mailer,Packaging,Poly Mailer,3122,194.17,276.72
51089,Compact Strapping Kit - S,Packaging,Strapping Kit,3174,455.69,765.63
51090,Fall Protection Harness - 1125 lb,Safety Equipment,Fall Protection Harness,3029,597.18,910.56
51091,Reinforced Industrial Mop - 24 pc,Cleaning & Facility,Industrial Mop,3059,373.02,477.08
51092,Storage Cabinet,Storage,Storage Cabinet,3223,42.25,69.75
51093,Hydraulic Jack - 1138 lb,Tools,Hydraulic Jack,3089,156.37,198.88
51094,Commercial-Grade Torque Wrench Set,Tools,Torque Wrench Set,3240,559.3,720.48
51095,Standard Angle Grinder - 30 pc,Tools,Angle Grinder,3167,663.95,927.1
51096,Industrial Tool Chest,Tools,Tool Chest,3105,91.86,130.75
51097,Heavy-Duty Trash Receptacle - M,Cleaning & Facility,Trash Receptacle,3031,261.63,399.37
51098,Commercial-Grade Cable Management Tray - 3706 lb,Electrical,Cable Management Tray,3214,810.25,1021.44
51099,Industrial Ear Protection,Safety Equipment,Ear Protection,3126,239.75,372.78
51100,Premium First Aid Kits - XL,Safety Equipment,First Aid Kits,3136,324.6,512.86
51101,Ear Protection - 3 pc,Safety Equipment,Ear Protection,3207,784.56,1336.67
51102,Hydraulic Jack - 5191 lb,Tools,Hydraulic Jack,3237,736.35,1208.58
51103,Extra-Large Hard Hats,Safety Equipment,Hard Hats,3145,395.85,608.14
51104,Premium Stretch Wrap Roll - XL,Packaging,Stretch Wrap Roll,3174,771.88,1073.18
51105,Compact Corrugated Shipping Box - 4778 lb,Packaging,Corrugated Shipping Box,3068,36.18,50.19
51106,Reinforced Strapping Kit,Packaging,Strapping Kit,3216,562.85,938.83
51107,Multi-Pack Forklift Attachment - 172 lb,Material Handling,Forklift Attachment,3163,34.82,49.77
51108,Angle Grinder,Tools,Angle Grinder,3046,269.32,345.27
51109,Industrial Strapping Kit - L,Packaging,Strapping Kit,3158,537.08,710.8
51110,Heavy-Duty Safety Goggles - 4251 lb,Safety Equipment,Safety Goggles,3183,494.38,628.35
51111,Industrial Cordless Drill,Tools,Cordless Drill,3089,611.56,948.09
51112,Extra-Large Storage Bin,Storage,Storage Bin,3095,204.1,288.37
51113,Premium Hex Bolt Set - 11 pc,Fasteners,Hex Bolt Set,3249,517.3,739.81
51114,Multi-Pack Self-Tapping Screws - L,Fasteners,Self-Tapping Screws,3038,315.27,439.94
51115,Reinforced Hard Hats,Safety Equipment,Hard Hats,3240,666.7,1071.0
51116,Reinforced Angle Grinder - 1329 lb,Tools,Angle Grinder,3244,649.05,1022.0
51117,Reinforced Steel Shelving Unit,Storage,Steel Shelving Unit,3168,679.18,1055.14
51118,Industrial Trash Receptacle - M,Cleaning & Facility,Trash Receptacle,3092,281.73,464.71
51119,Standard Angle Grinder - 2074 lb,Tools,Angle Grinder,3092,623.81,1054.31
51120,Extra-Large Stackable Tote - 5452 lb,Storage,Stackable Tote,3107,515.82,760.57
51121,Commercial-Grade Tool Chest - M,Tools,Tool Chest,3087,516.09,850.48
51122,Heavy-Duty Commercial Extension Cord - XL,Electrical,Commercial Extension Cord,3197,491.09,769.2
51123,Multi-Pack Impact Wrench - 1089 lb,Tools,Impact Wrench,3238,226.45,345.85
51124,Commercial-Grade Industrial Mop - S,Cleaning & Facility,Industrial Mop,3221,841.48,1107.55
51125,Standard Rivet Kit - M,Fasteners,Rivet Kit,3229,606.19,793.81
51126,Reinforced Power Strip,Electrical,Power Strip,3114,628.85,897.67
51127,Premium Rivet Kit - L,Fasteners,Rivet Kit,3150,624.36,1006.38
51128,Steel Shelving Unit - 5419 lb,Storage,Steel Shelving Unit,3130,324.64,476.99
51129,Heavy-Duty Strapping Kit - 21 pc,Packaging,Strapping Kit,3134,44.38,66.96
51130,Standard Self-Tapping Screws - XL,Fasteners,Self-Tapping Screws,3225,39.0,67.18
51131,Extra-Large Angle Grinder - 38 pc,Tools,Angle Grinder,3030,87.7,122.11
51132,Multi-Pack Packing Tape - 16 pc,Packaging,Packing Tape,3155,798.54,1101.76
51133,Industrial Steel Shelving Unit,Storage,Steel Shelving Unit,3007,713.54,1161.24
51134,Safety Goggles - XL,Safety Equipment,Safety Goggles,3109,242.08,417.33
51135,Commercial-Grade Microfiber Cloth Pack,Cleaning & Facility,Microfiber Cloth Pack,3067,379.69,556.68
51136,Commercial-Grade Modular Drawer System - 48 pc,Storage,Modular Drawer System,3056,683.78,1109.19
51137,Commercial-Grade Stackable Tote,Storage,Stackable Tote,3176,572.42,736.73
51138,Premium Commercial Extension Cord - 47 pc,Electrical,Commercial Extension Cord,3214,164.67,251.79
51139,Compact Safety Vests - M,Safety Equipment,Safety Vests,3038,573.49,792.93
51140,Multi-Pack Floor Scrubber Pads,Cleaning & Facility,Floor Scrubber Pads,3191,808.38,1356.93
51141,Premium Cordless Drill,Tools,Cordless Drill,3107,180.04,241.08
51142,Premium Shipping Label Printer - 2956 lb,Packaging,Shipping Label Printer,3224,452.54,781.61
51143,Compact Strapping Kit - 4073 lb,Packaging,Strapping Kit,3091,677.95,980.39
51144,Heavy-Duty Trash Receptacle - 2453 lb,Cleaning & Facility,Trash Receptacle,3169,824.07,1164.16
51145,Commercial-Grade Hex Bolt Set - 22 pc,Fasteners,Hex Bolt Set,3198,593.48,951.0
51146,Reinforced Degreaser Concentrate,Cleaning & Facility,Degreaser Concentrate,3227,249.77,375.59
51147,Extra-Large Hex Bolt Set - 2701 lb,Fasteners,Hex Bolt Set,3102,334.8,492.48
51148,Industrial Corrugated Shipping Box - 48 pc,Packaging,Corrugated Shipping Box,3114,542.1,689.99
51149,Reinforced Anchor Bolt Kit,Fasteners,Anchor Bolt Kit,3084,805.88,1254.47
51150,Extra-Large Conveyor Roller - 272 lb,Material Handling,Conveyor Roller,3233,79.9,128.03
51151,Heavy-Duty Power Strip - 35 pc,Electrical,Power Strip,3214,456.78,795.99
51152,Industrial Anchor Bolt Kit - 2815 lb,Fasteners,Anchor Bolt Kit,3240,186.02,300.73
51153,Safety Vests - 3359 lb,Safety Equipment,Safety Vests,3006,39.29,54.67
51154,Compact Socket Set - 1112 lb,Tools,Socket Set,3189,558.19,734.35
51155,Heavy-Duty Strapping Kit - 4232 lb,Packaging,Strapping Kit,3138,20.56,33.33
51156,Reinforced Pallet Jack - 14 pc,Material Handling,Pallet Jack,3190,667.81,976.72
51157,Industrial Ear Protection - 14 pc,Safety Equipment,Ear Protection,3096,823.98,1267.36
51158,Heavy-Duty Bubble Wrap Roll - 28 pc,Packaging,Bubble Wrap Roll,3136,412.66,703.1
51159,Angle Grinder - 48 pc,Tools,Angle Grinder,3115,649.13,1043.34
51160,Tool Chest - 16 pc,Tools,Tool Chest,3079,407.12,531.08
51161,Heavy-Duty Circuit Breaker - S,Electrical,Circuit Breaker,3063,735.58,1099.62
51162,Premium Steel Shelving Unit - XL,Storage,Steel Shelving Unit,3105,53.39,79.91
51163,Standard Poly Mailer,Packaging,Poly Mailer,3068,510.33,860.27
51164,Extra-Large Hydraulic Jack - 36 pc,Tools,Hydraulic Jack,3118,815.7,1115.77
51165,Extra-Large Microfiber Cloth Pack,Cleaning & Facility,Microfiber Cloth Pack,3041,321.52,523.58
51166,Compact Steel Shelving Unit - 419 lb,Storage,Steel Shelving Unit,3134,422.67,660.67
51167,Extra-Large Floor Scrubber Pads - 27 pc,Cleaning & Facility,Floor Scrubber Pads,3184,103.03,180.08
51168,Standard Shipping Label Printer - L,Packaging,Shipping Label Printer,3052,123.29,186.37
51169,Reinforced Power Strip - L,Electrical,Power Strip,3184,796.0,1363.98
51170,Extra-Large Hand Truck - 2702 lb,Material Handling,Hand Truck,3001,155.21,230.53
51171,Compact Poly Mailer,Packaging,Poly Mailer,3159,391.7,508.17
51172,Commercial-Grade Microfiber Cloth Pack,Cleaning & Facility,Microfiber Cloth Pack,3003,751.25,1068.64
51173,Industrial Torque Wrench Set - 39 pc,Tools,Torque Wrench Set,3065,532.14,772.47
51174,Reinforced Cordless Drill - 8 pc,Tools,Cordless Drill,3032,154.45,236.59
51175,Reinforced Self-Tapping Screws - 5145 lb,Fasteners,Self-Tapping Screws,3059,180.68,226.09
51176,Reinforced Cordless Drill - 1450 lb,Tools,Cordless Drill,3229,743.86,1050.08
51177,Extra-Large Protective Gloves - 29 pc,Safety Equipment,Protective Gloves,3061,259.62,423.18
51178,Premium Rivet Kit,Fasteners,Rivet Kit,3154,271.82,350.4
51179,Industrial Impact Wrench - 4691 lb,Tools,Impact Wrench,3175,418.36,687.99
51180,Premium Storage Cabinet - 13 pc,Storage,Storage Cabinet,3088,727.57,1189.85
51181,Reinforced Anchor Bolt Kit - M,Fasteners,Anchor Bolt Kit,3050,793.45,1386.73
51182,Extra-Large Trash Receptacle - 2 pc,Cleaning & Facility,Trash Receptacle,3234,281.53,480.16
51183,Shipping Label Printer - 4 pc,Packaging,Shipping Label Printer,3178,546.68,792.22
51184,Packing Tape,Packaging,Packing Tape,3121,538.69,805.42
51185,Standard Storage Bin - S,Storage,Storage Bin,3107,740.73,974.67
51186,Multi-Pack Storage Bin,Storage,Storage Bin,3167,238.39,399.61
51187,Standard Respirator Masks,Safety Equipment,Respirator Masks,3106,15.5,24.52
51188,Compact Hard Hats,Safety Equipment,Hard Hats,3155,149.59,190.32
51189,Extra-Large Socket Set,Tools,Socket Set,3030,266.9,408.43
51190,Reinforced Wire Connector Kit,Electrical,Wire Connector Kit,3186,101.92,132.02
51191,Standard Steel Shelving Unit - S,Storage,Steel Shelving Unit,3224,543.52,804.5
51192,Compact Torque Wrench Set - 536 lb,Tools,Torque Wrench Set,3035,601.06,804.82
51193,Compact Wire Connector Kit - M,Electrical,Wire Connector Kit,3112,832.46,1148.53
51194,Multi-Pack Corrugated Shipping Box - 39 pc,Packaging,Corrugated Shipping Box,3212,657.31,993.54
51195,Reinforced Pallet Jack,Material Handling,Pallet Jack,3088,181.83,291.13
51196,Standard Stretch Wrap Roll - L,Packaging,Stretch Wrap Roll,3008,222.08,329.53
51197,Commercial-Grade Storage Cabinet,Storage,Storage Cabinet,3168,276.91,424.19
51198,Heavy-Duty Respirator Masks - 1400 lb,Safety Equipment,Respirator Masks,3231,406.01,575.86
51199,Standard Steel Shelving Unit,Storage,Steel Shelving Unit,3207,161.09,203.11
51200,Reinforced Microfiber Cloth Pack - 3371 lb,Cleaning & Facility,Microfiber Cloth Pack,3095,709.56,976.56
51201,Premium Wire Connector Kit,Electrical,Wire Connector Kit,3068,94.8,138.69
51202,Washer Assortment - 34 pc,Fasteners,Washer Assortment,3241,754.0,1306.39
51203,Commercial-Grade Tool Chest,Tools,Tool Chest,3196,824.88,1158.66
51204,Standard Drum Handler - 1454 lb,Material Handling,Drum Handler,3226,4.21,5.57
51205,Industrial Utility Cart - S,Material Handling,Utility Cart,3039,373.04,601.37
51206,Multi-Pack Commercial Extension Cord - 918 lb,Electrical,Commercial Extension Cord,3054,468.93,678.55
51207,Multi-Pack Degreaser Concentrate - 884 lb,Cleaning & Facility,Degreaser Concentrate,3034,112.28,183.19
51208,Industrial Self-Tapping Screws,Fasteners,Self-Tapping Screws,3189,64.16,95.86
51209,Reinforced Safety Goggles - 17 pc,Safety Equipment,Safety Goggles,3156,291.18,483.83
51210,Compact Hex Bolt Set,Fasteners,Hex Bolt Set,3086,182.31,267.58
51211,Premium Anchor Bolt Kit - 2648 lb,Fasteners,Anchor Bolt Kit,3066,575.12,857.12
51212,Commercial-Grade Anchor Bolt Kit,Fasteners,Anchor Bolt Kit,3175,397.06,512.73
51213,Premium Bulk Storage Container - S,Storage,Bulk Storage Container,3116,489.97,706.53
51214,Premium Fall Protection Harness - 2581 lb,Safety Equipment,Fall Protection Harness,3154,222.45,348.59
51215,Standard Microfiber Cloth Pack,Cleaning & Facility,Microfiber Cloth Pack,3045,826.1,1078.75
51216,Premium Washer Assortment - 11 pc,Fasteners,Washer Assortment,3066,806.15,1292.89
51217,Reinforced Tool Chest - 497 lb,Tools,Tool Chest,3125,241.97,317.17
51218,Trash Receptacle - 18 pc,Cleaning & Facility,Trash Receptacle,3006,574.88,939.02
51219,Industrial Stretch Wrap Roll - 243 lb,Packaging,Stretch Wrap Roll,3152,278.3,436.37
51220,Stackable Tote,Storage,Stackable Tote,3037,456.36,599.21
51221,Industrial Degreaser Concentrate - L,Cleaning & Facility,Degreaser Concentrate,3238,781.24,1329.51
51222,Heavy-Duty Industrial Mop - L,Cleaning & Facility,Industrial Mop,3207,519.32,837.09
51223,Extra-Large Wire Shelving - 23 pc,Storage,Wire Shelving,3243,361.17,455.5
51224,Heavy-Duty Poly Mailer,Packaging,Poly Mailer,3131,224.42,314.55
51225,Socket Set - L,Tools,Socket Set,3191,647.45,950.76
51226,Extra-Large Utility Cart - S,Material Handling,Utility Cart,3104,577.6,800.75
51227,Premium Cordless Drill - 2287 lb,Tools,Cordless Drill,3081,510.62,887.43
51228,Compact Steel Shelving Unit - S,Storage,Steel Shelving Unit,3182,57.44,80.07
51229,Premium Microfiber Cloth Pack - 3287 lb,Cleaning & Facility,Microfiber Cloth Pack,3087,790.64,993.27
51230,Multi-Pack LED Work Light - M,Electrical,LED Work Light,3099,454.04,606.15
51231,Bubble Wrap Roll,Packaging,Bubble Wrap Roll,3191,837.26,1081.36
51232,Industrial LED Work Light,Electrical,LED Work Light,3159,135.47,208.96
51233,Premium Power Strip - 50 pc,Electrical,Power Strip,3060,474.53,709.6
51234,Commercial-Grade Washer Assortment,Fasteners,Washer Assortment,3028,338.5,458.89
51235,Commercial-Grade Stretch Wrap Roll - 37 pc,Packaging,Stretch Wrap Roll,3153,639.46,933.03
51236,Standard Packing Tape - 44 pc,Packaging,Packing Tape,3057,428.7,650.02
51237,Multi-Pack Rivet Kit - L,Fasteners,Rivet Kit,3212,342.15,428.26
51238,Commercial-Grade Wire Connector Kit - 4852 lb,Electrical,Wire Connector Kit,3162,828.2,1205.15
51239,Commercial-Grade Safety Goggles - 4774 lb,Safety Equipment,Safety Goggles,3063,803.86,1135.46
51240,Multi-Pack Conveyor Roller,Material Handling,Conveyor Roller,3141,751.39,1184.99
51241,Commercial-Grade Hydraulic Jack - XL,Tools,Hydraulic Jack,3051,403.19,647.68
51242,Industrial Circuit Breaker,Electrical,Circuit Breaker,3154,393.89,540.62
51243,Commercial-Grade Floor Scrubber Pads,Cleaning & Facility,Floor Scrubber Pads,3223,683.82,1141.25
51244,Multi-Pack Hand Truck - 364 lb,Material Handling,Hand Truck,3220,737.47,1288.93
51245,Premium Hex Bolt Set,Fasteners,Hex Bolt Set,3136,609.42,946.73
51246,Multi-Pack Fall Protection Harness,Safety Equipment,Fall Protection Harness,3130,311.1,500.35
51247,Heavy-Duty Degreaser Concentrate,Cleaning & Facility,Degreaser Concentrate,3043,641.4,837.6
51248,Standard Wire Connector Kit - M,Electrical,Wire Connector Kit,3177,227.41,321.79
51249,Multi-Pack Wire Shelving - 50 pc,Storage,Wire Shelving,3201,253.46,373.18
51250,Reinforced Trash Receptacle - L,Cleaning & Facility,Trash Receptacle,3056,128.8,179.57
51251,Standard Power Strip,Electrical,Power Strip,3112,540.09,803.46
51252,Commercial-Grade Stretch Wrap Roll - 2494 lb,Packaging,Stretch Wrap Roll,3217,221.31,301.86
51253,Industrial Tool Chest - 39 pc,Tools,Tool Chest,3222,311.76,468.98
51254,Reinforced Rivet Kit - M,Fasteners,Rivet Kit,3133,500.51,751.04
51255,Multi-Pack Wire Connector Kit - M,Electrical,Wire Connector Kit,3171,413.2,594.98
51256,Compact Stackable Tote - L,Storage,Stackable Tote,3202,239.09,391.87
51257,Compact Bulk Storage Container,Storage,Bulk Storage Container,3215,776.1,1321.82
51258,Compact Socket Set - 369 lb,Tools,Socket Set,3129,533.75,921.26
51259,Extra-Large Stackable Tote,Storage,Stackable Tote,3204,446.18,612.31
51260,Compact Dock Plate - M,Material Handling,Dock Plate,3141,37.56,58.39
51261,Compact Corrugated Shipping Box - 10 pc,Packaging,Corrugated Shipping Box,3149,55.02,75.04
51262,Heavy-Duty Degreaser Concentrate,Cleaning & Facility,Degreaser Concentrate,3021,169.77,222.09
51263,Heavy-Duty Floor Scrubber Pads - 40 pc,Cleaning & Facility,Floor Scrubber Pads,3220,485.44,747.99
51264,Multi-Pack Bulk Storage Container,Storage,Bulk Storage Container,3064,643.07,1122.88
51265,Industrial Washer Assortment - 42 pc,Fasteners,Washer Assortment,3243,432.92,652.45
51266,Extra-Large Packing Tape,Packaging,Packing Tape,3028,429.34,671.04
51267,Forklift Attachment - 3954 lb,Material Handling,Forklift Attachment,3110,141.59,181.63
51268,Multi-Pack Corrugated Shipping Box - L,Packaging,Corrugated Shipping Box,3059,167.38,218.32
51269,Extra-Large Torque Wrench Set - 4445 lb,Tools,Torque Wrench Set,3156,90.62,126.87
51270,Commercial-Grade Tool Chest - 1672 lb,Tools,Tool Chest,3156,668.69,1120.84
51271,Extra-Large Utility Cart - 4976 lb,Material Handling,Utility Cart,3238,663.56,918.83
51272,Industrial Bubble Wrap Roll - 11 pc,Packaging,Bubble Wrap Roll,3080,618.66,1029.83
51273,Premium Trash Receptacle,Cleaning & Facility,Trash Receptacle,3247,648.72,941.97
51274,Commercial-Grade Self-Tapping Screws - XL,Fasteners,Self-Tapping Screws,3075,180.09,289.65
51275,Standard Commercial Extension Cord,Electrical,Commercial Extension Cord,3055,477.52,644.52
51276,Heavy-Duty Trash Receptacle - 17 pc,Cleaning & Facility,Trash Receptacle,3151,615.39,1058.93
51277,Premium Industrial Mop,Cleaning & Facility,Industrial Mop,3014,499.65,639.38
51278,Extra-Large LED Work Light,Electrical,LED Work Light,3018,402.91,681.09
51279,Premium Cable Management Tray - 11 pc,Electrical,Cable Management Tray,3112,489.47,749.34
51280,Reinforced Torque Wrench Set - 37 pc,Tools,Torque Wrench Set,3197,587.22,775.27
51281,Standard Modular Drawer System - L,Storage,Modular Drawer System,3092,275.45,375.67
51282,Industrial Circuit Breaker - L,Electrical,Circuit Breaker,3101,104.39,151.93
51283,Extra-Large Industrial Mop,Cleaning & Facility,Industrial Mop,3245,482.38,843.12
51284,Multi-Pack Power Strip,Electrical,Power Strip,3249,625.2,958.21
51285,Commercial-Grade Storage Cabinet,Storage,Storage Cabinet,3018,553.87,745.2
51286,Multi-Pack Self-Tapping Screws - 49 pc,Fasteners,Self-Tapping Screws,3086,65.32,102.81
51287,Premium Microfiber Cloth Pack - 27 pc,Cleaning & Facility,Microfiber Cloth Pack,3004,8.88,14.78
51288,Standard Safety Goggles - XL,Safety Equipment,Safety Goggles,3136,498.17,813.95
51289,Reinforced Floor Scrubber Pads - L,Cleaning & Facility,Floor Scrubber Pads,3078,163.36,216.31
51290,Pallet Jack - 10 pc,Material Handling,Pallet Jack,3080,811.62,1147.41
51291,Compact Socket Set - 1437 lb,Tools,Socket Set,3235,842.38,1151.1
51292,Standard Hydraulic Jack,Tools,Hydraulic Jack,3113,709.61,1020.1
51293,Angle Grinder - XL,Tools,Angle Grinder,3208,177.57,255.75
51294,Commercial-Grade Storage Bin,Storage,Storage Bin,3091,799.8,1295.93
51295,Compact Wire Connector Kit - 7 pc,Electrical,Wire Connector Kit,3241,408.11,613.95
51296,Industrial Mop,Cleaning & Facility,Industrial Mop,3214,303.74,523.3
51297,Industrial Wire Shelving - 791 lb,Storage,Wire Shelving,3246,744.98,937.13
51298,Standard Poly Mailer - S,Packaging,Poly Mailer,3039,481.42,632.57
51299,Multi-Pack Dock Plate - S,Material Handling,Dock Plate,3095,736.86,1164.59
51300,Premium Anchor Bolt Kit - M,Fasteners,Anchor Bolt Kit,3046,631.57,1045.35
51301,Commercial-Grade Commercial Extension Cord - 33 pc,Electrical,Commercial Extension Cord,3215,345.19,495.9
51302,Standard Shipping Label Printer,Packaging,Shipping Label Printer,3223,755.89,957.8
51303,Forklift Attachment,Material Handling,Forklift Attachment,3089,147.19,191.36
51304,Premium Cordless Drill - 3996 lb,Tools,Cordless Drill,3137,835.92,1402.73
51305,Reinforced Floor Scrubber Pads - 4001 lb,Cleaning & Facility,Floor Scrubber Pads,3082,764.97,1054.46
51306,Heavy-Duty Power Strip - XL,Electrical,Power Strip,3206,110.02,165.84
51307,Heavy-Duty Hand Truck - 47 pc,Material Handling,Hand Truck,3057,754.28,982.54
51308,Industrial Stretch Wrap Roll,Packaging,Stretch Wrap Roll,3226,443.61,682.53
51309,Commercial-Grade Strapping Kit - L,Packaging,Strapping Kit,3008,493.94,848.25
51310,Compact Hex Bolt Set,Fasteners,Hex Bolt Set,3101,710.65,972.82
51311,Reinforced Commercial Extension Cord - XL,Electrical,Commercial Extension Cord,3147,535.71,888.47
51312,Compact Rivet Kit,Fasteners,Rivet Kit,3167,375.84,609.79
51313,Commercial-Grade LED Work Light,Electrical,LED Work Light,3219,389.77,506.02
51314,Industrial Power Strip,Electrical,Power Strip,3058,820.16,1076.96
51315,Heavy-Duty Industrial Mop - 10 pc,Cleaning & Facility,Industrial Mop,3240,386.6,590.2
51316,Extra-Large Modular Drawer System - M,Storage,Modular Drawer System,3198,123.46,196.34
51317,Standard Safety Goggles,Safety Equipment,Safety Goggles,3138,43.28,65.64
51318,Extra-Large Socket Set,Tools,Socket Set,3219,579.46,908.28
51319,Commercial-Grade Hydraulic Jack,Tools,Hydraulic Jack,3075,815.34,1406.01
51320,Premium Washer Assortment - XL,Fasteners,Washer Assortment,3019,614.29,860.0
51321,Extra-Large Poly Mailer,Packaging,Poly Mailer,3105,815.53,1043.56
51322,Multi-Pack Hand Truck - 2086 lb,Material Handling,Hand Truck,3100,669.11,1052.54
51323,Standard Impact Wrench - S,Tools,Impact Wrench,3189,759.12,995.76
51324,Multi-Pack Hand Truck - 45 pc,Material Handling,Hand Truck,3079,12.62,16.52
51325,Reinforced Modular Drawer System - 16 pc,Storage,Modular Drawer System,3156,699.53,1063.73
51326,Heavy-Duty Floor Scrubber Pads - 435 lb,Cleaning & Facility,Floor Scrubber Pads,3160,712.85,982.11
51327,Reinforced Degreaser Concentrate - 47 pc,Cleaning & Facility,Degreaser Concentrate,3187,193.65,252.04
51328,Multi-Pack Circuit Breaker,Electrical,Circuit Breaker,3185,735.86,1022.92
51329,Extra-Large Packing Tape - 28 pc,Packaging,Packing Tape,3206,73.84,96.03
51330,Reinforced Floor Scrubber Pads - 4942 lb,Cleaning & Facility,Floor Scrubber Pads,3199,566.95,738.16
51331,Reinforced Microfiber Cloth Pack - 4351 lb,Cleaning & Facility,Microfiber Cloth Pack,3214,39.14,51.03
51332,Heavy-Duty Storage Cabinet - 50 pc,Storage,Storage Cabinet,3154,494.57,793.61
51333,Rivet Kit - 3706 lb,Fasteners,Rivet Kit,3240,488.84,738.82
51334,Rivet Kit,Fasteners,Rivet Kit,3074,537.24,759.92
51335,Multi-Pack Hex Bolt Set - 24 pc,Fasteners,Hex Bolt Set,3114,827.64,1137.47
51336,Multi-Pack Respirator Masks,Safety Equipment,Respirator Masks,3082,655.99,999.49
51337,Commercial-Grade Self-Tapping Screws - 7 pc,Fasteners,Self-Tapping Screws,3214,525.28,850.92
51338,Industrial Torque Wrench Set - 840 lb,Tools,Torque Wrench Set,3047,268.39,402.21
51339,Industrial Anchor Bolt Kit - 2860 lb,Fasteners,Anchor Bolt Kit,3245,761.78,1239.71
51340,Utility Cart - 14 pc,Material Handling,Utility Cart,3143,772.82,1236.6
51341,Extra-Large Strapping Kit,Packaging,Strapping Kit,3153,171.63,222.31
51342,Commercial-Grade Self-Tapping Screws - 2998 lb,Fasteners,Self-Tapping Screws,3216,116.11,167.5
51343,Reinforced Shipping Label Printer - 1941 lb,Packaging,Shipping Label Printer,3039,702.82,964.94
51344,Multi-Pack Corrugated Shipping Box - M,Packaging,Corrugated Shipping Box,3207,744.3,1094.25
51345,Impact Wrench,Tools,Impact Wrench,3142,412.59,606.29
51346,Commercial-Grade Angle Grinder - 4814 lb,Tools,Angle Grinder,3093,635.66,1019.2
51347,Standard Bubble Wrap Roll,Packaging,Bubble Wrap Roll,3034,305.76,528.67
51348,Compact Cable Management Tray - 4257 lb,Electrical,Cable Management Tray,3211,456.68,594.78
51349,Standard Socket Set,Tools,Socket Set,3112,711.69,1053.39
51350,Premium Microfiber Cloth Pack,Cleaning & Facility,Microfiber Cloth Pack,3229,383.13,603.48
51351,Commercial-Grade Wire Connector Kit,Electrical,Wire Connector Kit,3064,811.68,1126.65
51352,Premium Fall Protection Harness - 1862 lb,Safety Equipment,Fall Protection Harness,3077,265.77,424.86
51353,Reinforced Circuit Breaker,Electrical,Circuit Breaker,3156,269.69,338.03
51354,Reinforced Respirator Masks,Safety Equipment,Respirator Masks,3187,451.95,729.99
51355,Reinforced Impact Wrench - 341 lb,Tools,Impact Wrench,3024,620.32,878.31
51356,Premium Washer Assortment - XL,Fasteners,Washer Assortment,3079,720.71,966.83
51357,Premium Circuit Breaker - L,Electrical,Circuit Breaker,3089,224.02,302.5
51358,Multi-Pack Stackable Tote,Storage,Stackable Tote,3142,747.83,957.56
51359,Heavy-Duty Respirator Masks,Safety Equipment,Respirator Masks,3007,7.45,10.75
51360,Commercial-Grade Commercial Extension Cord - 5186 lb,Electrical,Commercial Extension Cord,3088,157.38,213.91
51361,Commercial-Grade Modular Drawer System - 1549 lb,Storage,Modular Drawer System,3045,601.44,1016.33
51362,Multi-Pack Drum Handler,Material Handling,Drum Handler,3030,755.39,1243.99
51363,Heavy-Duty Packing Tape,Packaging,Packing Tape,3127,442.4,752.13
51364,Commercial-Grade Tool Chest,Tools,Tool Chest,3241,707.59,1161.88
51365,Extra-Large Bulk Storage Container - 23 pc,Storage,Bulk Storage Container,3125,123.18,213.13
51366,Premium Hydraulic Jack - 580 lb,Tools,Hydraulic Jack,3181,689.93,1176.22
51367,Extra-Large Modular Drawer System - 44 pc,Storage,Modular Drawer System,3179,775.4,1187.52
51368,Compact Washer Assortment - 1209 lb,Fasteners,Washer Assortment,3160,649.82,907.46
51369,Premium Rivet Kit,Fasteners,Rivet Kit,3123,419.33,591.57
51370,Multi-Pack Self-Tapping Screws,Fasteners,Self-Tapping Screws,3022,707.16,950.45
51371,Reinforced Shipping Label Printer,Packaging,Shipping Label Printer,3077,455.78,580.48
51372,Standard Anchor Bolt Kit,Fasteners,Anchor Bolt Kit,3094,447.05,598.66
51373,Heavy-Duty Safety Goggles - 13 pc,Safety Equipment,Safety Goggles,3052,65.26,88.22
51374,Premium Safety Vests - 46 pc,Safety Equipment,Safety Vests,3208,7.51,10.29
51375,Premium Circuit Breaker,Electrical,Circuit Breaker,3159,135.49,209.92
51376,Reinforced Bubble Wrap Roll - 15 pc,Packaging,Bubble Wrap Roll,3210,349.89,439.15
51377,Industrial Rivet Kit,Fasteners,Rivet Kit,3010,12.33,19.68
51378,Compact Floor Scrubber Pads,Cleaning & Facility,Floor Scrubber Pads,3017,138.03,227.14
51379,Standard Conveyor Roller - 2201 lb,Material Handling,Conveyor Roller,3219,244.59,340.77
51380,Heavy-Duty Corrugated Shipping Box,Packaging,Corrugated Shipping Box,3132,720.02,972.31
51381,Multi-Pack Fall Protection Harness,Safety Equipment,Fall Protection Harness,3195,708.71,951.26
51382,Premium Steel Shelving Unit - 1269 lb,Storage,Steel Shelving Unit,3239,508.86,646.52
51383,Compact Hydraulic Jack,Tools,Hydraulic Jack,3243,806.48,1145.74
51384,Standard Stretch Wrap Roll,Packaging,Stretch Wrap Roll,3074,334.75,444.06
51385,Commercial-Grade Steel Shelving Unit - 5490 lb,Storage,Steel Shelving Unit,3215,24.92,36.64
51386,Extra-Large Tool Chest - L,Tools,Tool Chest,3028,466.64,657.39
51387,Extra-Large Wire Shelving - 41 pc,Storage,Wire Shelving,3026,317.02,419.02
51388,Premium Cordless Drill - 578 lb,Tools,Cordless Drill,3057,654.2,856.88
51389,Hard Hats - 5382 lb,Safety Equipment,Hard Hats,3115,242.61,377.99
51390,Multi-Pack Socket Set - 5315 lb,Tools,Socket Set,3116,409.08,695.14
51391,Commercial-Grade Circuit Breaker - 1528 lb,Electrical,Circuit Breaker,3094,849.27,1436.09
51392,Industrial First Aid Kits - 3867 lb,Safety Equipment,First Aid Kits,3058,605.1,920.21
51393,Standard Anchor Bolt Kit - 3549 lb,Fasteners,Anchor Bolt Kit,3243,393.38,580.69
51394,Standard Rivet Kit - L,Fasteners,Rivet Kit,3055,615.78,833.12
51395,Compact Tool Chest - 4590 lb,Tools,Tool Chest,3100,320.78,450.2
51396,Heavy-Duty Forklift Attachment - 5208 lb,Material Handling,Forklift Attachment,3141,46.57,63.27
51397,Premium Dock Plate,Material Handling,Dock Plate,3170,590.95,852.73
51398,Reinforced Utility Cart,Material Handling,Utility Cart,3105,665.34,897.48
51399,Compact Wire Connector Kit - 50 pc,Electrical,Wire Connector Kit,3135,520.17,848.76
51400,Heavy-Duty Hard Hats,Safety Equipment,Hard Hats,3238,284.12,367.93
51401,Commercial-Grade Circuit Breaker - 21 pc,Electrical,Circuit Breaker,3231,531.07,747.61
51402,Standard Degreaser Concentrate,Cleaning & Facility,Degreaser Concentrate,3225,682.68,907.9
51403,Premium Hand Truck - 5165 lb,Material Handling,Hand Truck,3120,137.48,209.82
51404,Compact Poly Mailer - 1301 lb,Packaging,Poly Mailer,3225,85.67,108.77
51405,Premium Rivet Kit,Fasteners,Rivet Kit,3238,585.99,972.14
51406,Reinforced Microfiber Cloth Pack - 262 lb,Cleaning & Facility,Microfiber Cloth Pack,3226,804.8,1234.07
51407,Standard Commercial Extension Cord,Electrical,Commercial Extension Cord,3038,257.54,372.61
51408,Compact Modular Drawer System - 20 pc,Storage,Modular Drawer System,3004,513.78,847.56
51409,Standard Anchor Bolt Kit - 14 pc,Fasteners,Anchor Bolt Kit,3006,834.79,1420.93
51410,Commercial-Grade Trash Receptacle - 43 pc,Cleaning & Facility,Trash Receptacle,3086,226.23,395.47
51411,Multi-Pack Ear Protection,Safety Equipment,Ear Protection,3159,114.1,198.43
51412,Industrial Safety Vests - 3951 lb,Safety Equipment,Safety Vests,3069,332.28,530.87
51413,Standard Self-Tapping Screws - XL,Fasteners,Self-Tapping Screws,3141,801.67,1290.33
51414,Industrial Angle Grinder,Tools,Angle Grinder,3220,685.33,1169.63
51415,Commercial-Grade Storage Bin - S,Storage,Storage Bin,3205,319.57,424.07
51416,Heavy-Duty Hydraulic Jack - 2 pc,Tools,Hydraulic Jack,3039,740.09,1153.6
51417,Heavy-Duty Trash Receptacle - S,Cleaning & Facility,Trash Receptacle,3047,780.59,1337.37
51418,Heavy-Duty Bulk Storage Container - S,Storage,Bulk Storage Container,3082,45.82,59.09
51419,Compact Angle Grinder - 1624 lb,Tools,Angle Grinder,3221,247.35,392.81
51420,Commercial-Grade Fall Protection Harness - S,Safety Equipment,Fall Protection Harness,3147,226.35,382.33
51421,Heavy-Duty Socket Set - 14 pc,Tools,Socket Set,3101,643.7,877.92
51422,Premium Shipping Label Printer - 15 pc,Packaging,Shipping Label Printer,3135,701.41,1134.69
51423,Industrial Ear Protection,Safety Equipment,Ear Protection,3015,421.61,717.3
51424,Multi-Pack Hex Bolt Set - 49 pc,Fasteners,Hex Bolt Set,3092,501.36,856.41
51425,Industrial Storage Cabinet - 3033 lb,Storage,Storage Cabinet,3125,317.08,443.95
51426,Compact Power Strip,Electrical,Power Strip,3225,588.32,855.93
51427,Premium Trash Receptacle - XL,Cleaning & Facility,Trash Receptacle,3107,123.77,201.16
51428,Standard Protective Gloves - 1323 lb,Safety Equipment,Protective Gloves,3209,313.07,459.33
51429,Reinforced Hand Truck,Material Handling,Hand Truck,3086,334.73,443.5
51430,Multi-Pack Cordless Drill,Tools,Cordless Drill,3155,238.55,320.84
51431,Premium Degreaser Concentrate - 33 pc,Cleaning & Facility,Degreaser Concentrate,3082,817.36,1049.04
51432,Industrial Microfiber Cloth Pack - 4349 lb,Cleaning & Facility,Microfiber Cloth Pack,3003,683.77,997.05
51433,Commercial-Grade Poly Mailer,Packaging,Poly Mailer,3033,366.65,480.65
51434,Standard Packing Tape - 4731 lb,Packaging,Packing Tape,3106,56.94,83.9
51435,Standard Impact Wrench - 5292 lb,Tools,Impact Wrench,3147,669.53,1022.71
51436,Compact Cable Management Tray,Electrical,Cable Management Tray,3151,825.57,1126.46
51437,Compact Hydraulic Jack,Tools,Hydraulic Jack,3098,268.84,454.44
51438,Standard Conveyor Roller - 4121 lb,Material Handling,Conveyor Roller,3245,513.6,870.79
51439,Multi-Pack Corrugated Shipping Box - XL,Packaging,Corrugated Shipping Box,3121,311.44,510.41
51440,Impact Wrench - 5184 lb,Tools,Impact Wrench,3244,479.13,786.66
51441,Standard Wire Connector Kit,Electrical,Wire Connector Kit,3015,515.7,720.85
51442,Extra-Large Tool Chest - 3180 lb,Tools,Tool Chest,3076,596.6,1000.11
51443,Commercial-Grade Stretch Wrap Roll - 336 lb,Packaging,Stretch Wrap Roll,3232,70.13,103.97
51444,Premium Forklift Attachment - 40 pc,Material Handling,Forklift Attachment,3070,94.71,131.34
51445,Reinforced Socket Set,Tools,Socket Set,3031,112.31,194.08
51446,Extra-Large Respirator Masks - 25 pc,Safety Equipment,Respirator Masks,3006,707.62,1017.21
51447,Premium Self-Tapping Screws,Fasteners,Self-Tapping Screws,3193,548.33,774.25
51448,Commercial-Grade Safety Vests - XL,Safety Equipment,Safety Vests,3240,131.8,199.2
51449,Standard Cordless Drill - 764 lb,Tools,Cordless Drill,3102,294.33,378.15
51450,Premium First Aid Kits - M,Safety Equipment,First Aid Kits,3233,383.15,501.02
51451,Compact Stretch Wrap Roll,Packaging,Stretch Wrap Roll,3057,47.93,80.11
51452,Industrial Mop - M,Cleaning & Facility,Industrial Mop,3081,811.42,1070.13
51453,Premium Wire Connector Kit - 2472 lb,Electrical,Wire Connector Kit,3106,23.4,37.61
51454,Compact Storage Bin,Storage,Storage Bin,3020,419.53,597.7
51455,Commercial-Grade Power Strip,Electrical,Power Strip,3159,9.72,15.2
51456,Extra-Large Packing Tape - L,Packaging,Packing Tape,3065,710.18,1155.52
51457,Standard Circuit Breaker - 27 pc,Electrical,Circuit Breaker,3247,385.82,568.22
51458,Commercial-Grade Anchor Bolt Kit,Fasteners,Anchor Bolt Kit,3051,632.29,1066.75
51459,Compact Strapping Kit,Packaging,Strapping Kit,3227,551.89,753.28
51460,Extra-Large Stretch Wrap Roll - S,Packaging,Stretch Wrap Roll,3052,705.75,1185.79
51461,Standard Degreaser Concentrate - XL,Cleaning & Facility,Degreaser Concentrate,3152,782.97,1166.69
51462,Compact Strapping Kit,Packaging,Strapping Kit,3219,725.29,1131.19
51463,Ear Protection,Safety Equipment,Ear Protection,3094,817.16,1061.18
51464,Compact Socket Set,Tools,Socket Set,3076,240.5,379.22
51465,Industrial Hard Hats - M,Safety Equipment,Hard Hats,3243,105.36,165.24
51466,Commercial-Grade Fall Protection Harness - S,Safety Equipment,Fall Protection Harness,3177,388.86,658.43
51467,Packing Tape - XL,Packaging,Packing Tape,3007,58.66,93.21
51468,Premium Fall Protection Harness,Safety Equipment,Fall Protection Harness,3016,491.73,625.49
51469,Industrial Poly Mailer,Packaging,Poly Mailer,3048,571.71,989.97
51470,Multi-Pack Socket Set,Tools,Socket Set,3243,710.66,1043.02
51471,Floor Scrubber Pads,Cleaning & Facility,Floor Scrubber Pads,3139,314.42,522.05
51472,Standard Utility Cart - 22 pc,Material Handling,Utility Cart,3095,348.03,536.0
51473,Industrial Trash Receptacle,Cleaning & Facility,Trash Receptacle,3022,348.72,603.53
51474,Standard Stretch Wrap Roll - 3922 lb,Packaging,Stretch Wrap Roll,3042,641.51,1078.31
51475,Extra-Large Respirator Masks,Safety Equipment,Respirator Masks,3217,539.08,874.6
51476,Compact Drum Handler,Material Handling,Drum Handler,3133,841.96,1281.46
51477,Storage Cabinet - L,Storage,Storage Cabinet,3125,582.52,957.58
51478,Standard Stackable Tote - 5481 lb,Storage,Stackable Tote,3104,188.94,269.35
51479,Multi-Pack Steel Shelving Unit,Storage,Steel Shelving Unit,3204,759.58,1317.6
51480,Commercial-Grade Wire Shelving - S,Storage,Wire Shelving,3053,643.29,901.53
51481,Compact Modular Drawer System - 3 pc,Storage,Modular Drawer System,3198,105.99,142.33
51482,Industrial Storage Bin - 9 pc,Storage,Storage Bin,3152,563.53,707.39
51483,Premium Packing Tape - 2588 lb,Packaging,Packing Tape,3162,527.7,902.25
51484,Fall Protection Harness,Safety Equipment,Fall Protection Harness,3204,220.02,327.13
51485,Heavy-Duty Washer Assortment,Fasteners,Washer Assortment,3175,748.96,1291.63
51486,Premium Industrial Mop - 811 lb,Cleaning & Facility,Industrial Mop,3062,216.95,281.17
51487,Premium Wire Shelving - 5044 lb,Storage,Wire Shelving,3198,32.57,45.76
51488,Reinforced Floor Scrubber Pads - XL,Cleaning & Facility,Floor Scrubber Pads,3007,505.84,803.08
51489,Extra-Large Industrial Mop,Cleaning & Facility,Industrial Mop,3167,332.09,568.7
51490,Reinforced Ear Protection - 4333 lb,Safety Equipment,Ear Protection,3218,150.72,222.44
51491,Industrial Pallet Jack - L,Material Handling,Pallet Jack,3123,823.39,1060.86
51492,Floor Scrubber Pads - XL,Cleaning & Facility,Floor Scrubber Pads,3046,657.39,836.16
51493,Reinforced Torque Wrench Set,Tools,Torque Wrench Set,3189,89.45,118.04
51494,Multi-Pack Fall Protection Harness,Safety Equipment,Fall Protection Harness,3094,603.17,1024.69
51495,Multi-Pack Wire Shelving,Storage,Wire Shelving,3022,597.78,767.23
51496,Standard Poly Mailer - XL,Packaging,Poly Mailer,3030,770.95,1301.18
51497,Heavy-Duty Protective Gloves - 1709 lb,Safety Equipment,Protective Gloves,3142,562.07,856.01
51498,Heavy-Duty Bubble Wrap Roll,Packaging,Bubble Wrap Roll,3037,477.26,652.0
51499,Premium Stretch Wrap Roll,Packaging,Stretch Wrap Roll,3170,670.62,876.08
51500,Extra-Large Shipping Label Printer - 21 pc,Packaging,Shipping Label Printer,3205,782.9,1315.5
51501,Multi-Pack Impact Wrench,Tools,Impact Wrench,3160,149.45,228.14
51502,Commercial-Grade Steel Shelving Unit - 657 lb,Storage,Steel Shelving Unit,3144,438.08,763.87
51503,Premium Hand Truck - 2250 lb,Material Handling,Hand Truck,3222,54.01,79.18
51504,Wire Connector Kit - 3161 lb,Electrical,Wire Connector Kit,3057,384.28,641.05
51505,Reinforced Forklift Attachment - XL,Material Handling,Forklift Attachment,3127,207.79,313.89
51506,Reinforced Wire Shelving,Storage,Wire Shelving,3037,75.32,127.73
51507,Industrial Respirator Masks - 19 pc,Safety Equipment,Respirator Masks,3083,260.41,395.21
51508,Multi-Pack Strapping Kit,Packaging,Strapping Kit,3169,785.2,1219.1
51509,Standard Forklift Attachment - 46 pc,Material Handling,Forklift Attachment,3016,454.46,708.13
51510,Industrial Poly Mailer,Packaging,Poly Mailer,3082,196.37,336.46
51511,Compact Tool Chest - 21 pc,Tools,Tool Chest,3067,441.71,643.03
51512,Reinforced Anchor Bolt Kit - M,Fasteners,Anchor Bolt Kit,3138,585.13,837.17
51513,Multi-Pack Circuit Breaker - M,Electrical,Circuit Breaker,3212,177.65,292.23
51514,Multi-Pack Circuit Breaker - 3308 lb,Electrical,Circuit Breaker,3117,610.48,1047.73
51515,Industrial Circuit Breaker - 1119 lb,Electrical,Circuit Breaker,3000,691.8,1205.07
51516,Industrial Steel Shelving Unit,Storage,Steel Shelving Unit,3107,698.61,1051.8
51517,Torque Wrench Set,Tools,Torque Wrench Set,3080,94.99,139.5
51518,Commercial-Grade Steel Shelving Unit,Storage,Steel Shelving Unit,3140,720.63,1000.72
51519,Heavy-Duty Stretch Wrap Roll,Packaging,Stretch Wrap Roll,3159,54.19,70.76
51520,Premium Packing Tape,Packaging,Packing Tape,3237,514.5,836.51
51521,Commercial-Grade Circuit Breaker - 37 pc,Electrical,Circuit Breaker,3247,648.83,866.79
51522,Extra-Large Anchor Bolt Kit,Fasteners,Anchor Bolt Kit,3069,630.3,1096.3
51523,Heavy-Duty Industrial Mop - M,Cleaning & Facility,Industrial Mop,3044,392.47,523.09
51524,Heavy-Duty Torque Wrench Set - 2627 lb,Tools,Torque Wrench Set,3098,494.16,765.88
51525,Compact Floor Scrubber Pads - 3446 lb,Cleaning & Facility,Floor Scrubber Pads,3098,378.1,612.36
51526,Extra-Large Hex Bolt Set - 4126 lb,Fasteners,Hex Bolt Set,3082,671.89,1015.88
51527,Extra-Large Fall Protection Harness - XL,Safety Equipment,Fall Protection Harness,3153,319.21,511.29
51528,Premium Anchor Bolt Kit - 15 pc,Fasteners,Anchor Bolt Kit,3074,346.42,476.11
51529,Reinforced Angle Grinder - XL,Tools,Angle Grinder,3182,549.9,705.16
51530,Reinforced First Aid Kits,Safety Equipment,First Aid Kits,3232,419.1,675.63
51531,Premium Hex Bolt Set - 24 pc,Fasteners,Hex Bolt Set,3122,313.82,548.73
51532,Compact Hand Truck - 4 pc,Material Handling,Hand Truck,3181,44.11,60.18
51533,Reinforced Pallet Jack,Material Handling,Pallet Jack,3075,792.45,1170.09
51534,Premium Drum Handler - 1976 lb,Material Handling,Drum Handler,3059,267.27,403.65
51535,Storage Cabinet - 4588 lb,Storage,Storage Cabinet,3060,800.92,1359.53
51536,Reinforced Safety Goggles - 6 pc,Safety Equipment,Safety Goggles,3031,695.34,931.31
51537,Standard Microfiber Cloth Pack - M,Cleaning & Facility,Microfiber Cloth Pack,3218,211.44,265.22
51538,Industrial Drum Handler,Material Handling,Drum Handler,3120,336.86,449.2
51539,Commercial-Grade Drum Handler,Material Handling,Drum Handler,3116,666.44,987.13
51540,Heavy-Duty Dock Plate,Material Handling,Dock Plate,3096,642.2,824.29
51541,Industrial Pallet Jack - 4113 lb,Material Handling,Pallet Jack,3227,469.34,757.1
51542,Standard Microfiber Cloth Pack,Cleaning & Facility,Microfiber Cloth Pack,3219,796.56,1062.17
51543,Floor Scrubber Pads - 6 pc,Cleaning & Facility,Floor Scrubber Pads,3231,716.21,936.64
51544,Premium Rivet Kit - 25 pc,Fasteners,Rivet Kit,3055,415.93,675.95
51545,Multi-Pack Anchor Bolt Kit - 2573 lb,Fasteners,Anchor Bolt Kit,3058,210.46,264.8
51546,Multi-Pack Trash Receptacle - 31 pc,Cleaning & Facility,Trash Receptacle,3106,750.44,1111.89
51547,Commercial-Grade Safety Goggles,Safety Equipment,Safety Goggles,3227,300.24,511.82
51548,Reinforced Hex Bolt Set,Fasteners,Hex Bolt Set,3222,407.37,699.45
51549,Standard Industrial Mop,Cleaning & Facility,Industrial Mop,3037,143.97,251.38
51550,Corrugated Shipping Box - 42 pc,Packaging,Corrugated Shipping Box,3204,23.93,34.74
51551,Reinforced Trash Receptacle,Cleaning & Facility,Trash Receptacle,3226,681.74,1051.8
51552,Premium Degreaser Concentrate,Cleaning & Facility,Degreaser Concentrate,3039,431.78,755.32
51553,Multi-Pack Self-Tapping Screws - L,Fasteners,Self-Tapping Screws,3100,82.38,118.79
51554,Cordless Drill - L,Tools,Cordless Drill,3204,357.66,481.71
51555,Extra-Large Forklift Attachment,Material Handling,Forklift Attachment,3186,141.81,179.92
51556,Compact Industrial Mop,Cleaning & Facility,Industrial Mop,3230,71.19,105.35
51557,Standard Power Strip,Electrical,Power Strip,3189,467.32,794.75
51558,Standard Cable Management Tray,Electrical,Cable Management Tray,3199,581.32,960.98
51559,Impact Wrench - 32 pc,Tools,Impact Wrench,3249,799.16,1119.05
51560,Reinforced Hex Bolt Set - L,Fasteners,Hex Bolt Set,3056,473.32,791.51
51561,Commercial-Grade Angle Grinder,Tools,Angle Grinder,3107,310.77,503.84
51562,Heavy-Duty LED Work Light - 5204 lb,Electrical,LED Work Light,3198,806.4,1275.27
51563,Premium Commercial Extension Cord - 1361 lb,Electrical,Commercial Extension Cord,3240,404.04,511.23
51564,Industrial Commercial Extension Cord - 4129 lb,Electrical,Commercial Extension Cord,3217,501.6,728.65
51565,Compact Torque Wrench Set,Tools,Torque Wrench Set,3021,280.43,403.38
51566,Heavy-Duty Storage Bin - 4526 lb,Storage,Storage Bin,3248,420.53,545.07
51567,Pallet Jack - XL,Material Handling,Pallet Jack,3173,250.19,418.27
51568,Reinforced Cable Management Tray - 4 pc,Electrical,Cable Management Tray,3149,282.96,359.21
51569,Reinforced Storage Bin - 1492 lb,Storage,Storage Bin,3068,701.18,1048.39
51570,Extra-Large Shipping Label Printer - S,Packaging,Shipping Label Printer,3066,58.47,90.81
51571,Extra-Large Dock Plate - S,Material Handling,Dock Plate,3218,586.77,742.86
51572,Commercial-Grade Cable Management Tray,Electrical,Cable Management Tray,3208,262.87,414.48
51573,Compact Rivet Kit - L,Fasteners,Rivet Kit,3039,207.24,274.46
51574,Hard Hats - 982 lb,Safety Equipment,Hard Hats,3072,110.25,177.66
51575,Standard Cable Management Tray - 4045 lb,Electrical,Cable Management Tray,3171,350.46,601.02
51576,Compact Poly Mailer - 43 pc,Packaging,Poly Mailer,3016,136.0,183.02
51577,Industrial Safety Vests - 4176 lb,Safety Equipment,Safety Vests,3181,560.78,812.43
51578,Commercial-Grade Wire Connector Kit - 49 pc,Electrical,Wire Connector Kit,3222,814.5,1324.18
51579,Commercial-Grade Pallet Jack - 863 lb,Material Handling,Pallet Jack,3010,744.63,1055.35
51580,Extra-Large Hand Truck - XL,Material Handling,Hand Truck,3161,357.23,584.22
51581,Standard Cable Management Tray,Electrical,Cable Management Tray,3128,412.19,685.13
51582,Commercial-Grade Impact Wrench,Tools,Impact Wrench,3135,234.97,339.61
51583,Angle Grinder,Tools,Angle Grinder,3116,249.15,435.61
51584,Standard Ear Protection,Safety Equipment,Ear Protection,3237,405.18,684.4
51585,Reinforced Microfiber Cloth Pack - M,Cleaning & Facility,Microfiber Cloth Pack,3166,383.81,537.39
51586,Reinforced Safety Goggles,Safety Equipment,Safety Goggles,3243,452.77,575.14
51587,Premium Floor Scrubber Pads,Cleaning & Facility,Floor Scrubber Pads,3208,682.72,946.81
51588,Extra-Large Hex Bolt Set - 519 lb,Fasteners,Hex Bolt Set,3169,840.58,1140.42
51589,Heavy-Duty Strapping Kit - 26 pc,Packaging,Strapping Kit,3003,153.53,242.28
51590,Standard Hex Bolt Set,Fasteners,Hex Bolt Set,3066,113.44,184.31
51591,Industrial Dock Plate - 1425 lb,Material Handling,Dock Plate,3024,176.27,234.78
51592,Extra-Large Packing Tape,Packaging,Packing Tape,3061,725.59,908.19
51593,Industrial Modular Drawer System - 9 pc,Storage,Modular Drawer System,3199,106.3,173.59
51594,Heavy-Duty Microfiber Cloth Pack - 44 pc,Cleaning & Facility,Microfiber Cloth Pack,3023,668.42,954.59
51595,Premium Circuit Breaker,Electrical,Circuit Breaker,3248,774.59,1208.49
51596,Commercial-Grade Storage Bin,Storage,Storage Bin,3122,693.58,1052.44
51597,Standard Commercial Extension Cord,Electrical,Commercial Extension Cord,3103,686.86,1125.03
51598,Compact Impact Wrench - XL,Tools,Impact Wrench,3199,709.91,1218.84
51599,Multi-Pack Microfiber Cloth Pack - 22 pc,Cleaning & Facility,Microfiber Cloth Pack,3115,172.05,218.67
51600,Reinforced Cordless Drill - 3 pc,Tools,Cordless Drill,3248,355.25,592.83
51601,Heavy-Duty Wire Connector Kit,Electrical,Wire Connector Kit,3034,478.74,626.31
51602,Extra-Large Degreaser Concentrate,Cleaning & Facility,Degreaser Concentrate,3062,668.97,1049.64
51603,Premium Shipping Label Printer,Packaging,Shipping Label Printer,3035,798.4,1263.4
51604,Premium Strapping Kit - 2884 lb,Packaging,Strapping Kit,3093,834.18,1449.44
51605,Industrial Wire Shelving,Storage,Wire Shelving,3182,834.13,1179.36
51606,Commercial-Grade Modular Drawer System,Storage,Modular Drawer System,3081,828.53,1353.82
51607,Reinforced Steel Shelving Unit - M,Storage,Steel Shelving Unit,3194,45.05,63.33
51608,Extra-Large Modular Drawer System - 37 pc,Storage,Modular Drawer System,3238,88.52,128.52
51609,Premium Ear Protection - 44 pc,Safety Equipment,Ear Protection,3024,630.84,831.73
51610,Multi-Pack Hard Hats - 3058 lb,Safety Equipment,Hard Hats,3151,462.27,638.92
51611,Standard Cordless Drill,Tools,Cordless Drill,3207,596.64,776.79
51612,Compact Fall Protection Harness - M,Safety Equipment,Fall Protection Harness,3133,841.24,1053.77
51613,Compact Shipping Label Printer,Packaging,Shipping Label Printer,3099,367.26,571.69
51614,Extra-Large Hydraulic Jack - 1215 lb,Tools,Hydraulic Jack,3148,827.76,1205.03
51615,Compact Packing Tape - 47 pc,Packaging,Packing Tape,3029,552.32,827.84
51616,Compact Washer Assortment,Fasteners,Washer Assortment,3030,159.56,250.57
51617,Impact Wrench,Tools,Impact Wrench,3055,582.56,766.93
51618,Reinforced Corrugated Shipping Box,Packaging,Corrugated Shipping Box,3027,706.07,887.45
51619,Multi-Pack Circuit Breaker,Electrical,Circuit Breaker,3105,738.94,1043.79
51620,Industrial Washer Assortment - XL,Fasteners,Washer Assortment,3222,178.54,254.7
51621,Multi-Pack Angle Grinder - 29 pc,Tools,Angle Grinder,3015,6.09,9.02
51622,Extra-Large Fall Protection Harness,Safety Equipment,Fall Protection Harness,3071,749.53,989.64
51623,Forklift Attachment,Material Handling,Forklift Attachment,3164,499.96,711.9
51624,Compact Angle Grinder - 32 pc,Tools,Angle Grinder,3231,139.33,189.53
51625,Compact Pallet Jack,Material Handling,Pallet Jack,3028,434.96,746.82
51626,Standard Poly Mailer - 46 pc,Packaging,Poly Mailer,3079,733.19,1105.83
51627,Heavy-Duty Hex Bolt Set - 17 pc,Fasteners,Hex Bolt Set,3171,688.92,1122.16
51628,Multi-Pack Dock Plate - 11 pc,Material Handling,Dock Plate,3107,654.03,1069.24
51629,Multi-Pack Commercial Extension Cord - 13 pc,Electrical,Commercial Extension Cord,3178,613.73,897.53
51630,Compact Shipping Label Printer,Packaging,Shipping Label Printer,3120,480.94,624.28
51631,Standard Impact Wrench - 3023 lb,Tools,Impact Wrench,3126,645.93,979.39
51632,Extra-Large Angle Grinder,Tools,Angle Grinder,3105,481.91,635.4
51633,Multi-Pack Safety Goggles,Safety Equipment,Safety Goggles,3112,579.93,1007.9
51634,Compact Hand Truck,Material Handling,Hand Truck,3104,220.59,377.01
51635,Reinforced Stackable Tote - 15 pc,Storage,Stackable Tote,3023,785.3,1221.84
51636,Reinforced Strapping Kit - 4 pc,Packaging,Strapping Kit,3178,461.52,728.58
51637,Compact Fall Protection Harness,Safety Equipment,Fall Protection Harness,3147,429.88,586.64
51638,Premium Corrugated Shipping Box,Packaging,Corrugated Shipping Box,3024,592.61,748.73
51639,Compact Ear Protection,Safety Equipment,Ear Protection,3053,623.51,840.45
51640,Industrial Impact Wrench - XL,Tools,Impact Wrench,3185,527.18,667.28
51641,Industrial Torque Wrench Set - XL,Tools,Torque Wrench Set,3095,404.51,507.18
51642,Premium Protective Gloves - S,Safety Equipment,Protective Gloves,3111,65.47,95.42
51643,Commercial-Grade Socket Set,Tools,Socket Set,3230,751.66,1139.09
51644,Commercial-Grade Wire Connector Kit - M,Electrical,Wire Connector Kit,3071,520.67,857.73
51645,Reinforced LED Work Light - M,Electrical,LED Work Light,3137,347.02,498.93
51646,Reinforced Industrial Mop,Cleaning & Facility,Industrial Mop,3243,197.97,316.78
51647,Multi-Pack Storage Cabinet - XL,Storage,Storage Cabinet,3224,48.22,64.61
51648,Commercial-Grade Hydraulic Jack,Tools,Hydraulic Jack,3137,463.72,596.85
51649,Extra-Large Stackable Tote - 18 pc,Storage,Stackable Tote,3011,468.15,779.03
51650,Compact Rivet Kit,Fasteners,Rivet Kit,3018,441.95,690.51
51651,Heavy-Duty Washer Assortment - 31 pc,Fasteners,Washer Assortment,3008,843.86,1197.3
51652,Safety Vests - S,Safety Equipment,Safety Vests,3149,644.77,1066.44
51653,Compact Storage Bin,Storage,Storage Bin,3161,551.65,705.35
51654,Standard Protective Gloves,Safety Equipment,Protective Gloves,3066,550.01,894.46
51655,Extra-Large Pallet Jack,Material Handling,Pallet Jack,3233,407.09,608.83
51656,Commercial-Grade Steel Shelving Unit,Storage,Steel Shelving Unit,3129,269.4,399.91
51657,Rivet Kit,Fasteners,Rivet Kit,3096,563.91,954.64
51658,Standard Cable Management Tray - 25 pc,Electrical,Cable Management Tray,3144,452.17,656.82
51659,Premium Steel Shelving Unit - M,Storage,Steel Shelving Unit,3012,842.1,1208.23
51660,Commercial-Grade LED Work Light,Electrical,LED Work Light,3013,608.14,950.22
51661,Compact Anchor Bolt Kit,Fasteners,Anchor Bolt Kit,3004,392.91,560.89
51662,Heavy-Duty Hand Truck,Material Handling,Hand Truck,3135,735.94,1012.95
51663,Extra-Large Storage Cabinet - 18 pc,Storage,Storage Cabinet,3140,817.96,1285.74
51664,Compact Degreaser Concentrate,Cleaning & Facility,Degreaser Concentrate,3062,551.81,800.04
51665,Heavy-Duty Dock Plate,Material Handling,Dock Plate,3133,577.34,931.25
51666,Industrial Bubble Wrap Roll - 2088 lb,Packaging,Bubble Wrap Roll,3184,643.86,846.84
51667,Heavy-Duty Anchor Bolt Kit - 773 lb,Fasteners,Anchor Bolt Kit,3074,742.87,1233.92
51668,Standard Anchor Bolt Kit,Fasteners,Anchor Bolt Kit,3184,161.45,265.48
51669,Extra-Large LED Work Light,Electrical,LED Work Light,3078,569.52,845.69
51670,Industrial Self-Tapping Screws - 16 pc,Fasteners,Self-Tapping Screws,3132,207.88,332.34
51671,Industrial Drum Handler - 1199 lb,Material Handling,Drum Handler,3172,519.95,831.19
51672,Industrial Commercial Extension Cord - S,Electrical,Commercial Extension Cord,3195,779.31,1055.55
51673,Extra-Large Circuit Breaker,Electrical,Circuit Breaker,3036,337.63,459.49
51674,Heavy-Duty Storage Bin,Storage,Storage Bin,3050,464.32,721.19
51675,Heavy-Duty Tool Chest - M,Tools,Tool Chest,3057,346.33,488.85
51676,First Aid Kits,Safety Equipment,First Aid Kits,3099,423.93,733.76
51677,Extra-Large Wire Shelving,Storage,Wire Shelving,3210,12.53,16.82
51678,Reinforced Safety Vests,Safety Equipment,Safety Vests,3134,468.86,782.43
51679,Premium Safety Goggles - 5316 lb,Safety Equipment,Safety Goggles,3152,226.88,315.78
51680,Premium Bulk Storage Container - 1850 lb,Storage,Bulk Storage Container,3034,314.93,518.39
51681,Industrial Hard Hats,Safety Equipment,Hard Hats,3057,246.31,374.3
51682,Extra-Large Angle Grinder,Tools,Angle Grinder,3049,121.41,212.28
51683,Commercial-Grade Drum Handler,Material Handling,Drum Handler,3070,128.68,176.3
51684,Premium LED Work Light,Electrical,LED Work Light,3075,592.17,994.04
51685,Extra-Large Conveyor Roller - 49 pc,Material Handling,Conveyor Roller,3086,537.2,880.48
51686,Premium Angle Grinder,Tools,Angle Grinder,3032,590.71,772.8
51687,Hex Bolt Set - M,Fasteners,Hex Bolt Set,3155,309.36,448.24
51688,Modular Drawer System,Storage,Modular Drawer System,3025,274.7,445.72
51689,Compact Drum Handler,Material Handling,Drum Handler,3046,695.43,1046.3
51690,Heavy-Duty Washer Assortment - 4075 lb,Fasteners,Washer Assortment,3036,649.42,1020.94
51691,Industrial Tool Chest,Tools,Tool Chest,3001,208.44,353.97
51692,Standard Floor Scrubber Pads,Cleaning & Facility,Floor Scrubber Pads,3104,627.08,949.59
51693,Compact Safety Goggles,Safety Equipment,Safety Goggles,3176,90.24,129.52
51694,Extra-Large Safety Vests,Safety Equipment,Safety Vests,3046,683.48,952.01
51695,Industrial Fall Protection Harness,Safety Equipment,Fall Protection Harness,3196,531.53,830.77
51696,Extra-Large Self-Tapping Screws - 7 pc,Fasteners,Self-Tapping Screws,3148,126.4,207.52
51697,Compact Washer Assortment,Fasteners,Washer Assortment,3227,252.72,413.49
51698,Reinforced Shipping Label Printer,Packaging,Shipping Label Printer,3209,160.06,262.53
51699,Commercial-Grade Torque Wrench Set,Tools,Torque Wrench Set,3159,816.67,1043.2
51700,Commercial-Grade Fall Protection Harness - 1064 lb,Safety Equipment,Fall Protection Harness,3007,650.05,1128.6
51701,Compact Floor Scrubber Pads,Cleaning & Facility,Floor Scrubber Pads,3169,517.1,730.6
51702,Compact Cable Management Tray,Electrical,Cable Management Tray,3211,711.15,1237.73
51703,Premium Respirator Masks,Safety Equipment,Respirator Masks,3205,371.01,469.32
51704,Reinforced Forklift Attachment - 1301 lb,Material Handling,Forklift Attachment,3140,562.97,730.03
51705,Premium Washer Assortment,Fasteners,Washer Assortment,3143,785.21,1066.56
51706,Heavy-Duty Degreaser Concentrate - 14 pc,Cleaning & Facility,Degreaser Concentrate,3192,487.28,847.98
51707,Compact Stackable Tote - L,Storage,Stackable Tote,3079,207.17,341.45
51708,Poly Mailer - S,Packaging,Poly Mailer,3131,4.33,6.86
51709,Premium Washer Assortment,Fasteners,Washer Assortment,3128,709.24,1157.22
51710,Heavy-Duty Cordless Drill,Tools,Cordless Drill,3135,44.06,56.53
51711,Heavy-Duty Ear Protection,Safety Equipment,Ear Protection,3116,729.66,1029.33
51712,Extra-Large Anchor Bolt Kit - 3731 lb,Fasteners,Anchor Bolt Kit,3094,534.24,681.24
51713,Industrial Socket Set - 4157 lb,Tools,Socket Set,3041,378.24,526.04
51714,Commercial-Grade Fall Protection Harness - XL,Safety Equipment,Fall Protection Harness,3142,508.28,722.91
51715,Multi-Pack Bulk Storage Container - XL,Storage,Bulk Storage Container,3017,482.13,827.45
51716,Premium Corrugated Shipping Box - L,Packaging,Corrugated Shipping Box,3239,175.06,239.14
51717,Standard Utility Cart - 2924 lb,Material Handling,Utility Cart,3020,95.53,145.43
51718,Compact Industrial Mop,Cleaning & Facility,Industrial Mop,3028,513.88,642.47
51719,Premium Hydraulic Jack - M,Tools,Hydraulic Jack,3249,399.43,608.35
51720,Heavy-Duty Wire Connector Kit,Electrical,Wire Connector Kit,3078,758.07,1154.23
51721,Shipping Label Printer,Packaging,Shipping Label Printer,3130,122.73,177.69
51722,Premium Hard Hats - L,Safety Equipment,Hard Hats,3212,385.9,613.98
51723,Multi-Pack Wire Shelving - 3894 lb,Storage,Wire Shelving,3047,568.35,758.84
51724,Commercial-Grade Storage Bin,Storage,Storage Bin,3049,703.83,915.8
51725,Premium Shipping Label Printer - 38 pc,Packaging,Shipping Label Printer,3187,625.29,935.22
51726,Premium Floor Scrubber Pads,Cleaning & Facility,Floor Scrubber Pads,3174,721.4,965.67
51727,Wire Connector Kit - 4789 lb,Electrical,Wire Connector Kit,3201,815.94,1029.28
51728,Heavy-Duty Rivet Kit - 600 lb,Fasteners,Rivet Kit,3230,732.26,1097.1
51729,Commercial-Grade Washer Assortment - 118 lb,Fasteners,Washer Assortment,3215,461.14,595.87
51730,Compact Hand Truck,Material Handling,Hand Truck,3168,843.36,1340.41
51731,Standard Commercial Extension Cord - 2270 lb,Electrical,Commercial Extension Cord,3133,485.52,784.72
51732,Reinforced Pallet Jack - 4751 lb,Material Handling,Pallet Jack,3244,823.69,1340.54
51733,Compact Ear Protection,Safety Equipment,Ear Protection,3004,247.97,377.75
51734,Hand Truck - L,Material Handling,Hand Truck,3249,564.15,858.15
51735,Industrial Shipping Label Printer - 21 pc,Packaging,Shipping Label Printer,3141,719.75,1119.11
51736,Heavy-Duty Bulk Storage Container,Storage,Bulk Storage Container,3192,433.13,749.84
51737,Heavy-Duty Fall Protection Harness,Safety Equipment,Fall Protection Harness,3050,343.5,496.44
51738,Reinforced Pallet Jack,Material Handling,Pallet Jack,3160,819.12,1049.9
51739,Reinforced Degreaser Concentrate - XL,Cleaning & Facility,Degreaser Concentrate,3111,728.97,1120.64
51740,Commercial-Grade Floor Scrubber Pads - L,Cleaning & Facility,Floor Scrubber Pads,3202,421.59,685.03
51741,Extra-Large Cable Management Tray - S,Electrical,Cable Management Tray,3094,581.1,956.61
51742,Ear Protection - 3296 lb,Safety Equipment,Ear Protection,3116,619.49,877.16
51743,Heavy-Duty Safety Vests - M,Safety Equipment,Safety Vests,3095,662.4,941.48
51744,Commercial-Grade Packing Tape - 4962 lb,Packaging,Packing Tape,3208,169.5,241.79
51745,Compact Stretch Wrap Roll,Packaging,Stretch Wrap Roll,3212,720.27,1184.68
51746,Compact Hydraulic Jack - S,Tools,Hydraulic Jack,3234,224.21,356.99
51747,Extra-Large Circuit Breaker - L,Electrical,Circuit Breaker,3042,777.16,1104.87
51748,Reinforced Forklift Attachment - 46 pc,Material Handling,Forklift Attachment,3094,451.93,741.55
51749,Extra-Large Steel Shelving Unit - 37 pc,Storage,Steel Shelving Unit,3125,313.15,540.44
51750,Extra-Large Bubble Wrap Roll - 3 pc,Packaging,Bubble Wrap Roll,3073,643.44,1052.99
51751,Stretch Wrap Roll,Packaging,Stretch Wrap Roll,3131,105.06,166.81
51752,Heavy-Duty Modular Drawer System - XL,Storage,Modular Drawer System,3180,43.19,65.25
51753,Compact Power Strip - 4 pc,Electrical,Power Strip,3083,181.42,254.68
51754,Heavy-Duty Bubble Wrap Roll,Packaging,Bubble Wrap Roll,3158,186.85,249.77
51755,Premium Hydraulic Jack,Tools,Hydraulic Jack,3217,205.09,300.07
51756,Commercial Extension Cord,Electrical,Commercial Extension Cord,3022,243.46,398.03
51757,Commercial-Grade Respirator Masks,Safety Equipment,Respirator Masks,3151,805.96,1056.62
51758,Microfiber Cloth Pack,Cleaning & Facility,Microfiber Cloth Pack,3216,233.48,307.0
51759,Commercial-Grade Wire Connector Kit - 4666 lb,Electrical,Wire Connector Kit,3221,355.71,614.59
51760,Extra-Large Rivet Kit - XL,Fasteners,Rivet Kit,3130,120.5,193.17
51761,Industrial Cable Management Tray - 4919 lb,Electrical,Cable Management Tray,3081,819.98,1351.57
51762,Extra-Large Stretch Wrap Roll,Packaging,Stretch Wrap Roll,3109,822.6,1362.4
51763,Commercial-Grade Commercial Extension Cord - S,Electrical,Commercial Extension Cord,3058,682.07,979.62
51764,Compact Cordless Drill - 43 pc,Tools,Cordless Drill,3001,738.67,948.91
51765,Multi-Pack LED Work Light - 1771 lb,Electrical,LED Work Light,3025,473.77,635.36
51766,Industrial Packing Tape,Packaging,Packing Tape,3127,845.85,1264.81
51767,Multi-Pack Angle Grinder - 2497 lb,Tools,Angle Grinder,3093,130.23,163.2
51768,Industrial Utility Cart - M,Material Handling,Utility Cart,3139,685.26,915.81
51769,Commercial-Grade Bulk Storage Container - M,Storage,Bulk Storage Container,3165,516.97,873.33
51770,Reinforced Ear Protection,Safety Equipment,Ear Protection,3106,753.06,1136.97
51771,Commercial-Grade Bubble Wrap Roll - 4628 lb,Packaging,Bubble Wrap Roll,3196,295.55,448.13
51772,Extra-Large Degreaser Concentrate - S,Cleaning & Facility,Degreaser Concentrate,3122,669.63,1138.32
51773,Industrial Trash Receptacle - 37 pc,Cleaning & Facility,Trash Receptacle,3220,413.06,594.58
51774,Commercial-Grade Respirator Masks - 3815 lb,Safety Equipment,Respirator Masks,3186,765.05,1168.15
51775,Wire Shelving,Storage,Wire Shelving,3117,549.85,735.58
51776,Multi-Pack Impact Wrench,Tools,Impact Wrench,3237,821.74,1420.25
51777,Commercial-Grade Respirator Masks,Safety Equipment,Respirator Masks,3105,773.51,1049.69
51778,Premium Pallet Jack,Material Handling,Pallet Jack,3140,545.56,746.4
51779,Commercial-Grade Hand Truck - L,Material Handling,Hand Truck,3138,671.69,1126.99
51780,Extra-Large Torque Wrench Set,Tools,Torque Wrench Set,3188,417.53,656.48
51781,Commercial-Grade Floor Scrubber Pads,Cleaning & Facility,Floor Scrubber Pads,3064,486.89,672.16
51782,Heavy-Duty Microfiber Cloth Pack,Cleaning & Facility,Microfiber Cloth Pack,3044,374.94,503.69
51783,Commercial-Grade Industrial Mop,Cleaning & Facility,Industrial Mop,3127,400.09,605.54
51784,Multi-Pack Steel Shelving Unit,Storage,Steel Shelving Unit,3033,804.12,1213.8
51785,Heavy-Duty Pallet Jack,Material Handling,Pallet Jack,3226,467.36,624.69
51786,Extra-Large Ear Protection,Safety Equipment,Ear Protection,3112,429.68,722.64
51787,Compact Cable Management Tray - 44 pc,Electrical,Cable Management Tray,3100,159.81,250.7
51788,Compact Safety Vests - S,Safety Equipment,Safety Vests,3208,784.43,1233.68
51789,Multi-Pack Commercial Extension Cord - S,Electrical,Commercial Extension Cord,3237,741.65,1138.62
51790,Commercial-Grade Storage Bin - 48 pc,Storage,Storage Bin,3050,565.58,733.13
51791,Extra-Large Trash Receptacle - M,Cleaning & Facility,Trash Receptacle,3120,775.22,1192.5
51792,Reinforced Steel Shelving Unit,Storage,Steel Shelving Unit,3038,126.4,161.06
51793,Compact Pallet Jack - 3871 lb,Material Handling,Pallet Jack,3013,398.44,629.57
51794,Heavy-Duty Storage Cabinet - 3234 lb,Storage,Storage Cabinet,3010,91.96,156.94
51795,Storage Cabinet,Storage,Storage Cabinet,3050,646.8,1110.04
51796,Industrial Cordless Drill - 29 pc,Tools,Cordless Drill,3045,179.91,226.09
51797,Extra-Large Trash Receptacle - S,Cleaning & Facility,Trash Receptacle,3202,88.54,123.27
51798,Commercial-Grade Washer Assortment - 2 pc,Fasteners,Washer Assortment,3073,834.75,1106.1
51799,Anchor Bolt Kit - 46 pc,Fasteners,Anchor Bolt Kit,3016,614.31,1025.79
51800,Reinforced Safety Goggles - 4879 lb,Safety Equipment,Safety Goggles,3058,700.59,1147.69
51801,Commercial-Grade Industrial Mop - 14 pc,Cleaning & Facility,Industrial Mop,3099,468.82,712.52
51802,Commercial-Grade Strapping Kit,Packaging,Strapping Kit,3006,755.28,1238.1
51803,Forklift Attachment,Material Handling,Forklift Attachment,3126,140.59,191.96
51804,Commercial-Grade Corrugated Shipping Box - 799 lb,Packaging,Corrugated Shipping Box,3105,364.28,562.96
51805,Commercial-Grade Impact Wrench,Tools,Impact Wrench,3221,293.33,404.95
51806,Drum Handler,Material Handling,Drum Handler,3157,214.87,281.98
51807,Multi-Pack Wire Connector Kit - 25 pc,Electrical,Wire Connector Kit,3151,530.79,761.92
51808,Industrial LED Work Light - 13 pc,Electrical,LED Work Light,3214,409.46,533.61
51809,Premium Bubble Wrap Roll,Packaging,Bubble Wrap Roll,3200,53.78,70.41
51810,Compact Storage Bin,Storage,Storage Bin,3070,198.07,292.09
51811,Commercial-Grade Wire Shelving,Storage,Wire Shelving,3186,14.61,18.97
51812,Heavy-Duty Wire Connector Kit,Electrical,Wire Connector Kit,3118,828.16,1326.84
51813,Extra-Large Steel Shelving Unit,Storage,Steel Shelving Unit,3058,212.16,314.2
51814,Commercial Extension Cord - 25 pc,Electrical,Commercial Extension Cord,3102,420.01,566.91
51815,Compact Pallet Jack - 4729 lb,Material Handling,Pallet Jack,3135,157.33,238.49
51816,Premium Wire Connector Kit - 2178 lb,Electrical,Wire Connector Kit,3001,28.63,37.51
51817,Compact Circuit Breaker - 12 pc,Electrical,Circuit Breaker,3111,713.15,1208.66
51818,Standard Pallet Jack - S,Material Handling,Pallet Jack,3008,595.61,885.97
51819,Premium Ear Protection - 29 pc,Safety Equipment,Ear Protection,3006,820.44,1282.69
51820,Heavy-Duty Modular Drawer System - 4921 lb,Storage,Modular Drawer System,3064,567.72,744.94
51821,Industrial Safety Vests,Safety Equipment,Safety Vests,3179,698.09,1069.1
51822,Shipping Label Printer - 17 pc,Packaging,Shipping Label Printer,3156,667.54,848.54
51823,Reinforced Ear Protection,Safety Equipment,Ear Protection,3165,841.28,1320.34
51824,Multi-Pack Steel Shelving Unit - 1085 lb,Storage,Steel Shelving Unit,3074,327.05,499.82
51825,Premium Wire Shelving - 1871 lb,Storage,Wire Shelving,3122,246.15,313.73
51826,Compact Stretch Wrap Roll - 2740 lb,Packaging,Stretch Wrap Roll,3247,158.42,256.4
51827,Reinforced Shipping Label Printer,Packaging,Shipping Label Printer,3067,60.21,100.03
51828,Commercial-Grade Forklift Attachment,Material Handling,Forklift Attachment,3138,439.93,730.24
51829,Heavy-Duty Pallet Jack,Material Handling,Pallet Jack,3066,537.49,849.35
51830,Extra-Large Modular Drawer System,Storage,Modular Drawer System,3226,487.33,754.26
51831,Heavy-Duty Floor Scrubber Pads,Cleaning & Facility,Floor Scrubber Pads,3074,429.84,663.6
51832,Extra-Large Hard Hats,Safety Equipment,Hard Hats,3115,120.52,196.32
51833,Extra-Large Power Strip,Electrical,Power Strip,3138,319.92,549.06
51834,Pallet Jack - 483 lb,Material Handling,Pallet Jack,3023,405.0,602.09
51835,Compact Drum Handler - 38 pc,Material Handling,Drum Handler,3165,507.74,657.91
51836,Extra-Large Steel Shelving Unit - 45 pc,Storage,Steel Shelving Unit,3108,673.47,1043.85
51837,Premium Forklift Attachment,Material Handling,Forklift Attachment,3058,229.63,354.65
51838,Heavy-Duty Stackable Tote - 3004 lb,Storage,Stackable Tote,3164,40.76,69.28
51839,Multi-Pack Impact Wrench,Tools,Impact Wrench,3090,193.23,311.38
51840,Multi-Pack Modular Drawer System,Storage,Modular Drawer System,3179,752.46,1289.05
51841,Reinforced Strapping Kit - XL,Packaging,Strapping Kit,3109,613.28,1053.48
51842,Multi-Pack Ear Protection - 630 lb,Safety Equipment,Ear Protection,3026,13.33,20.4
51843,Commercial-Grade Anchor Bolt Kit - 2091 lb,Fasteners,Anchor Bolt Kit,3000,236.47,360.23
51844,Extra-Large Torque Wrench Set - XL,Tools,Torque Wrench Set,3035,523.32,884.5
51845,Multi-Pack Bubble Wrap Roll - 4418 lb,Packaging,Bubble Wrap Roll,3005,513.04,658.78
51846,Industrial Storage Bin,Storage,Storage Bin,3063,762.01,1331.32
51847,Reinforced Cable Management Tray,Electrical,Cable Management Tray,3104,200.44,298.17
51848,Commercial-Grade Respirator Masks - 4 pc,Safety Equipment,Respirator Masks,3085,474.4,615.39
51849,Standard Protective Gloves - 2574 lb,Safety Equipment,Protective Gloves,3024,125.94,165.27
51850,Self-Tapping Screws - 46 pc,Fasteners,Self-Tapping Screws,3102,27.42,42.05
51851,Multi-Pack Wire Shelving - 35 pc,Storage,Wire Shelving,3139,506.78,778.73
51852,Premium Safety Vests,Safety Equipment,Safety Vests,3105,233.32,343.31
51853,Compact Modular Drawer System - 1613 lb,Storage,Modular Drawer System,3139,533.91,920.24
51854,Extra-Large Washer Assortment - 4865 lb,Fasteners,Washer Assortment,3079,593.07,904.3
51855,Industrial Washer Assortment,Fasteners,Washer Assortment,3168,224.62,315.99
51856,Heavy-Duty Hard Hats - M,Safety Equipment,Hard Hats,3122,53.09,84.61
51857,Premium Circuit Breaker,Electrical,Circuit Breaker,3186,405.15,592.02
51858,Reinforced Safety Goggles - 15 pc,Safety Equipment,Safety Goggles,3165,213.9,371.74
51859,Extra-Large Pallet Jack,Material Handling,Pallet Jack,3012,50.74,75.74
51860,Commercial-Grade Ear Protection - 35 pc,Safety Equipment,Ear Protection,3096,154.96,216.43
51861,Extra-Large Self-Tapping Screws - 4175 lb,Fasteners,Self-Tapping Screws,3067,45.83,75.37
51862,Industrial Pallet Jack - 3083 lb,Material Handling,Pallet Jack,3228,643.68,914.0
51863,Industrial Fall Protection Harness,Safety Equipment,Fall Protection Harness,3033,685.16,866.35
51864,Standard Hydraulic Jack - L,Tools,Hydraulic Jack,3107,726.65,975.28
51865,Industrial Cable Management Tray - 8 pc,Electrical,Cable Management Tray,3236,514.49,732.38
51866,Premium Safety Vests - M,Safety Equipment,Safety Vests,3195,132.3,177.35
51867,Multi-Pack Degreaser Concentrate - XL,Cleaning & Facility,Degreaser Concentrate,3099,650.06,1011.91
51868,Heavy-Duty Hard Hats,Safety Equipment,Hard Hats,3128,318.83,553.55
51869,Extra-Large Shipping Label Printer,Packaging,Shipping Label Printer,3132,16.21,24.11
51870,Multi-Pack Rivet Kit - M,Fasteners,Rivet Kit,3091,492.64,833.17
51871,Industrial Industrial Mop - 10 pc,Cleaning & Facility,Industrial Mop,3108,725.35,1138.29
51872,Heavy-Duty Steel Shelving Unit,Storage,Steel Shelving Unit,3226,216.16,349.68
51873,Compact Trash Receptacle - 4922 lb,Cleaning & Facility,Trash Receptacle,3118,736.91,1117.26
51874,Commercial-Grade Cable Management Tray - L,Electrical,Cable Management Tray,3142,265.71,348.53
51875,Standard Tool Chest,Tools,Tool Chest,3065,30.11,51.86
51876,Standard Poly Mailer - 43 pc,Packaging,Poly Mailer,3216,629.71,1061.02
51877,Commercial-Grade Storage Bin - 11 pc,Storage,Storage Bin,3188,655.09,1020.23
51878,Heavy-Duty Microfiber Cloth Pack - XL,Cleaning & Facility,Microfiber Cloth Pack,3164,209.11,292.07
51879,Commercial-Grade Forklift Attachment,Material Handling,Forklift Attachment,3018,324.75,433.5
51880,Trash Receptacle - 5070 lb,Cleaning & Facility,Trash Receptacle,3065,818.1,1360.79
51881,Compact Cable Management Tray - S,Electrical,Cable Management Tray,3212,278.61,424.23
51882,Reinforced Utility Cart - 23 pc,Material Handling,Utility Cart,3220,13.5,22.67
51883,Heavy-Duty Storage Cabinet,Storage,Storage Cabinet,3215,246.11,419.0
51884,Commercial-Grade Self-Tapping Screws - 18 pc,Fasteners,Self-Tapping Screws,3211,224.99,329.33
51885,Extra-Large Hydraulic Jack - 640 lb,Tools,Hydraulic Jack,3180,513.74,698.03
51886,Standard Storage Bin,Storage,Storage Bin,3128,128.01,189.23
51887,Extra-Large Strapping Kit,Packaging,Strapping Kit,3131,363.76,561.34
51888,Reinforced Drum Handler - 2676 lb,Material Handling,Drum Handler,3122,493.43,649.56
51889,Multi-Pack Stackable Tote - M,Storage,Stackable Tote,3186,34.34,44.46
51890,Commercial-Grade Self-Tapping Screws,Fasteners,Self-Tapping Screws,3041,552.62,854.46
51891,Reinforced Impact Wrench,Tools,Impact Wrench,3209,426.72,617.02
51892,Compact Conveyor Roller,Material Handling,Conveyor Roller,3054,605.95,926.21
51893,Heavy-Duty Hand Truck - S,Material Handling,Hand Truck,3004,198.21,335.86
51894,Extra-Large Bulk Storage Container - 3655 lb,Storage,Bulk Storage Container,3130,100.52,171.39
51895,Heavy-Duty Degreaser Concentrate - 37 pc,Cleaning & Facility,Degreaser Concentrate,3023,163.79,236.16
51896,Compact Corrugated Shipping Box - L,Packaging,Corrugated Shipping Box,3130,546.24,706.03
51897,Industrial Fall Protection Harness - XL,Safety Equipment,Fall Protection Harness,3221,168.56,236.77
51898,Heavy-Duty Cable Management Tray,Electrical,Cable Management Tray,3234,390.39,634.7
51899,Standard Pallet Jack - 4919 lb,Material Handling,Pallet Jack,3005,373.87,481.27
51900,Premium First Aid Kits,Safety Equipment,First Aid Kits,3100,65.99,112.35
51901,Heavy-Duty LED Work Light - 47 pc,Electrical,LED Work Light,3082,4.84,7.13
51902,Reinforced Wire Shelving,Storage,Wire Shelving,3197,446.04,560.91
51903,Premium Angle Grinder - M,Tools,Angle Grinder,3144,323.41,521.6
51904,Premium Anchor Bolt Kit - XL,Fasteners,Anchor Bolt Kit,3133,460.56,704.2
51905,Extra-Large Wire Shelving - 41 pc,Storage,Wire Shelving,3109,29.43,48.6
51906,Multi-Pack Utility Cart - 3823 lb,Material Handling,Utility Cart,3032,23.29,36.04
51907,Commercial-Grade Hard Hats - 3036 lb,Safety Equipment,Hard Hats,3147,722.41,1130.95
51908,Forklift Attachment,Material Handling,Forklift Attachment,3146,647.73,1127.18
51909,Heavy-Duty Circuit Breaker,Electrical,Circuit Breaker,3117,269.6,466.05
51910,Industrial Degreaser Concentrate - 1230 lb,Cleaning & Facility,Degreaser Concentrate,3200,254.74,395.12
51911,Extra-Large Storage Bin,Storage,Storage Bin,3035,606.86,880.8
51912,Commercial-Grade Self-Tapping Screws - 5041 lb,Fasteners,Self-Tapping Screws,3115,286.46,442.24
51913,Standard Ear Protection,Safety Equipment,Ear Protection,3124,296.91,414.73
51914,Premium Respirator Masks - M,Safety Equipment,Respirator Masks,3127,110.44,186.07
51915,Safety Vests - S,Safety Equipment,Safety Vests,3104,786.8,1336.96
51916,Multi-Pack Corrugated Shipping Box - 15 pc,Packaging,Corrugated Shipping Box,3045,721.01,1070.7
51917,Reinforced Conveyor Roller,Material Handling,Conveyor Roller,3166,52.94,79.03
51918,Industrial Hand Truck - XL,Material Handling,Hand Truck,3241,844.66,1086.44
51919,Multi-Pack Commercial Extension Cord,Electrical,Commercial Extension Cord,3015,546.51,888.91
51920,Reinforced Storage Bin - L,Storage,Storage Bin,3027,717.81,1215.22
51921,Commercial-Grade Stackable Tote - 7 pc,Storage,Stackable Tote,3203,196.0,325.06
51922,Reinforced Industrial Mop,Cleaning & Facility,Industrial Mop,3151,394.9,653.49
51923,Cable Management Tray,Electrical,Cable Management Tray,3079,746.1,1146.76
51924,Industrial Cable Management Tray,Electrical,Cable Management Tray,3142,445.29,648.61
51925,Premium Hydraulic Jack - 10 pc,Tools,Hydraulic Jack,3029,239.7,356.22
51926,Reinforced Hex Bolt Set - 32 pc,Fasteners,Hex Bolt Set,3230,689.96,890.96
51927,Industrial Storage Bin - 4 pc,Storage,Storage Bin,3103,659.27,1042.96
51928,Commercial-Grade Socket Set - S,Tools,Socket Set,3186,825.3,1355.01
51929,Industrial Wire Connector Kit - 1340 lb,Electrical,Wire Connector Kit,3069,452.09,656.8
51930,Premium Hex Bolt Set,Fasteners,Hex Bolt Set,3064,188.91,303.93
51931,Extra-Large Shipping Label Printer - M,Packaging,Shipping Label Printer,3235,272.62,371.83
51932,Commercial-Grade Bubble Wrap Roll,Packaging,Bubble Wrap Roll,3070,380.63,560.35
51933,Standard First Aid Kits - 41 pc,Safety Equipment,First Aid Kits,3040,71.27,123.33
51934,Commercial-Grade Tool Chest,Tools,Tool Chest,3083,796.6,1355.14
51935,Multi-Pack Storage Bin,Storage,Storage Bin,3243,89.6,122.46
51936,Multi-Pack Storage Bin,Storage,Storage Bin,3180,123.98,204.9
51937,Degreaser Concentrate,Cleaning & Facility,Degreaser Concentrate,3235,347.28,541.93
51938,Industrial Torque Wrench Set,Tools,Torque Wrench Set,3046,759.4,1202.46
51939,Reinforced Trash Receptacle - L,Cleaning & Facility,Trash Receptacle,3179,731.43,1192.07
51940,Standard Hard Hats - S,Safety Equipment,Hard Hats,3204,770.86,1097.33
51941,Reinforced Bubble Wrap Roll - 4 pc,Packaging,Bubble Wrap Roll,3025,40.6,67.7
51942,Commercial-Grade Floor Scrubber Pads,Cleaning & Facility,Floor Scrubber Pads,3151,791.38,1269.49
51943,Cable Management Tray,Electrical,Cable Management Tray,3245,11.73,16.97
51944,Torque Wrench Set,Tools,Torque Wrench Set,3240,6.04,8.6
51945,Premium Safety Goggles - 34 pc,Safety Equipment,Safety Goggles,3160,58.02,88.27
51946,Standard Steel Shelving Unit - 36 pc,Storage,Steel Shelving Unit,3095,646.81,887.3
51947,Circuit Breaker,Electrical,Circuit Breaker,3145,53.72,93.04
51948,Premium Safety Vests,Safety Equipment,Safety Vests,3122,466.31,750.09
51949,Compact Corrugated Shipping Box - XL,Packaging,Corrugated Shipping Box,3169,610.15,1054.47
51950,Industrial Tool Chest - L,Tools,Tool Chest,3117,20.86,30.17
51951,Standard Anchor Bolt Kit - L,Fasteners,Anchor Bolt Kit,3018,539.24,897.41
51952,Premium Floor Scrubber Pads - 1165 lb,Cleaning & Facility,Floor Scrubber Pads,3137,158.96,207.11
51953,Reinforced Stretch Wrap Roll,Packaging,Stretch Wrap Roll,3202,598.13,792.36
51954,Standard Torque Wrench Set,Tools,Torque Wrench Set,3228,487.12,765.55
51955,Standard Hex Bolt Set,Fasteners,Hex Bolt Set,3064,473.97,690.58
51956,Commercial-Grade Cordless Drill - 3245 lb,Tools,Cordless Drill,3157,379.41,625.0
51957,Standard Ear Protection,Safety Equipment,Ear Protection,3082,672.2,1022.76
51958,Commercial-Grade Pallet Jack - 1472 lb,Material Handling,Pallet Jack,3061,42.8,73.9
51959,Anchor Bolt Kit - 31 pc,Fasteners,Anchor Bolt Kit,3118,444.24,572.57
51960,Reinforced Industrial Mop,Cleaning & Facility,Industrial Mop,3041,80.39,114.32
51961,Extra-Large Socket Set - 1648 lb,Tools,Socket Set,3165,596.41,795.69
51962,Standard Pallet Jack - 4792 lb,Material Handling,Pallet Jack,3144,615.34,980.36
51963,Heavy-Duty Wire Shelving - S,Storage,Wire Shelving,3140,456.83,646.94
51964,Reinforced Bulk Storage Container - 3899 lb,Storage,Bulk Storage Container,3097,145.27,231.76
51965,Standard Safety Vests,Safety Equipment,Safety Vests,3096,729.86,936.84
51966,Reinforced Conveyor Roller - 13 pc,Material Handling,Conveyor Roller,3221,284.28,480.73
51967,Extra-Large Hard Hats - M,Safety Equipment,Hard Hats,3054,4.53,6.06
51968,Commercial-Grade Shipping Label Printer,Packaging,Shipping Label Printer,3124,216.79,301.06
51969,Compact Poly Mailer,Packaging,Poly Mailer,3244,59.4,103.18
51970,Reinforced Power Strip - M,Electrical,Power Strip,3032,626.29,1012.96
51971,Safety Goggles - L,Safety Equipment,Safety Goggles,3112,725.04,953.64
51972,Commercial-Grade Trash Receptacle - S,Cleaning & Facility,Trash Receptacle,3033,38.57,63.19
51973,Standard Wire Shelving - 2176 lb,Storage,Wire Shelving,3211,170.3,270.96
51974,Reinforced Respirator Masks - 3843 lb,Safety Equipment,Respirator Masks,3024,304.73,518.51
51975,Heavy-Duty Impact Wrench,Tools,Impact Wrench,3208,79.4,126.35
51976,Industrial Wire Shelving - XL,Storage,Wire Shelving,3055,496.2,857.38
51977,Modular Drawer System - 17 pc,Storage,Modular Drawer System,3041,60.11,86.77
51978,Heavy-Duty Conveyor Roller - 3538 lb,Material Handling,Conveyor Roller,3103,15.34,19.6
51979,Premium Wire Connector Kit - 432 lb,Electrical,Wire Connector Kit,3039,201.47,291.53
51980,Extra-Large Storage Cabinet,Storage,Storage Cabinet,3195,260.16,362.53
51981,Packing Tape - XL,Packaging,Packing Tape,3048,583.23,905.37
51982,Premium Tool Chest,Tools,Tool Chest,3033,322.57,476.37
51983,Commercial-Grade Forklift Attachment - 9 pc,Material Handling,Forklift Attachment,3201,823.47,1134.63
51984,Standard Anchor Bolt Kit,Fasteners,Anchor Bolt Kit,3162,578.42,968.9
51985,Reinforced Fall Protection Harness - 5201 lb,Safety Equipment,Fall Protection Harness,3079,128.37,175.87
51986,Reinforced Bulk Storage Container - XL,Storage,Bulk Storage Container,3227,477.29,788.72
51987,Industrial Dock Plate,Material Handling,Dock Plate,3062,312.19,427.05
51988,Stretch Wrap Roll - 6 pc,Packaging,Stretch Wrap Roll,3103,721.62,1092.89
51989,Industrial Respirator Masks,Safety Equipment,Respirator Masks,3203,575.01,862.34
51990,Reinforced Degreaser Concentrate - 48 pc,Cleaning & Facility,Degreaser Concentrate,3061,805.13,1151.53
51991,Reinforced Self-Tapping Screws - 3319 lb,Fasteners,Self-Tapping Screws,3128,791.76,1225.11
51992,Premium Hex Bolt Set,Fasteners,Hex Bolt Set,3005,153.4,213.65
51993,Reinforced Respirator Masks - 34 pc,Safety Equipment,Respirator Masks,3036,160.41,232.52
51994,Reinforced LED Work Light - 2574 lb,Electrical,LED Work Light,3061,157.33,263.8
51995,Industrial Fall Protection Harness,Safety Equipment,Fall Protection Harness,3098,839.25,1160.55
51996,Industrial Modular Drawer System,Storage,Modular Drawer System,3229,497.45,683.45
51997,Heavy-Duty Forklift Attachment - L,Material Handling,Forklift Attachment,3145,611.62,781.6
51998,Multi-Pack Anchor Bolt Kit,Fasteners,Anchor Bolt Kit,3031,455.66,725.93
51999,Standard Microfiber Cloth Pack,Cleaning & Facility,Microfiber Cloth Pack,3023,315.32,480.7
